iso_code,country_name,year,le_medium,le_high,le_low,is_blue_zone,projection_source
AFG,Afghanistan,2024,66.13,66.68,65.58,0,trend_extrapolation_from_real_data
AFG,Afghanistan,2025,66.23,66.83,65.63,0,trend_extrapolation_from_real_data
AFG,Afghanistan,2026,66.33,66.98,65.68,0,trend_extrapolation_from_real_data
AFG,Afghanistan,2027,66.43,67.13,65.73,0,trend_extrapolation_from_real_data
AFG,Afghanistan,2028,66.53,67.28,65.78,0,trend_extrapolation_from_real_data
AFG,Afghanistan,2029,66.63,67.43,65.83,0,trend_extrapolation_from_real_data
AFG,Afghanistan,2030,66.73,67.58,65.88,0,trend_extrapolation_from_real_data
AFG,Afghanistan,2031,66.83,67.73,65.93,0,trend_extrapolation_from_real_data
AFG,Afghanistan,2032,66.93,67.88,65.98,0,trend_extrapolation_from_real_data
AFG,Afghanistan,2033,67.03,68.03,66.03,0,trend_extrapolation_from_real_data
AFG,Afghanistan,2034,67.13,68.18,66.08,0,trend_extrapolation_from_real_data
AFG,Afghanistan,2035,67.23,68.33,66.13,0,trend_extrapolation_from_real_data
AFG,Afghanistan,2036,67.33,68.48,66.18,0,trend_extrapolation_from_real_data
AFG,Afghanistan,2037,67.43,68.63,66.23,0,trend_extrapolation_from_real_data
AFG,Afghanistan,2038,67.53,68.78,66.28,0,trend_extrapolation_from_real_data
AFG,Afghanistan,2039,67.63,68.93,66.33,0,trend_extrapolation_from_real_data
AFG,Afghanistan,2040,67.73,69.08,66.38,0,trend_extrapolation_from_real_data
AFG,Afghanistan,2041,67.83,69.23,66.43,0,trend_extrapolation_from_real_data
AFG,Afghanistan,2042,67.92,69.37,66.47,0,trend_extrapolation_from_real_data
AFG,Afghanistan,2043,68.02,69.52,66.52,0,trend_extrapolation_from_real_data
AFG,Afghanistan,2044,68.12,69.67,66.57,0,trend_extrapolation_from_real_data
AFG,Afghanistan,2045,68.22,69.82,66.62,0,trend_extrapolation_from_real_data
AFG,Afghanistan,2046,68.32,69.97,66.67,0,trend_extrapolation_from_real_data
AFG,Afghanistan,2047,68.42,70.12,66.72,0,trend_extrapolation_from_real_data
AFG,Afghanistan,2048,68.52,70.27,66.77,0,trend_extrapolation_from_real_data
AFG,Afghanistan,2049,68.62,70.42,66.82,0,trend_extrapolation_from_real_data
AFG,Afghanistan,2050,68.72,70.57,66.87,0,trend_extrapolation_from_real_data
AFG,Afghanistan,2051,68.82,70.72,66.92,0,trend_extrapolation_from_real_data
AFG,Afghanistan,2052,68.92,70.87,66.97,0,trend_extrapolation_from_real_data
AFG,Afghanistan,2053,69.02,71.02,67.02,0,trend_extrapolation_from_real_data
AFG,Afghanistan,2054,69.12,71.17,67.07,0,trend_extrapolation_from_real_data
AFG,Afghanistan,2055,69.22,71.32,67.12,0,trend_extrapolation_from_real_data
AFG,Afghanistan,2056,69.32,71.47,67.17,0,trend_extrapolation_from_real_data
AFG,Afghanistan,2057,69.42,71.62,67.22,0,trend_extrapolation_from_real_data
AFG,Afghanistan,2058,69.52,71.77,67.27,0,trend_extrapolation_from_real_data
AFG,Afghanistan,2059,69.62,71.92,67.32,0,trend_extrapolation_from_real_data
AFG,Afghanistan,2060,69.72,72.07,67.37,0,trend_extrapolation_from_real_data
AFG,Afghanistan,2061,69.81,72.21,67.41,0,trend_extrapolation_from_real_data
AFG,Afghanistan,2062,69.91,72.36,67.46,0,trend_extrapolation_from_real_data
AFG,Afghanistan,2063,70.01,72.51,67.51,0,trend_extrapolation_from_real_data
AFG,Afghanistan,2064,70.11,72.66,67.56,0,trend_extrapolation_from_real_data
AFG,Afghanistan,2065,70.21,72.81,67.61,0,trend_extrapolation_from_real_data
AFG,Afghanistan,2066,70.31,72.96,67.66,0,trend_extrapolation_from_real_data
AFG,Afghanistan,2067,70.41,73.11,67.71,0,trend_extrapolation_from_real_data
AFG,Afghanistan,2068,70.51,73.26,67.76,0,trend_extrapolation_from_real_data
AFG,Afghanistan,2069,70.61,73.41,67.81,0,trend_extrapolation_from_real_data
AFG,Afghanistan,2070,70.71,73.56,67.86,0,trend_extrapolation_from_real_data
AFG,Afghanistan,2071,70.81,73.71,67.91,0,trend_extrapolation_from_real_data
AFG,Afghanistan,2072,70.91,73.86,67.96,0,trend_extrapolation_from_real_data
AFG,Afghanistan,2073,71.01,74.01,68.01,0,trend_extrapolation_from_real_data
AFG,Afghanistan,2074,71.11,74.16,68.06,0,trend_extrapolation_from_real_data
AFG,Afghanistan,2075,71.21,74.31,68.11,0,trend_extrapolation_from_real_data
AFG,Afghanistan,2076,71.31,74.46,68.16,0,trend_extrapolation_from_real_data
AFG,Afghanistan,2077,71.41,74.61,68.21,0,trend_extrapolation_from_real_data
AFG,Afghanistan,2078,71.51,74.76,68.26,0,trend_extrapolation_from_real_data
AFG,Afghanistan,2079,71.6,74.9,68.3,0,trend_extrapolation_from_real_data
AFG,Afghanistan,2080,71.7,75.05,68.35,0,trend_extrapolation_from_real_data
AFG,Afghanistan,2081,71.8,75.2,68.4,0,trend_extrapolation_from_real_data
AFG,Afghanistan,2082,71.9,75.35,68.45,0,trend_extrapolation_from_real_data
AFG,Afghanistan,2083,72.0,75.5,68.5,0,trend_extrapolation_from_real_data
AFG,Afghanistan,2084,72.1,75.65,68.55,0,trend_extrapolation_from_real_data
AFG,Afghanistan,2085,72.2,75.8,68.6,0,trend_extrapolation_from_real_data
AFG,Afghanistan,2086,72.3,75.95,68.65,0,trend_extrapolation_from_real_data
AFG,Afghanistan,2087,72.4,76.1,68.7,0,trend_extrapolation_from_real_data
AFG,Afghanistan,2088,72.5,76.25,68.75,0,trend_extrapolation_from_real_data
AFG,Afghanistan,2089,72.6,76.4,68.8,0,trend_extrapolation_from_real_data
AFG,Afghanistan,2090,72.7,76.55,68.85,0,trend_extrapolation_from_real_data
AFG,Afghanistan,2091,72.8,76.7,68.9,0,trend_extrapolation_from_real_data
AFG,Afghanistan,2092,72.9,76.85,68.95,0,trend_extrapolation_from_real_data
AFG,Afghanistan,2093,73.0,77.0,69.0,0,trend_extrapolation_from_real_data
AFG,Afghanistan,2094,73.1,77.15,69.05,0,trend_extrapolation_from_real_data
AFG,Afghanistan,2095,73.2,77.3,69.1,0,trend_extrapolation_from_real_data
AFG,Afghanistan,2096,73.3,77.45,69.15,0,trend_extrapolation_from_real_data
AFG,Afghanistan,2097,73.4,77.6,69.2,0,trend_extrapolation_from_real_data
AFG,Afghanistan,2098,73.49,77.74,69.24,0,trend_extrapolation_from_real_data
AFG,Afghanistan,2099,73.59,77.89,69.29,0,trend_extrapolation_from_real_data
AFG,Afghanistan,2100,73.69,78.04,69.34,0,trend_extrapolation_from_real_data
ALB,Albania,2024,79.62,80.17,79.07,0,trend_extrapolation_from_real_data
ALB,Albania,2025,79.64,80.24,79.04,0,trend_extrapolation_from_real_data
ALB,Albania,2026,79.66,80.31,79.01,0,trend_extrapolation_from_real_data
ALB,Albania,2027,79.68,80.38,78.98,0,trend_extrapolation_from_real_data
ALB,Albania,2028,79.7,80.45,78.95,0,trend_extrapolation_from_real_data
ALB,Albania,2029,79.72,80.52,78.92,0,trend_extrapolation_from_real_data
ALB,Albania,2030,79.74,80.59,78.89,0,trend_extrapolation_from_real_data
ALB,Albania,2031,79.76,80.66,78.86,0,trend_extrapolation_from_real_data
ALB,Albania,2032,79.78,80.73,78.83,0,trend_extrapolation_from_real_data
ALB,Albania,2033,79.8,80.8,78.8,0,trend_extrapolation_from_real_data
ALB,Albania,2034,79.82,80.87,78.77,0,trend_extrapolation_from_real_data
ALB,Albania,2035,79.84,80.94,78.74,0,trend_extrapolation_from_real_data
ALB,Albania,2036,79.86,81.01,78.71,0,trend_extrapolation_from_real_data
ALB,Albania,2037,79.88,81.08,78.68,0,trend_extrapolation_from_real_data
ALB,Albania,2038,79.9,81.15,78.65,0,trend_extrapolation_from_real_data
ALB,Albania,2039,79.91,81.21,78.61,0,trend_extrapolation_from_real_data
ALB,Albania,2040,79.93,81.28,78.58,0,trend_extrapolation_from_real_data
ALB,Albania,2041,79.95,81.35,78.55,0,trend_extrapolation_from_real_data
ALB,Albania,2042,79.97,81.42,78.52,0,trend_extrapolation_from_real_data
ALB,Albania,2043,79.99,81.49,78.49,0,trend_extrapolation_from_real_data
ALB,Albania,2044,80.01,81.56,78.46,0,trend_extrapolation_from_real_data
ALB,Albania,2045,80.03,81.63,78.43,0,trend_extrapolation_from_real_data
ALB,Albania,2046,80.05,81.7,78.4,0,trend_extrapolation_from_real_data
ALB,Albania,2047,80.07,81.77,78.37,0,trend_extrapolation_from_real_data
ALB,Albania,2048,80.09,81.84,78.34,0,trend_extrapolation_from_real_data
ALB,Albania,2049,80.11,81.91,78.31,0,trend_extrapolation_from_real_data
ALB,Albania,2050,80.13,81.98,78.28,0,trend_extrapolation_from_real_data
ALB,Albania,2051,80.15,82.05,78.25,0,trend_extrapolation_from_real_data
ALB,Albania,2052,80.17,82.12,78.22,0,trend_extrapolation_from_real_data
ALB,Albania,2053,80.19,82.19,78.19,0,trend_extrapolation_from_real_data
ALB,Albania,2054,80.21,82.26,78.16,0,trend_extrapolation_from_real_data
ALB,Albania,2055,80.23,82.33,78.13,0,trend_extrapolation_from_real_data
ALB,Albania,2056,80.25,82.4,78.1,0,trend_extrapolation_from_real_data
ALB,Albania,2057,80.27,82.47,78.07,0,trend_extrapolation_from_real_data
ALB,Albania,2058,80.29,82.54,78.04,0,trend_extrapolation_from_real_data
ALB,Albania,2059,80.31,82.61,78.01,0,trend_extrapolation_from_real_data
ALB,Albania,2060,80.33,82.68,77.98,0,trend_extrapolation_from_real_data
ALB,Albania,2061,80.34,82.74,77.94,0,trend_extrapolation_from_real_data
ALB,Albania,2062,80.36,82.81,77.91,0,trend_extrapolation_from_real_data
ALB,Albania,2063,80.38,82.88,77.88,0,trend_extrapolation_from_real_data
ALB,Albania,2064,80.4,82.95,77.85,0,trend_extrapolation_from_real_data
ALB,Albania,2065,80.42,83.02,77.82,0,trend_extrapolation_from_real_data
ALB,Albania,2066,80.44,83.09,77.79,0,trend_extrapolation_from_real_data
ALB,Albania,2067,80.46,83.16,77.76,0,trend_extrapolation_from_real_data
ALB,Albania,2068,80.48,83.23,77.73,0,trend_extrapolation_from_real_data
ALB,Albania,2069,80.5,83.3,77.7,0,trend_extrapolation_from_real_data
ALB,Albania,2070,80.52,83.37,77.67,0,trend_extrapolation_from_real_data
ALB,Albania,2071,80.54,83.44,77.64,0,trend_extrapolation_from_real_data
ALB,Albania,2072,80.56,83.51,77.61,0,trend_extrapolation_from_real_data
ALB,Albania,2073,80.58,83.58,77.58,0,trend_extrapolation_from_real_data
ALB,Albania,2074,80.6,83.65,77.55,0,trend_extrapolation_from_real_data
ALB,Albania,2075,80.62,83.72,77.52,0,trend_extrapolation_from_real_data
ALB,Albania,2076,80.64,83.79,77.49,0,trend_extrapolation_from_real_data
ALB,Albania,2077,80.66,83.86,77.46,0,trend_extrapolation_from_real_data
ALB,Albania,2078,80.68,83.93,77.43,0,trend_extrapolation_from_real_data
ALB,Albania,2079,80.7,84.0,77.4,0,trend_extrapolation_from_real_data
ALB,Albania,2080,80.72,84.07,77.37,0,trend_extrapolation_from_real_data
ALB,Albania,2081,80.74,84.14,77.34,0,trend_extrapolation_from_real_data
ALB,Albania,2082,80.76,84.21,77.31,0,trend_extrapolation_from_real_data
ALB,Albania,2083,80.77,84.27,77.27,0,trend_extrapolation_from_real_data
ALB,Albania,2084,80.79,84.34,77.24,0,trend_extrapolation_from_real_data
ALB,Albania,2085,80.81,84.41,77.21,0,trend_extrapolation_from_real_data
ALB,Albania,2086,80.83,84.48,77.18,0,trend_extrapolation_from_real_data
ALB,Albania,2087,80.85,84.55,77.15,0,trend_extrapolation_from_real_data
ALB,Albania,2088,80.87,84.62,77.12,0,trend_extrapolation_from_real_data
ALB,Albania,2089,80.89,84.69,77.09,0,trend_extrapolation_from_real_data
ALB,Albania,2090,80.91,84.76,77.06,0,trend_extrapolation_from_real_data
ALB,Albania,2091,80.93,84.83,77.03,0,trend_extrapolation_from_real_data
ALB,Albania,2092,80.95,84.9,77.0,0,trend_extrapolation_from_real_data
ALB,Albania,2093,80.97,84.97,76.97,0,trend_extrapolation_from_real_data
ALB,Albania,2094,80.99,85.04,76.94,0,trend_extrapolation_from_real_data
ALB,Albania,2095,81.01,85.11,76.91,0,trend_extrapolation_from_real_data
ALB,Albania,2096,81.03,85.18,76.88,0,trend_extrapolation_from_real_data
ALB,Albania,2097,81.05,85.25,76.85,0,trend_extrapolation_from_real_data
ALB,Albania,2098,81.07,85.32,76.82,0,trend_extrapolation_from_real_data
ALB,Albania,2099,81.09,85.39,76.79,0,trend_extrapolation_from_real_data
ALB,Albania,2100,81.11,85.46,76.76,0,trend_extrapolation_from_real_data
ARG,Argentina,2024,77.41,77.96,76.86,0,trend_extrapolation_from_real_data
ARG,Argentina,2025,77.42,78.02,76.82,0,trend_extrapolation_from_real_data
ARG,Argentina,2026,77.44,78.09,76.79,0,trend_extrapolation_from_real_data
ARG,Argentina,2027,77.45,78.15,76.75,0,trend_extrapolation_from_real_data
ARG,Argentina,2028,77.47,78.22,76.72,0,trend_extrapolation_from_real_data
ARG,Argentina,2029,77.48,78.28,76.68,0,trend_extrapolation_from_real_data
ARG,Argentina,2030,77.49,78.34,76.64,0,trend_extrapolation_from_real_data
ARG,Argentina,2031,77.51,78.41,76.61,0,trend_extrapolation_from_real_data
ARG,Argentina,2032,77.52,78.47,76.57,0,trend_extrapolation_from_real_data
ARG,Argentina,2033,77.54,78.54,76.54,0,trend_extrapolation_from_real_data
ARG,Argentina,2034,77.55,78.6,76.5,0,trend_extrapolation_from_real_data
ARG,Argentina,2035,77.57,78.67,76.47,0,trend_extrapolation_from_real_data
ARG,Argentina,2036,77.58,78.73,76.43,0,trend_extrapolation_from_real_data
ARG,Argentina,2037,77.59,78.79,76.39,0,trend_extrapolation_from_real_data
ARG,Argentina,2038,77.61,78.86,76.36,0,trend_extrapolation_from_real_data
ARG,Argentina,2039,77.62,78.92,76.32,0,trend_extrapolation_from_real_data
ARG,Argentina,2040,77.64,78.99,76.29,0,trend_extrapolation_from_real_data
ARG,Argentina,2041,77.65,79.05,76.25,0,trend_extrapolation_from_real_data
ARG,Argentina,2042,77.66,79.11,76.21,0,trend_extrapolation_from_real_data
ARG,Argentina,2043,77.68,79.18,76.18,0,trend_extrapolation_from_real_data
ARG,Argentina,2044,77.69,79.24,76.14,0,trend_extrapolation_from_real_data
ARG,Argentina,2045,77.71,79.31,76.11,0,trend_extrapolation_from_real_data
ARG,Argentina,2046,77.72,79.37,76.07,0,trend_extrapolation_from_real_data
ARG,Argentina,2047,77.74,79.44,76.04,0,trend_extrapolation_from_real_data
ARG,Argentina,2048,77.75,79.5,76.0,0,trend_extrapolation_from_real_data
ARG,Argentina,2049,77.76,79.56,75.96,0,trend_extrapolation_from_real_data
ARG,Argentina,2050,77.78,79.63,75.93,0,trend_extrapolation_from_real_data
ARG,Argentina,2051,77.79,79.69,75.89,0,trend_extrapolation_from_real_data
ARG,Argentina,2052,77.81,79.76,75.86,0,trend_extrapolation_from_real_data
ARG,Argentina,2053,77.82,79.82,75.82,0,trend_extrapolation_from_real_data
ARG,Argentina,2054,77.83,79.88,75.78,0,trend_extrapolation_from_real_data
ARG,Argentina,2055,77.85,79.95,75.75,0,trend_extrapolation_from_real_data
ARG,Argentina,2056,77.86,80.01,75.71,0,trend_extrapolation_from_real_data
ARG,Argentina,2057,77.88,80.08,75.68,0,trend_extrapolation_from_real_data
ARG,Argentina,2058,77.89,80.14,75.64,0,trend_extrapolation_from_real_data
ARG,Argentina,2059,77.91,80.21,75.61,0,trend_extrapolation_from_real_data
ARG,Argentina,2060,77.92,80.27,75.57,0,trend_extrapolation_from_real_data
ARG,Argentina,2061,77.93,80.33,75.53,0,trend_extrapolation_from_real_data
ARG,Argentina,2062,77.95,80.4,75.5,0,trend_extrapolation_from_real_data
ARG,Argentina,2063,77.96,80.46,75.46,0,trend_extrapolation_from_real_data
ARG,Argentina,2064,77.98,80.53,75.43,0,trend_extrapolation_from_real_data
ARG,Argentina,2065,77.99,80.59,75.39,0,trend_extrapolation_from_real_data
ARG,Argentina,2066,78.0,80.65,75.35,0,trend_extrapolation_from_real_data
ARG,Argentina,2067,78.02,80.72,75.32,0,trend_extrapolation_from_real_data
ARG,Argentina,2068,78.03,80.78,75.28,0,trend_extrapolation_from_real_data
ARG,Argentina,2069,78.05,80.85,75.25,0,trend_extrapolation_from_real_data
ARG,Argentina,2070,78.06,80.91,75.21,0,trend_extrapolation_from_real_data
ARG,Argentina,2071,78.08,80.98,75.18,0,trend_extrapolation_from_real_data
ARG,Argentina,2072,78.09,81.04,75.14,0,trend_extrapolation_from_real_data
ARG,Argentina,2073,78.1,81.1,75.1,0,trend_extrapolation_from_real_data
ARG,Argentina,2074,78.12,81.17,75.07,0,trend_extrapolation_from_real_data
ARG,Argentina,2075,78.13,81.23,75.03,0,trend_extrapolation_from_real_data
ARG,Argentina,2076,78.15,81.3,75.0,0,trend_extrapolation_from_real_data
ARG,Argentina,2077,78.16,81.36,74.96,0,trend_extrapolation_from_real_data
ARG,Argentina,2078,78.17,81.42,74.92,0,trend_extrapolation_from_real_data
ARG,Argentina,2079,78.19,81.49,74.89,0,trend_extrapolation_from_real_data
ARG,Argentina,2080,78.2,81.55,74.85,0,trend_extrapolation_from_real_data
ARG,Argentina,2081,78.22,81.62,74.82,0,trend_extrapolation_from_real_data
ARG,Argentina,2082,78.23,81.68,74.78,0,trend_extrapolation_from_real_data
ARG,Argentina,2083,78.25,81.75,74.75,0,trend_extrapolation_from_real_data
ARG,Argentina,2084,78.26,81.81,74.71,0,trend_extrapolation_from_real_data
ARG,Argentina,2085,78.27,81.87,74.67,0,trend_extrapolation_from_real_data
ARG,Argentina,2086,78.29,81.94,74.64,0,trend_extrapolation_from_real_data
ARG,Argentina,2087,78.3,82.0,74.6,0,trend_extrapolation_from_real_data
ARG,Argentina,2088,78.32,82.07,74.57,0,trend_extrapolation_from_real_data
ARG,Argentina,2089,78.33,82.13,74.53,0,trend_extrapolation_from_real_data
ARG,Argentina,2090,78.35,82.2,74.5,0,trend_extrapolation_from_real_data
ARG,Argentina,2091,78.36,82.26,74.46,0,trend_extrapolation_from_real_data
ARG,Argentina,2092,78.37,82.32,74.42,0,trend_extrapolation_from_real_data
ARG,Argentina,2093,78.39,82.39,74.39,0,trend_extrapolation_from_real_data
ARG,Argentina,2094,78.4,82.45,74.35,0,trend_extrapolation_from_real_data
ARG,Argentina,2095,78.42,82.52,74.32,0,trend_extrapolation_from_real_data
ARG,Argentina,2096,78.43,82.58,74.28,0,trend_extrapolation_from_real_data
ARG,Argentina,2097,78.44,82.64,74.24,0,trend_extrapolation_from_real_data
ARG,Argentina,2098,78.46,82.71,74.21,0,trend_extrapolation_from_real_data
ARG,Argentina,2099,78.47,82.77,74.17,0,trend_extrapolation_from_real_data
ARG,Argentina,2100,78.49,82.84,74.14,0,trend_extrapolation_from_real_data
AUS,Australia,2024,83.07,83.62,82.52,0,trend_extrapolation_from_real_data
AUS,Australia,2025,83.09,83.69,82.49,0,trend_extrapolation_from_real_data
AUS,Australia,2026,83.11,83.76,82.46,0,trend_extrapolation_from_real_data
AUS,Australia,2027,83.12,83.82,82.42,0,trend_extrapolation_from_real_data
AUS,Australia,2028,83.14,83.89,82.39,0,trend_extrapolation_from_real_data
AUS,Australia,2029,83.16,83.96,82.36,0,trend_extrapolation_from_real_data
AUS,Australia,2030,83.18,84.03,82.33,0,trend_extrapolation_from_real_data
AUS,Australia,2031,83.2,84.1,82.3,0,trend_extrapolation_from_real_data
AUS,Australia,2032,83.21,84.16,82.26,0,trend_extrapolation_from_real_data
AUS,Australia,2033,83.23,84.23,82.23,0,trend_extrapolation_from_real_data
AUS,Australia,2034,83.25,84.3,82.2,0,trend_extrapolation_from_real_data
AUS,Australia,2035,83.27,84.37,82.17,0,trend_extrapolation_from_real_data
AUS,Australia,2036,83.29,84.44,82.14,0,trend_extrapolation_from_real_data
AUS,Australia,2037,83.31,84.51,82.11,0,trend_extrapolation_from_real_data
AUS,Australia,2038,83.32,84.57,82.07,0,trend_extrapolation_from_real_data
AUS,Australia,2039,83.34,84.64,82.04,0,trend_extrapolation_from_real_data
AUS,Australia,2040,83.36,84.71,82.01,0,trend_extrapolation_from_real_data
AUS,Australia,2041,83.38,84.78,81.98,0,trend_extrapolation_from_real_data
AUS,Australia,2042,83.4,84.85,81.95,0,trend_extrapolation_from_real_data
AUS,Australia,2043,83.41,84.91,81.91,0,trend_extrapolation_from_real_data
AUS,Australia,2044,83.43,84.98,81.88,0,trend_extrapolation_from_real_data
AUS,Australia,2045,83.45,85.05,81.85,0,trend_extrapolation_from_real_data
AUS,Australia,2046,83.47,85.12,81.82,0,trend_extrapolation_from_real_data
AUS,Australia,2047,83.49,85.19,81.79,0,trend_extrapolation_from_real_data
AUS,Australia,2048,83.5,85.25,81.75,0,trend_extrapolation_from_real_data
AUS,Australia,2049,83.52,85.32,81.72,0,trend_extrapolation_from_real_data
AUS,Australia,2050,83.54,85.39,81.69,0,trend_extrapolation_from_real_data
AUS,Australia,2051,83.56,85.46,81.66,0,trend_extrapolation_from_real_data
AUS,Australia,2052,83.58,85.53,81.63,0,trend_extrapolation_from_real_data
AUS,Australia,2053,83.6,85.6,81.6,0,trend_extrapolation_from_real_data
AUS,Australia,2054,83.61,85.66,81.56,0,trend_extrapolation_from_real_data
AUS,Australia,2055,83.63,85.73,81.53,0,trend_extrapolation_from_real_data
AUS,Australia,2056,83.65,85.8,81.5,0,trend_extrapolation_from_real_data
AUS,Australia,2057,83.67,85.87,81.47,0,trend_extrapolation_from_real_data
AUS,Australia,2058,83.69,85.94,81.44,0,trend_extrapolation_from_real_data
AUS,Australia,2059,83.7,86.0,81.4,0,trend_extrapolation_from_real_data
AUS,Australia,2060,83.72,86.07,81.37,0,trend_extrapolation_from_real_data
AUS,Australia,2061,83.74,86.14,81.34,0,trend_extrapolation_from_real_data
AUS,Australia,2062,83.76,86.21,81.31,0,trend_extrapolation_from_real_data
AUS,Australia,2063,83.78,86.28,81.28,0,trend_extrapolation_from_real_data
AUS,Australia,2064,83.79,86.34,81.24,0,trend_extrapolation_from_real_data
AUS,Australia,2065,83.81,86.41,81.21,0,trend_extrapolation_from_real_data
AUS,Australia,2066,83.83,86.48,81.18,0,trend_extrapolation_from_real_data
AUS,Australia,2067,83.85,86.55,81.15,0,trend_extrapolation_from_real_data
AUS,Australia,2068,83.87,86.62,81.12,0,trend_extrapolation_from_real_data
AUS,Australia,2069,83.89,86.69,81.09,0,trend_extrapolation_from_real_data
AUS,Australia,2070,83.9,86.75,81.05,0,trend_extrapolation_from_real_data
AUS,Australia,2071,83.92,86.82,81.02,0,trend_extrapolation_from_real_data
AUS,Australia,2072,83.94,86.89,80.99,0,trend_extrapolation_from_real_data
AUS,Australia,2073,83.96,86.96,80.96,0,trend_extrapolation_from_real_data
AUS,Australia,2074,83.98,87.03,80.93,0,trend_extrapolation_from_real_data
AUS,Australia,2075,83.99,87.09,80.89,0,trend_extrapolation_from_real_data
AUS,Australia,2076,84.01,87.16,80.86,0,trend_extrapolation_from_real_data
AUS,Australia,2077,84.03,87.23,80.83,0,trend_extrapolation_from_real_data
AUS,Australia,2078,84.05,87.3,80.8,0,trend_extrapolation_from_real_data
AUS,Australia,2079,84.07,87.37,80.77,0,trend_extrapolation_from_real_data
AUS,Australia,2080,84.09,87.44,80.74,0,trend_extrapolation_from_real_data
AUS,Australia,2081,84.1,87.5,80.7,0,trend_extrapolation_from_real_data
AUS,Australia,2082,84.12,87.57,80.67,0,trend_extrapolation_from_real_data
AUS,Australia,2083,84.14,87.64,80.64,0,trend_extrapolation_from_real_data
AUS,Australia,2084,84.16,87.71,80.61,0,trend_extrapolation_from_real_data
AUS,Australia,2085,84.18,87.78,80.58,0,trend_extrapolation_from_real_data
AUS,Australia,2086,84.19,87.84,80.54,0,trend_extrapolation_from_real_data
AUS,Australia,2087,84.21,87.91,80.51,0,trend_extrapolation_from_real_data
AUS,Australia,2088,84.23,87.98,80.48,0,trend_extrapolation_from_real_data
AUS,Australia,2089,84.25,88.05,80.45,0,trend_extrapolation_from_real_data
AUS,Australia,2090,84.27,88.12,80.42,0,trend_extrapolation_from_real_data
AUS,Australia,2091,84.28,88.18,80.38,0,trend_extrapolation_from_real_data
AUS,Australia,2092,84.3,88.25,80.35,0,trend_extrapolation_from_real_data
AUS,Australia,2093,84.32,88.32,80.32,0,trend_extrapolation_from_real_data
AUS,Australia,2094,84.34,88.39,80.29,0,trend_extrapolation_from_real_data
AUS,Australia,2095,84.36,88.46,80.26,0,trend_extrapolation_from_real_data
AUS,Australia,2096,84.38,88.53,80.23,0,trend_extrapolation_from_real_data
AUS,Australia,2097,84.39,88.59,80.19,0,trend_extrapolation_from_real_data
AUS,Australia,2098,84.41,88.66,80.16,0,trend_extrapolation_from_real_data
AUS,Australia,2099,84.43,88.73,80.13,0,trend_extrapolation_from_real_data
AUS,Australia,2100,84.45,88.8,80.1,0,trend_extrapolation_from_real_data
AUT,Austria,2024,81.56,82.11,81.01,0,trend_extrapolation_from_real_data
AUT,Austria,2025,81.58,82.18,80.98,0,trend_extrapolation_from_real_data
AUT,Austria,2026,81.6,82.25,80.95,0,trend_extrapolation_from_real_data
AUT,Austria,2027,81.61,82.31,80.91,0,trend_extrapolation_from_real_data
AUT,Austria,2028,81.63,82.38,80.88,0,trend_extrapolation_from_real_data
AUT,Austria,2029,81.65,82.45,80.85,0,trend_extrapolation_from_real_data
AUT,Austria,2030,81.67,82.52,80.82,0,trend_extrapolation_from_real_data
AUT,Austria,2031,81.69,82.59,80.79,0,trend_extrapolation_from_real_data
AUT,Austria,2032,81.7,82.65,80.75,0,trend_extrapolation_from_real_data
AUT,Austria,2033,81.72,82.72,80.72,0,trend_extrapolation_from_real_data
AUT,Austria,2034,81.74,82.79,80.69,0,trend_extrapolation_from_real_data
AUT,Austria,2035,81.76,82.86,80.66,0,trend_extrapolation_from_real_data
AUT,Austria,2036,81.78,82.93,80.63,0,trend_extrapolation_from_real_data
AUT,Austria,2037,81.79,82.99,80.59,0,trend_extrapolation_from_real_data
AUT,Austria,2038,81.81,83.06,80.56,0,trend_extrapolation_from_real_data
AUT,Austria,2039,81.83,83.13,80.53,0,trend_extrapolation_from_real_data
AUT,Austria,2040,81.85,83.2,80.5,0,trend_extrapolation_from_real_data
AUT,Austria,2041,81.87,83.27,80.47,0,trend_extrapolation_from_real_data
AUT,Austria,2042,81.88,83.33,80.43,0,trend_extrapolation_from_real_data
AUT,Austria,2043,81.9,83.4,80.4,0,trend_extrapolation_from_real_data
AUT,Austria,2044,81.92,83.47,80.37,0,trend_extrapolation_from_real_data
AUT,Austria,2045,81.94,83.54,80.34,0,trend_extrapolation_from_real_data
AUT,Austria,2046,81.96,83.61,80.31,0,trend_extrapolation_from_real_data
AUT,Austria,2047,81.97,83.67,80.27,0,trend_extrapolation_from_real_data
AUT,Austria,2048,81.99,83.74,80.24,0,trend_extrapolation_from_real_data
AUT,Austria,2049,82.01,83.81,80.21,0,trend_extrapolation_from_real_data
AUT,Austria,2050,82.03,83.88,80.18,0,trend_extrapolation_from_real_data
AUT,Austria,2051,82.05,83.95,80.15,0,trend_extrapolation_from_real_data
AUT,Austria,2052,82.07,84.02,80.12,0,trend_extrapolation_from_real_data
AUT,Austria,2053,82.08,84.08,80.08,0,trend_extrapolation_from_real_data
AUT,Austria,2054,82.1,84.15,80.05,0,trend_extrapolation_from_real_data
AUT,Austria,2055,82.12,84.22,80.02,0,trend_extrapolation_from_real_data
AUT,Austria,2056,82.14,84.29,79.99,0,trend_extrapolation_from_real_data
AUT,Austria,2057,82.16,84.36,79.96,0,trend_extrapolation_from_real_data
AUT,Austria,2058,82.17,84.42,79.92,0,trend_extrapolation_from_real_data
AUT,Austria,2059,82.19,84.49,79.89,0,trend_extrapolation_from_real_data
AUT,Austria,2060,82.21,84.56,79.86,0,trend_extrapolation_from_real_data
AUT,Austria,2061,82.23,84.63,79.83,0,trend_extrapolation_from_real_data
AUT,Austria,2062,82.25,84.7,79.8,0,trend_extrapolation_from_real_data
AUT,Austria,2063,82.26,84.76,79.76,0,trend_extrapolation_from_real_data
AUT,Austria,2064,82.28,84.83,79.73,0,trend_extrapolation_from_real_data
AUT,Austria,2065,82.3,84.9,79.7,0,trend_extrapolation_from_real_data
AUT,Austria,2066,82.32,84.97,79.67,0,trend_extrapolation_from_real_data
AUT,Austria,2067,82.34,85.04,79.64,0,trend_extrapolation_from_real_data
AUT,Austria,2068,82.35,85.1,79.6,0,trend_extrapolation_from_real_data
AUT,Austria,2069,82.37,85.17,79.57,0,trend_extrapolation_from_real_data
AUT,Austria,2070,82.39,85.24,79.54,0,trend_extrapolation_from_real_data
AUT,Austria,2071,82.41,85.31,79.51,0,trend_extrapolation_from_real_data
AUT,Austria,2072,82.43,85.38,79.48,0,trend_extrapolation_from_real_data
AUT,Austria,2073,82.44,85.44,79.44,0,trend_extrapolation_from_real_data
AUT,Austria,2074,82.46,85.51,79.41,0,trend_extrapolation_from_real_data
AUT,Austria,2075,82.48,85.58,79.38,0,trend_extrapolation_from_real_data
AUT,Austria,2076,82.5,85.65,79.35,0,trend_extrapolation_from_real_data
AUT,Austria,2077,82.52,85.72,79.32,0,trend_extrapolation_from_real_data
AUT,Austria,2078,82.53,85.78,79.28,0,trend_extrapolation_from_real_data
AUT,Austria,2079,82.55,85.85,79.25,0,trend_extrapolation_from_real_data
AUT,Austria,2080,82.57,85.92,79.22,0,trend_extrapolation_from_real_data
AUT,Austria,2081,82.59,85.99,79.19,0,trend_extrapolation_from_real_data
AUT,Austria,2082,82.61,86.06,79.16,0,trend_extrapolation_from_real_data
AUT,Austria,2083,82.63,86.13,79.13,0,trend_extrapolation_from_real_data
AUT,Austria,2084,82.64,86.19,79.09,0,trend_extrapolation_from_real_data
AUT,Austria,2085,82.66,86.26,79.06,0,trend_extrapolation_from_real_data
AUT,Austria,2086,82.68,86.33,79.03,0,trend_extrapolation_from_real_data
AUT,Austria,2087,82.7,86.4,79.0,0,trend_extrapolation_from_real_data
AUT,Austria,2088,82.72,86.47,78.97,0,trend_extrapolation_from_real_data
AUT,Austria,2089,82.73,86.53,78.93,0,trend_extrapolation_from_real_data
AUT,Austria,2090,82.75,86.6,78.9,0,trend_extrapolation_from_real_data
AUT,Austria,2091,82.77,86.67,78.87,0,trend_extrapolation_from_real_data
AUT,Austria,2092,82.79,86.74,78.84,0,trend_extrapolation_from_real_data
AUT,Austria,2093,82.81,86.81,78.81,0,trend_extrapolation_from_real_data
AUT,Austria,2094,82.82,86.87,78.77,0,trend_extrapolation_from_real_data
AUT,Austria,2095,82.84,86.94,78.74,0,trend_extrapolation_from_real_data
AUT,Austria,2096,82.86,87.01,78.71,0,trend_extrapolation_from_real_data
AUT,Austria,2097,82.88,87.08,78.68,0,trend_extrapolation_from_real_data
AUT,Austria,2098,82.9,87.15,78.65,0,trend_extrapolation_from_real_data
AUT,Austria,2099,82.91,87.21,78.61,0,trend_extrapolation_from_real_data
AUT,Austria,2100,82.93,87.28,78.58,0,trend_extrapolation_from_real_data
BEL,Belgium,2024,82.42,82.97,81.87,0,trend_extrapolation_from_real_data
BEL,Belgium,2025,82.44,83.04,81.84,0,trend_extrapolation_from_real_data
BEL,Belgium,2026,82.47,83.12,81.82,0,trend_extrapolation_from_real_data
BEL,Belgium,2027,82.49,83.19,81.79,0,trend_extrapolation_from_real_data
BEL,Belgium,2028,82.51,83.26,81.76,0,trend_extrapolation_from_real_data
BEL,Belgium,2029,82.54,83.34,81.74,0,trend_extrapolation_from_real_data
BEL,Belgium,2030,82.56,83.41,81.71,0,trend_extrapolation_from_real_data
BEL,Belgium,2031,82.58,83.48,81.68,0,trend_extrapolation_from_real_data
BEL,Belgium,2032,82.61,83.56,81.66,0,trend_extrapolation_from_real_data
BEL,Belgium,2033,82.63,83.63,81.63,0,trend_extrapolation_from_real_data
BEL,Belgium,2034,82.65,83.7,81.6,0,trend_extrapolation_from_real_data
BEL,Belgium,2035,82.68,83.78,81.58,0,trend_extrapolation_from_real_data
BEL,Belgium,2036,82.7,83.85,81.55,0,trend_extrapolation_from_real_data
BEL,Belgium,2037,82.72,83.92,81.52,0,trend_extrapolation_from_real_data
BEL,Belgium,2038,82.74,83.99,81.49,0,trend_extrapolation_from_real_data
BEL,Belgium,2039,82.77,84.07,81.47,0,trend_extrapolation_from_real_data
BEL,Belgium,2040,82.79,84.14,81.44,0,trend_extrapolation_from_real_data
BEL,Belgium,2041,82.81,84.21,81.41,0,trend_extrapolation_from_real_data
BEL,Belgium,2042,82.84,84.29,81.39,0,trend_extrapolation_from_real_data
BEL,Belgium,2043,82.86,84.36,81.36,0,trend_extrapolation_from_real_data
BEL,Belgium,2044,82.88,84.43,81.33,0,trend_extrapolation_from_real_data
BEL,Belgium,2045,82.91,84.51,81.31,0,trend_extrapolation_from_real_data
BEL,Belgium,2046,82.93,84.58,81.28,0,trend_extrapolation_from_real_data
BEL,Belgium,2047,82.95,84.65,81.25,0,trend_extrapolation_from_real_data
BEL,Belgium,2048,82.98,84.73,81.23,0,trend_extrapolation_from_real_data
BEL,Belgium,2049,83.0,84.8,81.2,0,trend_extrapolation_from_real_data
BEL,Belgium,2050,83.02,84.87,81.17,0,trend_extrapolation_from_real_data
BEL,Belgium,2051,83.05,84.95,81.15,0,trend_extrapolation_from_real_data
BEL,Belgium,2052,83.07,85.02,81.12,0,trend_extrapolation_from_real_data
BEL,Belgium,2053,83.09,85.09,81.09,0,trend_extrapolation_from_real_data
BEL,Belgium,2054,83.12,85.17,81.07,0,trend_extrapolation_from_real_data
BEL,Belgium,2055,83.14,85.24,81.04,0,trend_extrapolation_from_real_data
BEL,Belgium,2056,83.16,85.31,81.01,0,trend_extrapolation_from_real_data
BEL,Belgium,2057,83.18,85.38,80.98,0,trend_extrapolation_from_real_data
BEL,Belgium,2058,83.21,85.46,80.96,0,trend_extrapolation_from_real_data
BEL,Belgium,2059,83.23,85.53,80.93,0,trend_extrapolation_from_real_data
BEL,Belgium,2060,83.25,85.6,80.9,0,trend_extrapolation_from_real_data
BEL,Belgium,2061,83.28,85.68,80.88,0,trend_extrapolation_from_real_data
BEL,Belgium,2062,83.3,85.75,80.85,0,trend_extrapolation_from_real_data
BEL,Belgium,2063,83.32,85.82,80.82,0,trend_extrapolation_from_real_data
BEL,Belgium,2064,83.35,85.9,80.8,0,trend_extrapolation_from_real_data
BEL,Belgium,2065,83.37,85.97,80.77,0,trend_extrapolation_from_real_data
BEL,Belgium,2066,83.39,86.04,80.74,0,trend_extrapolation_from_real_data
BEL,Belgium,2067,83.42,86.12,80.72,0,trend_extrapolation_from_real_data
BEL,Belgium,2068,83.44,86.19,80.69,0,trend_extrapolation_from_real_data
BEL,Belgium,2069,83.46,86.26,80.66,0,trend_extrapolation_from_real_data
BEL,Belgium,2070,83.49,86.34,80.64,0,trend_extrapolation_from_real_data
BEL,Belgium,2071,83.51,86.41,80.61,0,trend_extrapolation_from_real_data
BEL,Belgium,2072,83.53,86.48,80.58,0,trend_extrapolation_from_real_data
BEL,Belgium,2073,83.56,86.56,80.56,0,trend_extrapolation_from_real_data
BEL,Belgium,2074,83.58,86.63,80.53,0,trend_extrapolation_from_real_data
BEL,Belgium,2075,83.6,86.7,80.5,0,trend_extrapolation_from_real_data
BEL,Belgium,2076,83.62,86.77,80.47,0,trend_extrapolation_from_real_data
BEL,Belgium,2077,83.65,86.85,80.45,0,trend_extrapolation_from_real_data
BEL,Belgium,2078,83.67,86.92,80.42,0,trend_extrapolation_from_real_data
BEL,Belgium,2079,83.69,86.99,80.39,0,trend_extrapolation_from_real_data
BEL,Belgium,2080,83.72,87.07,80.37,0,trend_extrapolation_from_real_data
BEL,Belgium,2081,83.74,87.14,80.34,0,trend_extrapolation_from_real_data
BEL,Belgium,2082,83.76,87.21,80.31,0,trend_extrapolation_from_real_data
BEL,Belgium,2083,83.79,87.29,80.29,0,trend_extrapolation_from_real_data
BEL,Belgium,2084,83.81,87.36,80.26,0,trend_extrapolation_from_real_data
BEL,Belgium,2085,83.83,87.43,80.23,0,trend_extrapolation_from_real_data
BEL,Belgium,2086,83.86,87.51,80.21,0,trend_extrapolation_from_real_data
BEL,Belgium,2087,83.88,87.58,80.18,0,trend_extrapolation_from_real_data
BEL,Belgium,2088,83.9,87.65,80.15,0,trend_extrapolation_from_real_data
BEL,Belgium,2089,83.93,87.73,80.13,0,trend_extrapolation_from_real_data
BEL,Belgium,2090,83.95,87.8,80.1,0,trend_extrapolation_from_real_data
BEL,Belgium,2091,83.97,87.87,80.07,0,trend_extrapolation_from_real_data
BEL,Belgium,2092,83.99,87.94,80.04,0,trend_extrapolation_from_real_data
BEL,Belgium,2093,84.02,88.02,80.02,0,trend_extrapolation_from_real_data
BEL,Belgium,2094,84.04,88.09,79.99,0,trend_extrapolation_from_real_data
BEL,Belgium,2095,84.06,88.16,79.96,0,trend_extrapolation_from_real_data
BEL,Belgium,2096,84.09,88.24,79.94,0,trend_extrapolation_from_real_data
BEL,Belgium,2097,84.11,88.31,79.91,0,trend_extrapolation_from_real_data
BEL,Belgium,2098,84.13,88.38,79.88,0,trend_extrapolation_from_real_data
BEL,Belgium,2099,84.16,88.46,79.86,0,trend_extrapolation_from_real_data
BEL,Belgium,2100,84.18,88.53,79.83,0,trend_extrapolation_from_real_data
BGD,Bangladesh,2024,74.77,75.32,74.22,0,trend_extrapolation_from_real_data
BGD,Bangladesh,2025,74.87,75.47,74.27,0,trend_extrapolation_from_real_data
BGD,Bangladesh,2026,74.97,75.62,74.32,0,trend_extrapolation_from_real_data
BGD,Bangladesh,2027,75.08,75.78,74.38,0,trend_extrapolation_from_real_data
BGD,Bangladesh,2028,75.18,75.93,74.43,0,trend_extrapolation_from_real_data
BGD,Bangladesh,2029,75.28,76.08,74.48,0,trend_extrapolation_from_real_data
BGD,Bangladesh,2030,75.38,76.23,74.53,0,trend_extrapolation_from_real_data
BGD,Bangladesh,2031,75.48,76.38,74.58,0,trend_extrapolation_from_real_data
BGD,Bangladesh,2032,75.58,76.53,74.63,0,trend_extrapolation_from_real_data
BGD,Bangladesh,2033,75.68,76.68,74.68,0,trend_extrapolation_from_real_data
BGD,Bangladesh,2034,75.78,76.83,74.73,0,trend_extrapolation_from_real_data
BGD,Bangladesh,2035,75.88,76.98,74.78,0,trend_extrapolation_from_real_data
BGD,Bangladesh,2036,75.98,77.13,74.83,0,trend_extrapolation_from_real_data
BGD,Bangladesh,2037,76.09,77.29,74.89,0,trend_extrapolation_from_real_data
BGD,Bangladesh,2038,76.19,77.44,74.94,0,trend_extrapolation_from_real_data
BGD,Bangladesh,2039,76.29,77.59,74.99,0,trend_extrapolation_from_real_data
BGD,Bangladesh,2040,76.39,77.74,75.04,0,trend_extrapolation_from_real_data
BGD,Bangladesh,2041,76.49,77.89,75.09,0,trend_extrapolation_from_real_data
BGD,Bangladesh,2042,76.59,78.04,75.14,0,trend_extrapolation_from_real_data
BGD,Bangladesh,2043,76.69,78.19,75.19,0,trend_extrapolation_from_real_data
BGD,Bangladesh,2044,76.79,78.34,75.24,0,trend_extrapolation_from_real_data
BGD,Bangladesh,2045,76.89,78.49,75.29,0,trend_extrapolation_from_real_data
BGD,Bangladesh,2046,76.99,78.64,75.34,0,trend_extrapolation_from_real_data
BGD,Bangladesh,2047,77.1,78.8,75.4,0,trend_extrapolation_from_real_data
BGD,Bangladesh,2048,77.2,78.95,75.45,0,trend_extrapolation_from_real_data
BGD,Bangladesh,2049,77.3,79.1,75.5,0,trend_extrapolation_from_real_data
BGD,Bangladesh,2050,77.4,79.25,75.55,0,trend_extrapolation_from_real_data
BGD,Bangladesh,2051,77.5,79.4,75.6,0,trend_extrapolation_from_real_data
BGD,Bangladesh,2052,77.6,79.55,75.65,0,trend_extrapolation_from_real_data
BGD,Bangladesh,2053,77.7,79.7,75.7,0,trend_extrapolation_from_real_data
BGD,Bangladesh,2054,77.8,79.85,75.75,0,trend_extrapolation_from_real_data
BGD,Bangladesh,2055,77.9,80.0,75.8,0,trend_extrapolation_from_real_data
BGD,Bangladesh,2056,78.0,80.15,75.85,0,trend_extrapolation_from_real_data
BGD,Bangladesh,2057,78.11,80.31,75.91,0,trend_extrapolation_from_real_data
BGD,Bangladesh,2058,78.21,80.46,75.96,0,trend_extrapolation_from_real_data
BGD,Bangladesh,2059,78.31,80.61,76.01,0,trend_extrapolation_from_real_data
BGD,Bangladesh,2060,78.41,80.76,76.06,0,trend_extrapolation_from_real_data
BGD,Bangladesh,2061,78.51,80.91,76.11,0,trend_extrapolation_from_real_data
BGD,Bangladesh,2062,78.61,81.06,76.16,0,trend_extrapolation_from_real_data
BGD,Bangladesh,2063,78.71,81.21,76.21,0,trend_extrapolation_from_real_data
BGD,Bangladesh,2064,78.81,81.36,76.26,0,trend_extrapolation_from_real_data
BGD,Bangladesh,2065,78.91,81.51,76.31,0,trend_extrapolation_from_real_data
BGD,Bangladesh,2066,79.01,81.66,76.36,0,trend_extrapolation_from_real_data
BGD,Bangladesh,2067,79.12,81.82,76.42,0,trend_extrapolation_from_real_data
BGD,Bangladesh,2068,79.22,81.97,76.47,0,trend_extrapolation_from_real_data
BGD,Bangladesh,2069,79.32,82.12,76.52,0,trend_extrapolation_from_real_data
BGD,Bangladesh,2070,79.42,82.27,76.57,0,trend_extrapolation_from_real_data
BGD,Bangladesh,2071,79.52,82.42,76.62,0,trend_extrapolation_from_real_data
BGD,Bangladesh,2072,79.62,82.57,76.67,0,trend_extrapolation_from_real_data
BGD,Bangladesh,2073,79.72,82.72,76.72,0,trend_extrapolation_from_real_data
BGD,Bangladesh,2074,79.82,82.87,76.77,0,trend_extrapolation_from_real_data
BGD,Bangladesh,2075,79.92,83.02,76.82,0,trend_extrapolation_from_real_data
BGD,Bangladesh,2076,80.02,83.17,76.87,0,trend_extrapolation_from_real_data
BGD,Bangladesh,2077,80.13,83.33,76.93,0,trend_extrapolation_from_real_data
BGD,Bangladesh,2078,80.23,83.48,76.98,0,trend_extrapolation_from_real_data
BGD,Bangladesh,2079,80.33,83.63,77.03,0,trend_extrapolation_from_real_data
BGD,Bangladesh,2080,80.43,83.78,77.08,0,trend_extrapolation_from_real_data
BGD,Bangladesh,2081,80.53,83.93,77.13,0,trend_extrapolation_from_real_data
BGD,Bangladesh,2082,80.63,84.08,77.18,0,trend_extrapolation_from_real_data
BGD,Bangladesh,2083,80.73,84.23,77.23,0,trend_extrapolation_from_real_data
BGD,Bangladesh,2084,80.83,84.38,77.28,0,trend_extrapolation_from_real_data
BGD,Bangladesh,2085,80.93,84.53,77.33,0,trend_extrapolation_from_real_data
BGD,Bangladesh,2086,81.03,84.68,77.38,0,trend_extrapolation_from_real_data
BGD,Bangladesh,2087,81.13,84.83,77.43,0,trend_extrapolation_from_real_data
BGD,Bangladesh,2088,81.24,84.99,77.49,0,trend_extrapolation_from_real_data
BGD,Bangladesh,2089,81.34,85.14,77.54,0,trend_extrapolation_from_real_data
BGD,Bangladesh,2090,81.44,85.29,77.59,0,trend_extrapolation_from_real_data
BGD,Bangladesh,2091,81.54,85.44,77.64,0,trend_extrapolation_from_real_data
BGD,Bangladesh,2092,81.64,85.59,77.69,0,trend_extrapolation_from_real_data
BGD,Bangladesh,2093,81.74,85.74,77.74,0,trend_extrapolation_from_real_data
BGD,Bangladesh,2094,81.84,85.89,77.79,0,trend_extrapolation_from_real_data
BGD,Bangladesh,2095,81.94,86.04,77.84,0,trend_extrapolation_from_real_data
BGD,Bangladesh,2096,82.04,86.19,77.89,0,trend_extrapolation_from_real_data
BGD,Bangladesh,2097,82.14,86.34,77.94,0,trend_extrapolation_from_real_data
BGD,Bangladesh,2098,82.25,86.5,78.0,0,trend_extrapolation_from_real_data
BGD,Bangladesh,2099,82.35,86.65,78.05,0,trend_extrapolation_from_real_data
BGD,Bangladesh,2100,82.45,86.8,78.1,0,trend_extrapolation_from_real_data
BGR,Bulgaria,2024,75.73,76.28,75.18,0,trend_extrapolation_from_real_data
BGR,Bulgaria,2025,75.75,76.35,75.15,0,trend_extrapolation_from_real_data
BGR,Bulgaria,2026,75.77,76.42,75.12,0,trend_extrapolation_from_real_data
BGR,Bulgaria,2027,75.79,76.49,75.09,0,trend_extrapolation_from_real_data
BGR,Bulgaria,2028,75.81,76.56,75.06,0,trend_extrapolation_from_real_data
BGR,Bulgaria,2029,75.83,76.63,75.03,0,trend_extrapolation_from_real_data
BGR,Bulgaria,2030,75.86,76.71,75.01,0,trend_extrapolation_from_real_data
BGR,Bulgaria,2031,75.88,76.78,74.98,0,trend_extrapolation_from_real_data
BGR,Bulgaria,2032,75.9,76.85,74.95,0,trend_extrapolation_from_real_data
BGR,Bulgaria,2033,75.92,76.92,74.92,0,trend_extrapolation_from_real_data
BGR,Bulgaria,2034,75.94,76.99,74.89,0,trend_extrapolation_from_real_data
BGR,Bulgaria,2035,75.96,77.06,74.86,0,trend_extrapolation_from_real_data
BGR,Bulgaria,2036,75.98,77.13,74.83,0,trend_extrapolation_from_real_data
BGR,Bulgaria,2037,76.0,77.2,74.8,0,trend_extrapolation_from_real_data
BGR,Bulgaria,2038,76.03,77.28,74.78,0,trend_extrapolation_from_real_data
BGR,Bulgaria,2039,76.05,77.35,74.75,0,trend_extrapolation_from_real_data
BGR,Bulgaria,2040,76.07,77.42,74.72,0,trend_extrapolation_from_real_data
BGR,Bulgaria,2041,76.09,77.49,74.69,0,trend_extrapolation_from_real_data
BGR,Bulgaria,2042,76.11,77.56,74.66,0,trend_extrapolation_from_real_data
BGR,Bulgaria,2043,76.13,77.63,74.63,0,trend_extrapolation_from_real_data
BGR,Bulgaria,2044,76.15,77.7,74.6,0,trend_extrapolation_from_real_data
BGR,Bulgaria,2045,76.17,77.77,74.57,0,trend_extrapolation_from_real_data
BGR,Bulgaria,2046,76.2,77.85,74.55,0,trend_extrapolation_from_real_data
BGR,Bulgaria,2047,76.22,77.92,74.52,0,trend_extrapolation_from_real_data
BGR,Bulgaria,2048,76.24,77.99,74.49,0,trend_extrapolation_from_real_data
BGR,Bulgaria,2049,76.26,78.06,74.46,0,trend_extrapolation_from_real_data
BGR,Bulgaria,2050,76.28,78.13,74.43,0,trend_extrapolation_from_real_data
BGR,Bulgaria,2051,76.3,78.2,74.4,0,trend_extrapolation_from_real_data
BGR,Bulgaria,2052,76.32,78.27,74.37,0,trend_extrapolation_from_real_data
BGR,Bulgaria,2053,76.34,78.34,74.34,0,trend_extrapolation_from_real_data
BGR,Bulgaria,2054,76.37,78.42,74.32,0,trend_extrapolation_from_real_data
BGR,Bulgaria,2055,76.39,78.49,74.29,0,trend_extrapolation_from_real_data
BGR,Bulgaria,2056,76.41,78.56,74.26,0,trend_extrapolation_from_real_data
BGR,Bulgaria,2057,76.43,78.63,74.23,0,trend_extrapolation_from_real_data
BGR,Bulgaria,2058,76.45,78.7,74.2,0,trend_extrapolation_from_real_data
BGR,Bulgaria,2059,76.47,78.77,74.17,0,trend_extrapolation_from_real_data
BGR,Bulgaria,2060,76.49,78.84,74.14,0,trend_extrapolation_from_real_data
BGR,Bulgaria,2061,76.51,78.91,74.11,0,trend_extrapolation_from_real_data
BGR,Bulgaria,2062,76.53,78.98,74.08,0,trend_extrapolation_from_real_data
BGR,Bulgaria,2063,76.56,79.06,74.06,0,trend_extrapolation_from_real_data
BGR,Bulgaria,2064,76.58,79.13,74.03,0,trend_extrapolation_from_real_data
BGR,Bulgaria,2065,76.6,79.2,74.0,0,trend_extrapolation_from_real_data
BGR,Bulgaria,2066,76.62,79.27,73.97,0,trend_extrapolation_from_real_data
BGR,Bulgaria,2067,76.64,79.34,73.94,0,trend_extrapolation_from_real_data
BGR,Bulgaria,2068,76.66,79.41,73.91,0,trend_extrapolation_from_real_data
BGR,Bulgaria,2069,76.68,79.48,73.88,0,trend_extrapolation_from_real_data
BGR,Bulgaria,2070,76.7,79.55,73.85,0,trend_extrapolation_from_real_data
BGR,Bulgaria,2071,76.73,79.63,73.83,0,trend_extrapolation_from_real_data
BGR,Bulgaria,2072,76.75,79.7,73.8,0,trend_extrapolation_from_real_data
BGR,Bulgaria,2073,76.77,79.77,73.77,0,trend_extrapolation_from_real_data
BGR,Bulgaria,2074,76.79,79.84,73.74,0,trend_extrapolation_from_real_data
BGR,Bulgaria,2075,76.81,79.91,73.71,0,trend_extrapolation_from_real_data
BGR,Bulgaria,2076,76.83,79.98,73.68,0,trend_extrapolation_from_real_data
BGR,Bulgaria,2077,76.85,80.05,73.65,0,trend_extrapolation_from_real_data
BGR,Bulgaria,2078,76.87,80.12,73.62,0,trend_extrapolation_from_real_data
BGR,Bulgaria,2079,76.9,80.2,73.6,0,trend_extrapolation_from_real_data
BGR,Bulgaria,2080,76.92,80.27,73.57,0,trend_extrapolation_from_real_data
BGR,Bulgaria,2081,76.94,80.34,73.54,0,trend_extrapolation_from_real_data
BGR,Bulgaria,2082,76.96,80.41,73.51,0,trend_extrapolation_from_real_data
BGR,Bulgaria,2083,76.98,80.48,73.48,0,trend_extrapolation_from_real_data
BGR,Bulgaria,2084,77.0,80.55,73.45,0,trend_extrapolation_from_real_data
BGR,Bulgaria,2085,77.02,80.62,73.42,0,trend_extrapolation_from_real_data
BGR,Bulgaria,2086,77.04,80.69,73.39,0,trend_extrapolation_from_real_data
BGR,Bulgaria,2087,77.07,80.77,73.37,0,trend_extrapolation_from_real_data
BGR,Bulgaria,2088,77.09,80.84,73.34,0,trend_extrapolation_from_real_data
BGR,Bulgaria,2089,77.11,80.91,73.31,0,trend_extrapolation_from_real_data
BGR,Bulgaria,2090,77.13,80.98,73.28,0,trend_extrapolation_from_real_data
BGR,Bulgaria,2091,77.15,81.05,73.25,0,trend_extrapolation_from_real_data
BGR,Bulgaria,2092,77.17,81.12,73.22,0,trend_extrapolation_from_real_data
BGR,Bulgaria,2093,77.19,81.19,73.19,0,trend_extrapolation_from_real_data
BGR,Bulgaria,2094,77.21,81.26,73.16,0,trend_extrapolation_from_real_data
BGR,Bulgaria,2095,77.24,81.34,73.14,0,trend_extrapolation_from_real_data
BGR,Bulgaria,2096,77.26,81.41,73.11,0,trend_extrapolation_from_real_data
BGR,Bulgaria,2097,77.28,81.48,73.08,0,trend_extrapolation_from_real_data
BGR,Bulgaria,2098,77.3,81.55,73.05,0,trend_extrapolation_from_real_data
BGR,Bulgaria,2099,77.32,81.62,73.02,0,trend_extrapolation_from_real_data
BGR,Bulgaria,2100,77.34,81.69,72.99,0,trend_extrapolation_from_real_data
BIH,Bosnia and Herzegovina,2024,77.86,78.41,77.31,0,trend_extrapolation_from_real_data
BIH,Bosnia and Herzegovina,2025,77.86,78.46,77.26,0,trend_extrapolation_from_real_data
BIH,Bosnia and Herzegovina,2026,77.87,78.52,77.22,0,trend_extrapolation_from_real_data
BIH,Bosnia and Herzegovina,2027,77.87,78.57,77.17,0,trend_extrapolation_from_real_data
BIH,Bosnia and Herzegovina,2028,77.88,78.63,77.13,0,trend_extrapolation_from_real_data
BIH,Bosnia and Herzegovina,2029,77.88,78.68,77.08,0,trend_extrapolation_from_real_data
BIH,Bosnia and Herzegovina,2030,77.89,78.74,77.04,0,trend_extrapolation_from_real_data
BIH,Bosnia and Herzegovina,2031,77.89,78.79,76.99,0,trend_extrapolation_from_real_data
BIH,Bosnia and Herzegovina,2032,77.9,78.85,76.95,0,trend_extrapolation_from_real_data
BIH,Bosnia and Herzegovina,2033,77.9,78.9,76.9,0,trend_extrapolation_from_real_data
BIH,Bosnia and Herzegovina,2034,77.91,78.96,76.86,0,trend_extrapolation_from_real_data
BIH,Bosnia and Herzegovina,2035,77.91,79.01,76.81,0,trend_extrapolation_from_real_data
BIH,Bosnia and Herzegovina,2036,77.92,79.07,76.77,0,trend_extrapolation_from_real_data
BIH,Bosnia and Herzegovina,2037,77.92,79.12,76.72,0,trend_extrapolation_from_real_data
BIH,Bosnia and Herzegovina,2038,77.93,79.18,76.68,0,trend_extrapolation_from_real_data
BIH,Bosnia and Herzegovina,2039,77.93,79.23,76.63,0,trend_extrapolation_from_real_data
BIH,Bosnia and Herzegovina,2040,77.94,79.29,76.59,0,trend_extrapolation_from_real_data
BIH,Bosnia and Herzegovina,2041,77.94,79.34,76.54,0,trend_extrapolation_from_real_data
BIH,Bosnia and Herzegovina,2042,77.95,79.4,76.5,0,trend_extrapolation_from_real_data
BIH,Bosnia and Herzegovina,2043,77.95,79.45,76.45,0,trend_extrapolation_from_real_data
BIH,Bosnia and Herzegovina,2044,77.96,79.51,76.41,0,trend_extrapolation_from_real_data
BIH,Bosnia and Herzegovina,2045,77.96,79.56,76.36,0,trend_extrapolation_from_real_data
BIH,Bosnia and Herzegovina,2046,77.97,79.62,76.32,0,trend_extrapolation_from_real_data
BIH,Bosnia and Herzegovina,2047,77.97,79.67,76.27,0,trend_extrapolation_from_real_data
BIH,Bosnia and Herzegovina,2048,77.98,79.73,76.23,0,trend_extrapolation_from_real_data
BIH,Bosnia and Herzegovina,2049,77.98,79.78,76.18,0,trend_extrapolation_from_real_data
BIH,Bosnia and Herzegovina,2050,77.99,79.84,76.14,0,trend_extrapolation_from_real_data
BIH,Bosnia and Herzegovina,2051,77.99,79.89,76.09,0,trend_extrapolation_from_real_data
BIH,Bosnia and Herzegovina,2052,78.0,79.95,76.05,0,trend_extrapolation_from_real_data
BIH,Bosnia and Herzegovina,2053,78.0,80.0,76.0,0,trend_extrapolation_from_real_data
BIH,Bosnia and Herzegovina,2054,78.01,80.06,75.96,0,trend_extrapolation_from_real_data
BIH,Bosnia and Herzegovina,2055,78.01,80.11,75.91,0,trend_extrapolation_from_real_data
BIH,Bosnia and Herzegovina,2056,78.02,80.17,75.87,0,trend_extrapolation_from_real_data
BIH,Bosnia and Herzegovina,2057,78.02,80.22,75.82,0,trend_extrapolation_from_real_data
BIH,Bosnia and Herzegovina,2058,78.03,80.28,75.78,0,trend_extrapolation_from_real_data
BIH,Bosnia and Herzegovina,2059,78.03,80.33,75.73,0,trend_extrapolation_from_real_data
BIH,Bosnia and Herzegovina,2060,78.04,80.39,75.69,0,trend_extrapolation_from_real_data
BIH,Bosnia and Herzegovina,2061,78.04,80.44,75.64,0,trend_extrapolation_from_real_data
BIH,Bosnia and Herzegovina,2062,78.05,80.5,75.6,0,trend_extrapolation_from_real_data
BIH,Bosnia and Herzegovina,2063,78.05,80.55,75.55,0,trend_extrapolation_from_real_data
BIH,Bosnia and Herzegovina,2064,78.06,80.61,75.51,0,trend_extrapolation_from_real_data
BIH,Bosnia and Herzegovina,2065,78.06,80.66,75.46,0,trend_extrapolation_from_real_data
BIH,Bosnia and Herzegovina,2066,78.07,80.72,75.42,0,trend_extrapolation_from_real_data
BIH,Bosnia and Herzegovina,2067,78.07,80.77,75.37,0,trend_extrapolation_from_real_data
BIH,Bosnia and Herzegovina,2068,78.08,80.83,75.33,0,trend_extrapolation_from_real_data
BIH,Bosnia and Herzegovina,2069,78.08,80.88,75.28,0,trend_extrapolation_from_real_data
BIH,Bosnia and Herzegovina,2070,78.09,80.94,75.24,0,trend_extrapolation_from_real_data
BIH,Bosnia and Herzegovina,2071,78.09,80.99,75.19,0,trend_extrapolation_from_real_data
BIH,Bosnia and Herzegovina,2072,78.1,81.05,75.15,0,trend_extrapolation_from_real_data
BIH,Bosnia and Herzegovina,2073,78.1,81.1,75.1,0,trend_extrapolation_from_real_data
BIH,Bosnia and Herzegovina,2074,78.11,81.16,75.06,0,trend_extrapolation_from_real_data
BIH,Bosnia and Herzegovina,2075,78.11,81.21,75.01,0,trend_extrapolation_from_real_data
BIH,Bosnia and Herzegovina,2076,78.12,81.27,74.97,0,trend_extrapolation_from_real_data
BIH,Bosnia and Herzegovina,2077,78.12,81.32,74.92,0,trend_extrapolation_from_real_data
BIH,Bosnia and Herzegovina,2078,78.13,81.38,74.88,0,trend_extrapolation_from_real_data
BIH,Bosnia and Herzegovina,2079,78.13,81.43,74.83,0,trend_extrapolation_from_real_data
BIH,Bosnia and Herzegovina,2080,78.14,81.49,74.79,0,trend_extrapolation_from_real_data
BIH,Bosnia and Herzegovina,2081,78.14,81.54,74.74,0,trend_extrapolation_from_real_data
BIH,Bosnia and Herzegovina,2082,78.15,81.6,74.7,0,trend_extrapolation_from_real_data
BIH,Bosnia and Herzegovina,2083,78.15,81.65,74.65,0,trend_extrapolation_from_real_data
BIH,Bosnia and Herzegovina,2084,78.16,81.71,74.61,0,trend_extrapolation_from_real_data
BIH,Bosnia and Herzegovina,2085,78.16,81.76,74.56,0,trend_extrapolation_from_real_data
BIH,Bosnia and Herzegovina,2086,78.17,81.82,74.52,0,trend_extrapolation_from_real_data
BIH,Bosnia and Herzegovina,2087,78.17,81.87,74.47,0,trend_extrapolation_from_real_data
BIH,Bosnia and Herzegovina,2088,78.18,81.93,74.43,0,trend_extrapolation_from_real_data
BIH,Bosnia and Herzegovina,2089,78.18,81.98,74.38,0,trend_extrapolation_from_real_data
BIH,Bosnia and Herzegovina,2090,78.19,82.04,74.34,0,trend_extrapolation_from_real_data
BIH,Bosnia and Herzegovina,2091,78.19,82.09,74.29,0,trend_extrapolation_from_real_data
BIH,Bosnia and Herzegovina,2092,78.2,82.15,74.25,0,trend_extrapolation_from_real_data
BIH,Bosnia and Herzegovina,2093,78.2,82.2,74.2,0,trend_extrapolation_from_real_data
BIH,Bosnia and Herzegovina,2094,78.21,82.26,74.16,0,trend_extrapolation_from_real_data
BIH,Bosnia and Herzegovina,2095,78.21,82.31,74.11,0,trend_extrapolation_from_real_data
BIH,Bosnia and Herzegovina,2096,78.22,82.37,74.07,0,trend_extrapolation_from_real_data
BIH,Bosnia and Herzegovina,2097,78.22,82.42,74.02,0,trend_extrapolation_from_real_data
BIH,Bosnia and Herzegovina,2098,78.23,82.48,73.98,0,trend_extrapolation_from_real_data
BIH,Bosnia and Herzegovina,2099,78.23,82.53,73.93,0,trend_extrapolation_from_real_data
BIH,Bosnia and Herzegovina,2100,78.24,82.59,73.89,0,trend_extrapolation_from_real_data
BOL,Bolivia,2024,68.61,69.16,68.06,0,trend_extrapolation_from_real_data
BOL,Bolivia,2025,68.65,69.25,68.05,0,trend_extrapolation_from_real_data
BOL,Bolivia,2026,68.68,69.33,68.03,0,trend_extrapolation_from_real_data
BOL,Bolivia,2027,68.72,69.42,68.02,0,trend_extrapolation_from_real_data
BOL,Bolivia,2028,68.75,69.5,68.0,0,trend_extrapolation_from_real_data
BOL,Bolivia,2029,68.78,69.58,67.98,0,trend_extrapolation_from_real_data
BOL,Bolivia,2030,68.82,69.67,67.97,0,trend_extrapolation_from_real_data
BOL,Bolivia,2031,68.85,69.75,67.95,0,trend_extrapolation_from_real_data
BOL,Bolivia,2032,68.89,69.84,67.94,0,trend_extrapolation_from_real_data
BOL,Bolivia,2033,68.92,69.92,67.92,0,trend_extrapolation_from_real_data
BOL,Bolivia,2034,68.95,70.0,67.9,0,trend_extrapolation_from_real_data
BOL,Bolivia,2035,68.99,70.09,67.89,0,trend_extrapolation_from_real_data
BOL,Bolivia,2036,69.02,70.17,67.87,0,trend_extrapolation_from_real_data
BOL,Bolivia,2037,69.05,70.25,67.85,0,trend_extrapolation_from_real_data
BOL,Bolivia,2038,69.09,70.34,67.84,0,trend_extrapolation_from_real_data
BOL,Bolivia,2039,69.12,70.42,67.82,0,trend_extrapolation_from_real_data
BOL,Bolivia,2040,69.16,70.51,67.81,0,trend_extrapolation_from_real_data
BOL,Bolivia,2041,69.19,70.59,67.79,0,trend_extrapolation_from_real_data
BOL,Bolivia,2042,69.22,70.67,67.77,0,trend_extrapolation_from_real_data
BOL,Bolivia,2043,69.26,70.76,67.76,0,trend_extrapolation_from_real_data
BOL,Bolivia,2044,69.29,70.84,67.74,0,trend_extrapolation_from_real_data
BOL,Bolivia,2045,69.32,70.92,67.72,0,trend_extrapolation_from_real_data
BOL,Bolivia,2046,69.36,71.01,67.71,0,trend_extrapolation_from_real_data
BOL,Bolivia,2047,69.39,71.09,67.69,0,trend_extrapolation_from_real_data
BOL,Bolivia,2048,69.43,71.18,67.68,0,trend_extrapolation_from_real_data
BOL,Bolivia,2049,69.46,71.26,67.66,0,trend_extrapolation_from_real_data
BOL,Bolivia,2050,69.49,71.34,67.64,0,trend_extrapolation_from_real_data
BOL,Bolivia,2051,69.53,71.43,67.63,0,trend_extrapolation_from_real_data
BOL,Bolivia,2052,69.56,71.51,67.61,0,trend_extrapolation_from_real_data
BOL,Bolivia,2053,69.6,71.6,67.6,0,trend_extrapolation_from_real_data
BOL,Bolivia,2054,69.63,71.68,67.58,0,trend_extrapolation_from_real_data
BOL,Bolivia,2055,69.66,71.76,67.56,0,trend_extrapolation_from_real_data
BOL,Bolivia,2056,69.7,71.85,67.55,0,trend_extrapolation_from_real_data
BOL,Bolivia,2057,69.73,71.93,67.53,0,trend_extrapolation_from_real_data
BOL,Bolivia,2058,69.76,72.01,67.51,0,trend_extrapolation_from_real_data
BOL,Bolivia,2059,69.8,72.1,67.5,0,trend_extrapolation_from_real_data
BOL,Bolivia,2060,69.83,72.18,67.48,0,trend_extrapolation_from_real_data
BOL,Bolivia,2061,69.87,72.27,67.47,0,trend_extrapolation_from_real_data
BOL,Bolivia,2062,69.9,72.35,67.45,0,trend_extrapolation_from_real_data
BOL,Bolivia,2063,69.93,72.43,67.43,0,trend_extrapolation_from_real_data
BOL,Bolivia,2064,69.97,72.52,67.42,0,trend_extrapolation_from_real_data
BOL,Bolivia,2065,70.0,72.6,67.4,0,trend_extrapolation_from_real_data
BOL,Bolivia,2066,70.03,72.68,67.38,0,trend_extrapolation_from_real_data
BOL,Bolivia,2067,70.07,72.77,67.37,0,trend_extrapolation_from_real_data
BOL,Bolivia,2068,70.1,72.85,67.35,0,trend_extrapolation_from_real_data
BOL,Bolivia,2069,70.14,72.94,67.34,0,trend_extrapolation_from_real_data
BOL,Bolivia,2070,70.17,73.02,67.32,0,trend_extrapolation_from_real_data
BOL,Bolivia,2071,70.2,73.1,67.3,0,trend_extrapolation_from_real_data
BOL,Bolivia,2072,70.24,73.19,67.29,0,trend_extrapolation_from_real_data
BOL,Bolivia,2073,70.27,73.27,67.27,0,trend_extrapolation_from_real_data
BOL,Bolivia,2074,70.3,73.35,67.25,0,trend_extrapolation_from_real_data
BOL,Bolivia,2075,70.34,73.44,67.24,0,trend_extrapolation_from_real_data
BOL,Bolivia,2076,70.37,73.52,67.22,0,trend_extrapolation_from_real_data
BOL,Bolivia,2077,70.41,73.61,67.21,0,trend_extrapolation_from_real_data
BOL,Bolivia,2078,70.44,73.69,67.19,0,trend_extrapolation_from_real_data
BOL,Bolivia,2079,70.47,73.77,67.17,0,trend_extrapolation_from_real_data
BOL,Bolivia,2080,70.51,73.86,67.16,0,trend_extrapolation_from_real_data
BOL,Bolivia,2081,70.54,73.94,67.14,0,trend_extrapolation_from_real_data
BOL,Bolivia,2082,70.58,74.03,67.13,0,trend_extrapolation_from_real_data
BOL,Bolivia,2083,70.61,74.11,67.11,0,trend_extrapolation_from_real_data
BOL,Bolivia,2084,70.64,74.19,67.09,0,trend_extrapolation_from_real_data
BOL,Bolivia,2085,70.68,74.28,67.08,0,trend_extrapolation_from_real_data
BOL,Bolivia,2086,70.71,74.36,67.06,0,trend_extrapolation_from_real_data
BOL,Bolivia,2087,70.74,74.44,67.04,0,trend_extrapolation_from_real_data
BOL,Bolivia,2088,70.78,74.53,67.03,0,trend_extrapolation_from_real_data
BOL,Bolivia,2089,70.81,74.61,67.01,0,trend_extrapolation_from_real_data
BOL,Bolivia,2090,70.85,74.7,67.0,0,trend_extrapolation_from_real_data
BOL,Bolivia,2091,70.88,74.78,66.98,0,trend_extrapolation_from_real_data
BOL,Bolivia,2092,70.91,74.86,66.96,0,trend_extrapolation_from_real_data
BOL,Bolivia,2093,70.95,74.95,66.95,0,trend_extrapolation_from_real_data
BOL,Bolivia,2094,70.98,75.03,66.93,0,trend_extrapolation_from_real_data
BOL,Bolivia,2095,71.01,75.11,66.91,0,trend_extrapolation_from_real_data
BOL,Bolivia,2096,71.05,75.2,66.9,0,trend_extrapolation_from_real_data
BOL,Bolivia,2097,71.08,75.28,66.88,0,trend_extrapolation_from_real_data
BOL,Bolivia,2098,71.12,75.37,66.87,0,trend_extrapolation_from_real_data
BOL,Bolivia,2099,71.15,75.45,66.85,0,trend_extrapolation_from_real_data
BOL,Bolivia,2100,71.18,75.53,66.83,0,trend_extrapolation_from_real_data
BRA,Brazil,2024,75.89,76.44,75.34,0,trend_extrapolation_from_real_data
BRA,Brazil,2025,75.93,76.53,75.33,0,trend_extrapolation_from_real_data
BRA,Brazil,2026,75.97,76.62,75.32,0,trend_extrapolation_from_real_data
BRA,Brazil,2027,76.01,76.71,75.31,0,trend_extrapolation_from_real_data
BRA,Brazil,2028,76.05,76.8,75.3,0,trend_extrapolation_from_real_data
BRA,Brazil,2029,76.09,76.89,75.29,0,trend_extrapolation_from_real_data
BRA,Brazil,2030,76.13,76.98,75.28,0,trend_extrapolation_from_real_data
BRA,Brazil,2031,76.17,77.07,75.27,0,trend_extrapolation_from_real_data
BRA,Brazil,2032,76.21,77.16,75.26,0,trend_extrapolation_from_real_data
BRA,Brazil,2033,76.25,77.25,75.25,0,trend_extrapolation_from_real_data
BRA,Brazil,2034,76.28,77.33,75.23,0,trend_extrapolation_from_real_data
BRA,Brazil,2035,76.32,77.42,75.22,0,trend_extrapolation_from_real_data
BRA,Brazil,2036,76.36,77.51,75.21,0,trend_extrapolation_from_real_data
BRA,Brazil,2037,76.4,77.6,75.2,0,trend_extrapolation_from_real_data
BRA,Brazil,2038,76.44,77.69,75.19,0,trend_extrapolation_from_real_data
BRA,Brazil,2039,76.48,77.78,75.18,0,trend_extrapolation_from_real_data
BRA,Brazil,2040,76.52,77.87,75.17,0,trend_extrapolation_from_real_data
BRA,Brazil,2041,76.56,77.96,75.16,0,trend_extrapolation_from_real_data
BRA,Brazil,2042,76.6,78.05,75.15,0,trend_extrapolation_from_real_data
BRA,Brazil,2043,76.64,78.14,75.14,0,trend_extrapolation_from_real_data
BRA,Brazil,2044,76.68,78.23,75.13,0,trend_extrapolation_from_real_data
BRA,Brazil,2045,76.72,78.32,75.12,0,trend_extrapolation_from_real_data
BRA,Brazil,2046,76.76,78.41,75.11,0,trend_extrapolation_from_real_data
BRA,Brazil,2047,76.8,78.5,75.1,0,trend_extrapolation_from_real_data
BRA,Brazil,2048,76.84,78.59,75.09,0,trend_extrapolation_from_real_data
BRA,Brazil,2049,76.88,78.68,75.08,0,trend_extrapolation_from_real_data
BRA,Brazil,2050,76.92,78.77,75.07,0,trend_extrapolation_from_real_data
BRA,Brazil,2051,76.96,78.86,75.06,0,trend_extrapolation_from_real_data
BRA,Brazil,2052,77.0,78.95,75.05,0,trend_extrapolation_from_real_data
BRA,Brazil,2053,77.04,79.04,75.04,0,trend_extrapolation_from_real_data
BRA,Brazil,2054,77.08,79.13,75.03,0,trend_extrapolation_from_real_data
BRA,Brazil,2055,77.12,79.22,75.02,0,trend_extrapolation_from_real_data
BRA,Brazil,2056,77.16,79.31,75.01,0,trend_extrapolation_from_real_data
BRA,Brazil,2057,77.2,79.4,75.0,0,trend_extrapolation_from_real_data
BRA,Brazil,2058,77.24,79.49,74.99,0,trend_extrapolation_from_real_data
BRA,Brazil,2059,77.28,79.58,74.98,0,trend_extrapolation_from_real_data
BRA,Brazil,2060,77.32,79.67,74.97,0,trend_extrapolation_from_real_data
BRA,Brazil,2061,77.36,79.76,74.96,0,trend_extrapolation_from_real_data
BRA,Brazil,2062,77.4,79.85,74.95,0,trend_extrapolation_from_real_data
BRA,Brazil,2063,77.44,79.94,74.94,0,trend_extrapolation_from_real_data
BRA,Brazil,2064,77.48,80.03,74.93,0,trend_extrapolation_from_real_data
BRA,Brazil,2065,77.52,80.12,74.92,0,trend_extrapolation_from_real_data
BRA,Brazil,2066,77.56,80.21,74.91,0,trend_extrapolation_from_real_data
BRA,Brazil,2067,77.6,80.3,74.9,0,trend_extrapolation_from_real_data
BRA,Brazil,2068,77.63,80.38,74.88,0,trend_extrapolation_from_real_data
BRA,Brazil,2069,77.67,80.47,74.87,0,trend_extrapolation_from_real_data
BRA,Brazil,2070,77.71,80.56,74.86,0,trend_extrapolation_from_real_data
BRA,Brazil,2071,77.75,80.65,74.85,0,trend_extrapolation_from_real_data
BRA,Brazil,2072,77.79,80.74,74.84,0,trend_extrapolation_from_real_data
BRA,Brazil,2073,77.83,80.83,74.83,0,trend_extrapolation_from_real_data
BRA,Brazil,2074,77.87,80.92,74.82,0,trend_extrapolation_from_real_data
BRA,Brazil,2075,77.91,81.01,74.81,0,trend_extrapolation_from_real_data
BRA,Brazil,2076,77.95,81.1,74.8,0,trend_extrapolation_from_real_data
BRA,Brazil,2077,77.99,81.19,74.79,0,trend_extrapolation_from_real_data
BRA,Brazil,2078,78.03,81.28,74.78,0,trend_extrapolation_from_real_data
BRA,Brazil,2079,78.07,81.37,74.77,0,trend_extrapolation_from_real_data
BRA,Brazil,2080,78.11,81.46,74.76,0,trend_extrapolation_from_real_data
BRA,Brazil,2081,78.15,81.55,74.75,0,trend_extrapolation_from_real_data
BRA,Brazil,2082,78.19,81.64,74.74,0,trend_extrapolation_from_real_data
BRA,Brazil,2083,78.23,81.73,74.73,0,trend_extrapolation_from_real_data
BRA,Brazil,2084,78.27,81.82,74.72,0,trend_extrapolation_from_real_data
BRA,Brazil,2085,78.31,81.91,74.71,0,trend_extrapolation_from_real_data
BRA,Brazil,2086,78.35,82.0,74.7,0,trend_extrapolation_from_real_data
BRA,Brazil,2087,78.39,82.09,74.69,0,trend_extrapolation_from_real_data
BRA,Brazil,2088,78.43,82.18,74.68,0,trend_extrapolation_from_real_data
BRA,Brazil,2089,78.47,82.27,74.67,0,trend_extrapolation_from_real_data
BRA,Brazil,2090,78.51,82.36,74.66,0,trend_extrapolation_from_real_data
BRA,Brazil,2091,78.55,82.45,74.65,0,trend_extrapolation_from_real_data
BRA,Brazil,2092,78.59,82.54,74.64,0,trend_extrapolation_from_real_data
BRA,Brazil,2093,78.63,82.63,74.63,0,trend_extrapolation_from_real_data
BRA,Brazil,2094,78.67,82.72,74.62,0,trend_extrapolation_from_real_data
BRA,Brazil,2095,78.71,82.81,74.61,0,trend_extrapolation_from_real_data
BRA,Brazil,2096,78.75,82.9,74.6,0,trend_extrapolation_from_real_data
BRA,Brazil,2097,78.79,82.99,74.59,0,trend_extrapolation_from_real_data
BRA,Brazil,2098,78.83,83.08,74.58,0,trend_extrapolation_from_real_data
BRA,Brazil,2099,78.87,83.17,74.57,0,trend_extrapolation_from_real_data
BRA,Brazil,2100,78.91,83.26,74.56,0,trend_extrapolation_from_real_data
BWA,Botswana,2024,69.38,69.93,68.83,0,trend_extrapolation_from_real_data
BWA,Botswana,2025,69.6,70.2,69.0,0,trend_extrapolation_from_real_data
BWA,Botswana,2026,69.82,70.47,69.17,0,trend_extrapolation_from_real_data
BWA,Botswana,2027,70.04,70.74,69.34,0,trend_extrapolation_from_real_data
BWA,Botswana,2028,70.25,71.0,69.5,0,trend_extrapolation_from_real_data
BWA,Botswana,2029,70.47,71.27,69.67,0,trend_extrapolation_from_real_data
BWA,Botswana,2030,70.69,71.54,69.84,0,trend_extrapolation_from_real_data
BWA,Botswana,2031,70.91,71.81,70.01,0,trend_extrapolation_from_real_data
BWA,Botswana,2032,71.13,72.08,70.18,0,trend_extrapolation_from_real_data
BWA,Botswana,2033,71.34,72.34,70.34,0,trend_extrapolation_from_real_data
BWA,Botswana,2034,71.56,72.61,70.51,0,trend_extrapolation_from_real_data
BWA,Botswana,2035,71.78,72.88,70.68,0,trend_extrapolation_from_real_data
BWA,Botswana,2036,72.0,73.15,70.85,0,trend_extrapolation_from_real_data
BWA,Botswana,2037,72.22,73.42,71.02,0,trend_extrapolation_from_real_data
BWA,Botswana,2038,72.44,73.69,71.19,0,trend_extrapolation_from_real_data
BWA,Botswana,2039,72.65,73.95,71.35,0,trend_extrapolation_from_real_data
BWA,Botswana,2040,72.87,74.22,71.52,0,trend_extrapolation_from_real_data
BWA,Botswana,2041,73.09,74.49,71.69,0,trend_extrapolation_from_real_data
BWA,Botswana,2042,73.31,74.76,71.86,0,trend_extrapolation_from_real_data
BWA,Botswana,2043,73.53,75.03,72.03,0,trend_extrapolation_from_real_data
BWA,Botswana,2044,73.74,75.29,72.19,0,trend_extrapolation_from_real_data
BWA,Botswana,2045,73.96,75.56,72.36,0,trend_extrapolation_from_real_data
BWA,Botswana,2046,74.18,75.83,72.53,0,trend_extrapolation_from_real_data
BWA,Botswana,2047,74.4,76.1,72.7,0,trend_extrapolation_from_real_data
BWA,Botswana,2048,74.62,76.37,72.87,0,trend_extrapolation_from_real_data
BWA,Botswana,2049,74.84,76.64,73.04,0,trend_extrapolation_from_real_data
BWA,Botswana,2050,75.05,76.9,73.2,0,trend_extrapolation_from_real_data
BWA,Botswana,2051,75.27,77.17,73.37,0,trend_extrapolation_from_real_data
BWA,Botswana,2052,75.49,77.44,73.54,0,trend_extrapolation_from_real_data
BWA,Botswana,2053,75.71,77.71,73.71,0,trend_extrapolation_from_real_data
BWA,Botswana,2054,75.93,77.98,73.88,0,trend_extrapolation_from_real_data
BWA,Botswana,2055,76.14,78.24,74.04,0,trend_extrapolation_from_real_data
BWA,Botswana,2056,76.36,78.51,74.21,0,trend_extrapolation_from_real_data
BWA,Botswana,2057,76.58,78.78,74.38,0,trend_extrapolation_from_real_data
BWA,Botswana,2058,76.8,79.05,74.55,0,trend_extrapolation_from_real_data
BWA,Botswana,2059,77.02,79.32,74.72,0,trend_extrapolation_from_real_data
BWA,Botswana,2060,77.24,79.59,74.89,0,trend_extrapolation_from_real_data
BWA,Botswana,2061,77.45,79.85,75.05,0,trend_extrapolation_from_real_data
BWA,Botswana,2062,77.67,80.12,75.22,0,trend_extrapolation_from_real_data
BWA,Botswana,2063,77.89,80.39,75.39,0,trend_extrapolation_from_real_data
BWA,Botswana,2064,78.11,80.66,75.56,0,trend_extrapolation_from_real_data
BWA,Botswana,2065,78.33,80.93,75.73,0,trend_extrapolation_from_real_data
BWA,Botswana,2066,78.54,81.19,75.89,0,trend_extrapolation_from_real_data
BWA,Botswana,2067,78.76,81.46,76.06,0,trend_extrapolation_from_real_data
BWA,Botswana,2068,78.98,81.73,76.23,0,trend_extrapolation_from_real_data
BWA,Botswana,2069,79.2,82.0,76.4,0,trend_extrapolation_from_real_data
BWA,Botswana,2070,79.42,82.27,76.57,0,trend_extrapolation_from_real_data
BWA,Botswana,2071,79.64,82.54,76.74,0,trend_extrapolation_from_real_data
BWA,Botswana,2072,79.85,82.8,76.9,0,trend_extrapolation_from_real_data
BWA,Botswana,2073,80.07,83.07,77.07,0,trend_extrapolation_from_real_data
BWA,Botswana,2074,80.29,83.34,77.24,0,trend_extrapolation_from_real_data
BWA,Botswana,2075,80.51,83.61,77.41,0,trend_extrapolation_from_real_data
BWA,Botswana,2076,80.73,83.88,77.58,0,trend_extrapolation_from_real_data
BWA,Botswana,2077,80.94,84.14,77.74,0,trend_extrapolation_from_real_data
BWA,Botswana,2078,81.16,84.41,77.91,0,trend_extrapolation_from_real_data
BWA,Botswana,2079,81.38,84.68,78.08,0,trend_extrapolation_from_real_data
BWA,Botswana,2080,81.6,84.95,78.25,0,trend_extrapolation_from_real_data
BWA,Botswana,2081,81.82,85.22,78.42,0,trend_extrapolation_from_real_data
BWA,Botswana,2082,82.04,85.49,78.59,0,trend_extrapolation_from_real_data
BWA,Botswana,2083,82.25,85.75,78.75,0,trend_extrapolation_from_real_data
BWA,Botswana,2084,82.47,86.02,78.92,0,trend_extrapolation_from_real_data
BWA,Botswana,2085,82.69,86.29,79.09,0,trend_extrapolation_from_real_data
BWA,Botswana,2086,82.91,86.56,79.26,0,trend_extrapolation_from_real_data
BWA,Botswana,2087,83.13,86.83,79.43,0,trend_extrapolation_from_real_data
BWA,Botswana,2088,83.34,87.09,79.59,0,trend_extrapolation_from_real_data
BWA,Botswana,2089,83.56,87.36,79.76,0,trend_extrapolation_from_real_data
BWA,Botswana,2090,83.78,87.63,79.93,0,trend_extrapolation_from_real_data
BWA,Botswana,2091,84.0,87.9,80.1,0,trend_extrapolation_from_real_data
BWA,Botswana,2092,84.22,88.17,80.27,0,trend_extrapolation_from_real_data
BWA,Botswana,2093,84.44,88.44,80.44,0,trend_extrapolation_from_real_data
BWA,Botswana,2094,84.65,88.7,80.6,0,trend_extrapolation_from_real_data
BWA,Botswana,2095,84.87,88.97,80.77,0,trend_extrapolation_from_real_data
BWA,Botswana,2096,85.09,89.24,80.94,0,trend_extrapolation_from_real_data
BWA,Botswana,2097,85.31,89.51,81.11,0,trend_extrapolation_from_real_data
BWA,Botswana,2098,85.53,89.78,81.28,0,trend_extrapolation_from_real_data
BWA,Botswana,2099,85.74,90.04,81.44,0,trend_extrapolation_from_real_data
BWA,Botswana,2100,85.96,90.31,81.61,0,trend_extrapolation_from_real_data
CAN,Canada,2024,81.66,82.21,81.11,0,trend_extrapolation_from_real_data
CAN,Canada,2025,81.67,82.27,81.07,0,trend_extrapolation_from_real_data
CAN,Canada,2026,81.68,82.33,81.03,0,trend_extrapolation_from_real_data
CAN,Canada,2027,81.7,82.4,81.0,0,trend_extrapolation_from_real_data
CAN,Canada,2028,81.71,82.46,80.96,0,trend_extrapolation_from_real_data
CAN,Canada,2029,81.72,82.52,80.92,0,trend_extrapolation_from_real_data
CAN,Canada,2030,81.74,82.59,80.89,0,trend_extrapolation_from_real_data
CAN,Canada,2031,81.75,82.65,80.85,0,trend_extrapolation_from_real_data
CAN,Canada,2032,81.76,82.71,80.81,0,trend_extrapolation_from_real_data
CAN,Canada,2033,81.77,82.77,80.77,0,trend_extrapolation_from_real_data
CAN,Canada,2034,81.79,82.84,80.74,0,trend_extrapolation_from_real_data
CAN,Canada,2035,81.8,82.9,80.7,0,trend_extrapolation_from_real_data
CAN,Canada,2036,81.81,82.96,80.66,0,trend_extrapolation_from_real_data
CAN,Canada,2037,81.82,83.02,80.62,0,trend_extrapolation_from_real_data
CAN,Canada,2038,81.84,83.09,80.59,0,trend_extrapolation_from_real_data
CAN,Canada,2039,81.85,83.15,80.55,0,trend_extrapolation_from_real_data
CAN,Canada,2040,81.86,83.21,80.51,0,trend_extrapolation_from_real_data
CAN,Canada,2041,81.88,83.28,80.48,0,trend_extrapolation_from_real_data
CAN,Canada,2042,81.89,83.34,80.44,0,trend_extrapolation_from_real_data
CAN,Canada,2043,81.9,83.4,80.4,0,trend_extrapolation_from_real_data
CAN,Canada,2044,81.91,83.46,80.36,0,trend_extrapolation_from_real_data
CAN,Canada,2045,81.93,83.53,80.33,0,trend_extrapolation_from_real_data
CAN,Canada,2046,81.94,83.59,80.29,0,trend_extrapolation_from_real_data
CAN,Canada,2047,81.95,83.65,80.25,0,trend_extrapolation_from_real_data
CAN,Canada,2048,81.96,83.71,80.21,0,trend_extrapolation_from_real_data
CAN,Canada,2049,81.98,83.78,80.18,0,trend_extrapolation_from_real_data
CAN,Canada,2050,81.99,83.84,80.14,0,trend_extrapolation_from_real_data
CAN,Canada,2051,82.0,83.9,80.1,0,trend_extrapolation_from_real_data
CAN,Canada,2052,82.01,83.96,80.06,0,trend_extrapolation_from_real_data
CAN,Canada,2053,82.03,84.03,80.03,0,trend_extrapolation_from_real_data
CAN,Canada,2054,82.04,84.09,79.99,0,trend_extrapolation_from_real_data
CAN,Canada,2055,82.05,84.15,79.95,0,trend_extrapolation_from_real_data
CAN,Canada,2056,82.07,84.22,79.92,0,trend_extrapolation_from_real_data
CAN,Canada,2057,82.08,84.28,79.88,0,trend_extrapolation_from_real_data
CAN,Canada,2058,82.09,84.34,79.84,0,trend_extrapolation_from_real_data
CAN,Canada,2059,82.1,84.4,79.8,0,trend_extrapolation_from_real_data
CAN,Canada,2060,82.12,84.47,79.77,0,trend_extrapolation_from_real_data
CAN,Canada,2061,82.13,84.53,79.73,0,trend_extrapolation_from_real_data
CAN,Canada,2062,82.14,84.59,79.69,0,trend_extrapolation_from_real_data
CAN,Canada,2063,82.15,84.65,79.65,0,trend_extrapolation_from_real_data
CAN,Canada,2064,82.17,84.72,79.62,0,trend_extrapolation_from_real_data
CAN,Canada,2065,82.18,84.78,79.58,0,trend_extrapolation_from_real_data
CAN,Canada,2066,82.19,84.84,79.54,0,trend_extrapolation_from_real_data
CAN,Canada,2067,82.21,84.91,79.51,0,trend_extrapolation_from_real_data
CAN,Canada,2068,82.22,84.97,79.47,0,trend_extrapolation_from_real_data
CAN,Canada,2069,82.23,85.03,79.43,0,trend_extrapolation_from_real_data
CAN,Canada,2070,82.24,85.09,79.39,0,trend_extrapolation_from_real_data
CAN,Canada,2071,82.26,85.16,79.36,0,trend_extrapolation_from_real_data
CAN,Canada,2072,82.27,85.22,79.32,0,trend_extrapolation_from_real_data
CAN,Canada,2073,82.28,85.28,79.28,0,trend_extrapolation_from_real_data
CAN,Canada,2074,82.29,85.34,79.24,0,trend_extrapolation_from_real_data
CAN,Canada,2075,82.31,85.41,79.21,0,trend_extrapolation_from_real_data
CAN,Canada,2076,82.32,85.47,79.17,0,trend_extrapolation_from_real_data
CAN,Canada,2077,82.33,85.53,79.13,0,trend_extrapolation_from_real_data
CAN,Canada,2078,82.34,85.59,79.09,0,trend_extrapolation_from_real_data
CAN,Canada,2079,82.36,85.66,79.06,0,trend_extrapolation_from_real_data
CAN,Canada,2080,82.37,85.72,79.02,0,trend_extrapolation_from_real_data
CAN,Canada,2081,82.38,85.78,78.98,0,trend_extrapolation_from_real_data
CAN,Canada,2082,82.4,85.85,78.95,0,trend_extrapolation_from_real_data
CAN,Canada,2083,82.41,85.91,78.91,0,trend_extrapolation_from_real_data
CAN,Canada,2084,82.42,85.97,78.87,0,trend_extrapolation_from_real_data
CAN,Canada,2085,82.43,86.03,78.83,0,trend_extrapolation_from_real_data
CAN,Canada,2086,82.45,86.1,78.8,0,trend_extrapolation_from_real_data
CAN,Canada,2087,82.46,86.16,78.76,0,trend_extrapolation_from_real_data
CAN,Canada,2088,82.47,86.22,78.72,0,trend_extrapolation_from_real_data
CAN,Canada,2089,82.48,86.28,78.68,0,trend_extrapolation_from_real_data
CAN,Canada,2090,82.5,86.35,78.65,0,trend_extrapolation_from_real_data
CAN,Canada,2091,82.51,86.41,78.61,0,trend_extrapolation_from_real_data
CAN,Canada,2092,82.52,86.47,78.57,0,trend_extrapolation_from_real_data
CAN,Canada,2093,82.54,86.54,78.54,0,trend_extrapolation_from_real_data
CAN,Canada,2094,82.55,86.6,78.5,0,trend_extrapolation_from_real_data
CAN,Canada,2095,82.56,86.66,78.46,0,trend_extrapolation_from_real_data
CAN,Canada,2096,82.57,86.72,78.42,0,trend_extrapolation_from_real_data
CAN,Canada,2097,82.59,86.79,78.39,0,trend_extrapolation_from_real_data
CAN,Canada,2098,82.6,86.85,78.35,0,trend_extrapolation_from_real_data
CAN,Canada,2099,82.61,86.91,78.31,0,trend_extrapolation_from_real_data
CAN,Canada,2100,82.62,86.97,78.27,0,trend_extrapolation_from_real_data
CHE,Switzerland,2024,84.07,84.62,83.52,0,trend_extrapolation_from_real_data
CHE,Switzerland,2025,84.09,84.69,83.49,0,trend_extrapolation_from_real_data
CHE,Switzerland,2026,84.11,84.76,83.46,0,trend_extrapolation_from_real_data
CHE,Switzerland,2027,84.13,84.83,83.43,0,trend_extrapolation_from_real_data
CHE,Switzerland,2028,84.15,84.9,83.4,0,trend_extrapolation_from_real_data
CHE,Switzerland,2029,84.17,84.97,83.37,0,trend_extrapolation_from_real_data
CHE,Switzerland,2030,84.18,85.03,83.33,0,trend_extrapolation_from_real_data
CHE,Switzerland,2031,84.2,85.1,83.3,0,trend_extrapolation_from_real_data
CHE,Switzerland,2032,84.22,85.17,83.27,0,trend_extrapolation_from_real_data
CHE,Switzerland,2033,84.24,85.24,83.24,0,trend_extrapolation_from_real_data
CHE,Switzerland,2034,84.26,85.31,83.21,0,trend_extrapolation_from_real_data
CHE,Switzerland,2035,84.27,85.37,83.17,0,trend_extrapolation_from_real_data
CHE,Switzerland,2036,84.29,85.44,83.14,0,trend_extrapolation_from_real_data
CHE,Switzerland,2037,84.31,85.51,83.11,0,trend_extrapolation_from_real_data
CHE,Switzerland,2038,84.33,85.58,83.08,0,trend_extrapolation_from_real_data
CHE,Switzerland,2039,84.35,85.65,83.05,0,trend_extrapolation_from_real_data
CHE,Switzerland,2040,84.36,85.71,83.01,0,trend_extrapolation_from_real_data
CHE,Switzerland,2041,84.38,85.78,82.98,0,trend_extrapolation_from_real_data
CHE,Switzerland,2042,84.4,85.85,82.95,0,trend_extrapolation_from_real_data
CHE,Switzerland,2043,84.42,85.92,82.92,0,trend_extrapolation_from_real_data
CHE,Switzerland,2044,84.44,85.99,82.89,0,trend_extrapolation_from_real_data
CHE,Switzerland,2045,84.46,86.06,82.86,0,trend_extrapolation_from_real_data
CHE,Switzerland,2046,84.47,86.12,82.82,0,trend_extrapolation_from_real_data
CHE,Switzerland,2047,84.49,86.19,82.79,0,trend_extrapolation_from_real_data
CHE,Switzerland,2048,84.51,86.26,82.76,0,trend_extrapolation_from_real_data
CHE,Switzerland,2049,84.53,86.33,82.73,0,trend_extrapolation_from_real_data
CHE,Switzerland,2050,84.55,86.4,82.7,0,trend_extrapolation_from_real_data
CHE,Switzerland,2051,84.56,86.46,82.66,0,trend_extrapolation_from_real_data
CHE,Switzerland,2052,84.58,86.53,82.63,0,trend_extrapolation_from_real_data
CHE,Switzerland,2053,84.6,86.6,82.6,0,trend_extrapolation_from_real_data
CHE,Switzerland,2054,84.62,86.67,82.57,0,trend_extrapolation_from_real_data
CHE,Switzerland,2055,84.64,86.74,82.54,0,trend_extrapolation_from_real_data
CHE,Switzerland,2056,84.66,86.81,82.51,0,trend_extrapolation_from_real_data
CHE,Switzerland,2057,84.67,86.87,82.47,0,trend_extrapolation_from_real_data
CHE,Switzerland,2058,84.69,86.94,82.44,0,trend_extrapolation_from_real_data
CHE,Switzerland,2059,84.71,87.01,82.41,0,trend_extrapolation_from_real_data
CHE,Switzerland,2060,84.73,87.08,82.38,0,trend_extrapolation_from_real_data
CHE,Switzerland,2061,84.75,87.15,82.35,0,trend_extrapolation_from_real_data
CHE,Switzerland,2062,84.76,87.21,82.31,0,trend_extrapolation_from_real_data
CHE,Switzerland,2063,84.78,87.28,82.28,0,trend_extrapolation_from_real_data
CHE,Switzerland,2064,84.8,87.35,82.25,0,trend_extrapolation_from_real_data
CHE,Switzerland,2065,84.82,87.42,82.22,0,trend_extrapolation_from_real_data
CHE,Switzerland,2066,84.84,87.49,82.19,0,trend_extrapolation_from_real_data
CHE,Switzerland,2067,84.85,87.55,82.15,0,trend_extrapolation_from_real_data
CHE,Switzerland,2068,84.87,87.62,82.12,0,trend_extrapolation_from_real_data
CHE,Switzerland,2069,84.89,87.69,82.09,0,trend_extrapolation_from_real_data
CHE,Switzerland,2070,84.91,87.76,82.06,0,trend_extrapolation_from_real_data
CHE,Switzerland,2071,84.93,87.83,82.03,0,trend_extrapolation_from_real_data
CHE,Switzerland,2072,84.95,87.9,82.0,0,trend_extrapolation_from_real_data
CHE,Switzerland,2073,84.96,87.96,81.96,0,trend_extrapolation_from_real_data
CHE,Switzerland,2074,84.98,88.03,81.93,0,trend_extrapolation_from_real_data
CHE,Switzerland,2075,85.0,88.1,81.9,0,trend_extrapolation_from_real_data
CHE,Switzerland,2076,85.02,88.17,81.87,0,trend_extrapolation_from_real_data
CHE,Switzerland,2077,85.04,88.24,81.84,0,trend_extrapolation_from_real_data
CHE,Switzerland,2078,85.05,88.3,81.8,0,trend_extrapolation_from_real_data
CHE,Switzerland,2079,85.07,88.37,81.77,0,trend_extrapolation_from_real_data
CHE,Switzerland,2080,85.09,88.44,81.74,0,trend_extrapolation_from_real_data
CHE,Switzerland,2081,85.11,88.51,81.71,0,trend_extrapolation_from_real_data
CHE,Switzerland,2082,85.13,88.58,81.68,0,trend_extrapolation_from_real_data
CHE,Switzerland,2083,85.15,88.65,81.65,0,trend_extrapolation_from_real_data
CHE,Switzerland,2084,85.16,88.71,81.61,0,trend_extrapolation_from_real_data
CHE,Switzerland,2085,85.18,88.78,81.58,0,trend_extrapolation_from_real_data
CHE,Switzerland,2086,85.2,88.85,81.55,0,trend_extrapolation_from_real_data
CHE,Switzerland,2087,85.22,88.92,81.52,0,trend_extrapolation_from_real_data
CHE,Switzerland,2088,85.24,88.99,81.49,0,trend_extrapolation_from_real_data
CHE,Switzerland,2089,85.25,89.05,81.45,0,trend_extrapolation_from_real_data
CHE,Switzerland,2090,85.27,89.12,81.42,0,trend_extrapolation_from_real_data
CHE,Switzerland,2091,85.29,89.19,81.39,0,trend_extrapolation_from_real_data
CHE,Switzerland,2092,85.31,89.26,81.36,0,trend_extrapolation_from_real_data
CHE,Switzerland,2093,85.33,89.33,81.33,0,trend_extrapolation_from_real_data
CHE,Switzerland,2094,85.34,89.39,81.29,0,trend_extrapolation_from_real_data
CHE,Switzerland,2095,85.36,89.46,81.26,0,trend_extrapolation_from_real_data
CHE,Switzerland,2096,85.38,89.53,81.23,0,trend_extrapolation_from_real_data
CHE,Switzerland,2097,85.4,89.6,81.2,0,trend_extrapolation_from_real_data
CHE,Switzerland,2098,85.42,89.67,81.17,0,trend_extrapolation_from_real_data
CHE,Switzerland,2099,85.44,89.74,81.14,0,trend_extrapolation_from_real_data
CHE,Switzerland,2100,85.45,89.8,81.1,0,trend_extrapolation_from_real_data
CHL,Chile,2024,81.18,81.73,80.63,0,trend_extrapolation_from_real_data
CHL,Chile,2025,81.2,81.8,80.6,0,trend_extrapolation_from_real_data
CHL,Chile,2026,81.21,81.86,80.56,0,trend_extrapolation_from_real_data
CHL,Chile,2027,81.23,81.93,80.53,0,trend_extrapolation_from_real_data
CHL,Chile,2028,81.24,81.99,80.49,0,trend_extrapolation_from_real_data
CHL,Chile,2029,81.26,82.06,80.46,0,trend_extrapolation_from_real_data
CHL,Chile,2030,81.27,82.12,80.42,0,trend_extrapolation_from_real_data
CHL,Chile,2031,81.29,82.19,80.39,0,trend_extrapolation_from_real_data
CHL,Chile,2032,81.31,82.26,80.36,0,trend_extrapolation_from_real_data
CHL,Chile,2033,81.32,82.32,80.32,0,trend_extrapolation_from_real_data
CHL,Chile,2034,81.34,82.39,80.29,0,trend_extrapolation_from_real_data
CHL,Chile,2035,81.35,82.45,80.25,0,trend_extrapolation_from_real_data
CHL,Chile,2036,81.37,82.52,80.22,0,trend_extrapolation_from_real_data
CHL,Chile,2037,81.38,82.58,80.18,0,trend_extrapolation_from_real_data
CHL,Chile,2038,81.4,82.65,80.15,0,trend_extrapolation_from_real_data
CHL,Chile,2039,81.41,82.71,80.11,0,trend_extrapolation_from_real_data
CHL,Chile,2040,81.43,82.78,80.08,0,trend_extrapolation_from_real_data
CHL,Chile,2041,81.44,82.84,80.04,0,trend_extrapolation_from_real_data
CHL,Chile,2042,81.46,82.91,80.01,0,trend_extrapolation_from_real_data
CHL,Chile,2043,81.48,82.98,79.98,0,trend_extrapolation_from_real_data
CHL,Chile,2044,81.49,83.04,79.94,0,trend_extrapolation_from_real_data
CHL,Chile,2045,81.51,83.11,79.91,0,trend_extrapolation_from_real_data
CHL,Chile,2046,81.52,83.17,79.87,0,trend_extrapolation_from_real_data
CHL,Chile,2047,81.54,83.24,79.84,0,trend_extrapolation_from_real_data
CHL,Chile,2048,81.55,83.3,79.8,0,trend_extrapolation_from_real_data
CHL,Chile,2049,81.57,83.37,79.77,0,trend_extrapolation_from_real_data
CHL,Chile,2050,81.58,83.43,79.73,0,trend_extrapolation_from_real_data
CHL,Chile,2051,81.6,83.5,79.7,0,trend_extrapolation_from_real_data
CHL,Chile,2052,81.61,83.56,79.66,0,trend_extrapolation_from_real_data
CHL,Chile,2053,81.63,83.63,79.63,0,trend_extrapolation_from_real_data
CHL,Chile,2054,81.65,83.7,79.6,0,trend_extrapolation_from_real_data
CHL,Chile,2055,81.66,83.76,79.56,0,trend_extrapolation_from_real_data
CHL,Chile,2056,81.68,83.83,79.53,0,trend_extrapolation_from_real_data
CHL,Chile,2057,81.69,83.89,79.49,0,trend_extrapolation_from_real_data
CHL,Chile,2058,81.71,83.96,79.46,0,trend_extrapolation_from_real_data
CHL,Chile,2059,81.72,84.02,79.42,0,trend_extrapolation_from_real_data
CHL,Chile,2060,81.74,84.09,79.39,0,trend_extrapolation_from_real_data
CHL,Chile,2061,81.75,84.15,79.35,0,trend_extrapolation_from_real_data
CHL,Chile,2062,81.77,84.22,79.32,0,trend_extrapolation_from_real_data
CHL,Chile,2063,81.78,84.28,79.28,0,trend_extrapolation_from_real_data
CHL,Chile,2064,81.8,84.35,79.25,0,trend_extrapolation_from_real_data
CHL,Chile,2065,81.81,84.41,79.21,0,trend_extrapolation_from_real_data
CHL,Chile,2066,81.83,84.48,79.18,0,trend_extrapolation_from_real_data
CHL,Chile,2067,81.85,84.55,79.15,0,trend_extrapolation_from_real_data
CHL,Chile,2068,81.86,84.61,79.11,0,trend_extrapolation_from_real_data
CHL,Chile,2069,81.88,84.68,79.08,0,trend_extrapolation_from_real_data
CHL,Chile,2070,81.89,84.74,79.04,0,trend_extrapolation_from_real_data
CHL,Chile,2071,81.91,84.81,79.01,0,trend_extrapolation_from_real_data
CHL,Chile,2072,81.92,84.87,78.97,0,trend_extrapolation_from_real_data
CHL,Chile,2073,81.94,84.94,78.94,0,trend_extrapolation_from_real_data
CHL,Chile,2074,81.95,85.0,78.9,0,trend_extrapolation_from_real_data
CHL,Chile,2075,81.97,85.07,78.87,0,trend_extrapolation_from_real_data
CHL,Chile,2076,81.98,85.13,78.83,0,trend_extrapolation_from_real_data
CHL,Chile,2077,82.0,85.2,78.8,0,trend_extrapolation_from_real_data
CHL,Chile,2078,82.02,85.27,78.77,0,trend_extrapolation_from_real_data
CHL,Chile,2079,82.03,85.33,78.73,0,trend_extrapolation_from_real_data
CHL,Chile,2080,82.05,85.4,78.7,0,trend_extrapolation_from_real_data
CHL,Chile,2081,82.06,85.46,78.66,0,trend_extrapolation_from_real_data
CHL,Chile,2082,82.08,85.53,78.63,0,trend_extrapolation_from_real_data
CHL,Chile,2083,82.09,85.59,78.59,0,trend_extrapolation_from_real_data
CHL,Chile,2084,82.11,85.66,78.56,0,trend_extrapolation_from_real_data
CHL,Chile,2085,82.12,85.72,78.52,0,trend_extrapolation_from_real_data
CHL,Chile,2086,82.14,85.79,78.49,0,trend_extrapolation_from_real_data
CHL,Chile,2087,82.15,85.85,78.45,0,trend_extrapolation_from_real_data
CHL,Chile,2088,82.17,85.92,78.42,0,trend_extrapolation_from_real_data
CHL,Chile,2089,82.18,85.98,78.38,0,trend_extrapolation_from_real_data
CHL,Chile,2090,82.2,86.05,78.35,0,trend_extrapolation_from_real_data
CHL,Chile,2091,82.22,86.12,78.32,0,trend_extrapolation_from_real_data
CHL,Chile,2092,82.23,86.18,78.28,0,trend_extrapolation_from_real_data
CHL,Chile,2093,82.25,86.25,78.25,0,trend_extrapolation_from_real_data
CHL,Chile,2094,82.26,86.31,78.21,0,trend_extrapolation_from_real_data
CHL,Chile,2095,82.28,86.38,78.18,0,trend_extrapolation_from_real_data
CHL,Chile,2096,82.29,86.44,78.14,0,trend_extrapolation_from_real_data
CHL,Chile,2097,82.31,86.51,78.11,0,trend_extrapolation_from_real_data
CHL,Chile,2098,82.32,86.57,78.07,0,trend_extrapolation_from_real_data
CHL,Chile,2099,82.34,86.64,78.04,0,trend_extrapolation_from_real_data
CHL,Chile,2100,82.35,86.7,78.0,0,trend_extrapolation_from_real_data
CHN,China,2024,78.0,78.55,77.45,0,trend_extrapolation_from_real_data
CHN,China,2025,78.04,78.64,77.44,0,trend_extrapolation_from_real_data
CHN,China,2026,78.09,78.74,77.44,0,trend_extrapolation_from_real_data
CHN,China,2027,78.13,78.83,77.43,0,trend_extrapolation_from_real_data
CHN,China,2028,78.18,78.93,77.43,0,trend_extrapolation_from_real_data
CHN,China,2029,78.22,79.02,77.42,0,trend_extrapolation_from_real_data
CHN,China,2030,78.27,79.12,77.42,0,trend_extrapolation_from_real_data
CHN,China,2031,78.31,79.21,77.41,0,trend_extrapolation_from_real_data
CHN,China,2032,78.36,79.31,77.41,0,trend_extrapolation_from_real_data
CHN,China,2033,78.4,79.4,77.4,0,trend_extrapolation_from_real_data
CHN,China,2034,78.44,79.49,77.39,0,trend_extrapolation_from_real_data
CHN,China,2035,78.49,79.59,77.39,0,trend_extrapolation_from_real_data
CHN,China,2036,78.53,79.68,77.38,0,trend_extrapolation_from_real_data
CHN,China,2037,78.58,79.78,77.38,0,trend_extrapolation_from_real_data
CHN,China,2038,78.62,79.87,77.37,0,trend_extrapolation_from_real_data
CHN,China,2039,78.67,79.97,77.37,0,trend_extrapolation_from_real_data
CHN,China,2040,78.71,80.06,77.36,0,trend_extrapolation_from_real_data
CHN,China,2041,78.76,80.16,77.36,0,trend_extrapolation_from_real_data
CHN,China,2042,78.8,80.25,77.35,0,trend_extrapolation_from_real_data
CHN,China,2043,78.85,80.35,77.35,0,trend_extrapolation_from_real_data
CHN,China,2044,78.89,80.44,77.34,0,trend_extrapolation_from_real_data
CHN,China,2045,78.94,80.54,77.34,0,trend_extrapolation_from_real_data
CHN,China,2046,78.98,80.63,77.33,0,trend_extrapolation_from_real_data
CHN,China,2047,79.03,80.73,77.33,0,trend_extrapolation_from_real_data
CHN,China,2048,79.07,80.82,77.32,0,trend_extrapolation_from_real_data
CHN,China,2049,79.12,80.92,77.32,0,trend_extrapolation_from_real_data
CHN,China,2050,79.16,81.01,77.31,0,trend_extrapolation_from_real_data
CHN,China,2051,79.2,81.1,77.3,0,trend_extrapolation_from_real_data
CHN,China,2052,79.25,81.2,77.3,0,trend_extrapolation_from_real_data
CHN,China,2053,79.29,81.29,77.29,0,trend_extrapolation_from_real_data
CHN,China,2054,79.34,81.39,77.29,0,trend_extrapolation_from_real_data
CHN,China,2055,79.38,81.48,77.28,0,trend_extrapolation_from_real_data
CHN,China,2056,79.43,81.58,77.28,0,trend_extrapolation_from_real_data
CHN,China,2057,79.47,81.67,77.27,0,trend_extrapolation_from_real_data
CHN,China,2058,79.52,81.77,77.27,0,trend_extrapolation_from_real_data
CHN,China,2059,79.56,81.86,77.26,0,trend_extrapolation_from_real_data
CHN,China,2060,79.61,81.96,77.26,0,trend_extrapolation_from_real_data
CHN,China,2061,79.65,82.05,77.25,0,trend_extrapolation_from_real_data
CHN,China,2062,79.7,82.15,77.25,0,trend_extrapolation_from_real_data
CHN,China,2063,79.74,82.24,77.24,0,trend_extrapolation_from_real_data
CHN,China,2064,79.79,82.34,77.24,0,trend_extrapolation_from_real_data
CHN,China,2065,79.83,82.43,77.23,0,trend_extrapolation_from_real_data
CHN,China,2066,79.87,82.52,77.22,0,trend_extrapolation_from_real_data
CHN,China,2067,79.92,82.62,77.22,0,trend_extrapolation_from_real_data
CHN,China,2068,79.96,82.71,77.21,0,trend_extrapolation_from_real_data
CHN,China,2069,80.01,82.81,77.21,0,trend_extrapolation_from_real_data
CHN,China,2070,80.05,82.9,77.2,0,trend_extrapolation_from_real_data
CHN,China,2071,80.1,83.0,77.2,0,trend_extrapolation_from_real_data
CHN,China,2072,80.14,83.09,77.19,0,trend_extrapolation_from_real_data
CHN,China,2073,80.19,83.19,77.19,0,trend_extrapolation_from_real_data
CHN,China,2074,80.23,83.28,77.18,0,trend_extrapolation_from_real_data
CHN,China,2075,80.28,83.38,77.18,0,trend_extrapolation_from_real_data
CHN,China,2076,80.32,83.47,77.17,0,trend_extrapolation_from_real_data
CHN,China,2077,80.37,83.57,77.17,0,trend_extrapolation_from_real_data
CHN,China,2078,80.41,83.66,77.16,0,trend_extrapolation_from_real_data
CHN,China,2079,80.46,83.76,77.16,0,trend_extrapolation_from_real_data
CHN,China,2080,80.5,83.85,77.15,0,trend_extrapolation_from_real_data
CHN,China,2081,80.55,83.95,77.15,0,trend_extrapolation_from_real_data
CHN,China,2082,80.59,84.04,77.14,0,trend_extrapolation_from_real_data
CHN,China,2083,80.63,84.13,77.13,0,trend_extrapolation_from_real_data
CHN,China,2084,80.68,84.23,77.13,0,trend_extrapolation_from_real_data
CHN,China,2085,80.72,84.32,77.12,0,trend_extrapolation_from_real_data
CHN,China,2086,80.77,84.42,77.12,0,trend_extrapolation_from_real_data
CHN,China,2087,80.81,84.51,77.11,0,trend_extrapolation_from_real_data
CHN,China,2088,80.86,84.61,77.11,0,trend_extrapolation_from_real_data
CHN,China,2089,80.9,84.7,77.1,0,trend_extrapolation_from_real_data
CHN,China,2090,80.95,84.8,77.1,0,trend_extrapolation_from_real_data
CHN,China,2091,80.99,84.89,77.09,0,trend_extrapolation_from_real_data
CHN,China,2092,81.04,84.99,77.09,0,trend_extrapolation_from_real_data
CHN,China,2093,81.08,85.08,77.08,0,trend_extrapolation_from_real_data
CHN,China,2094,81.13,85.18,77.08,0,trend_extrapolation_from_real_data
CHN,China,2095,81.17,85.27,77.07,0,trend_extrapolation_from_real_data
CHN,China,2096,81.22,85.37,77.07,0,trend_extrapolation_from_real_data
CHN,China,2097,81.26,85.46,77.06,0,trend_extrapolation_from_real_data
CHN,China,2098,81.31,85.56,77.06,0,trend_extrapolation_from_real_data
CHN,China,2099,81.35,85.65,77.05,0,trend_extrapolation_from_real_data
CHN,China,2100,81.39,85.74,77.04,0,trend_extrapolation_from_real_data
COL,Colombia,2024,77.76,78.31,77.21,0,trend_extrapolation_from_real_data
COL,Colombia,2025,77.79,78.39,77.19,0,trend_extrapolation_from_real_data
COL,Colombia,2026,77.82,78.47,77.17,0,trend_extrapolation_from_real_data
COL,Colombia,2027,77.85,78.55,77.15,0,trend_extrapolation_from_real_data
COL,Colombia,2028,77.89,78.64,77.14,0,trend_extrapolation_from_real_data
COL,Colombia,2029,77.92,78.72,77.12,0,trend_extrapolation_from_real_data
COL,Colombia,2030,77.95,78.8,77.1,0,trend_extrapolation_from_real_data
COL,Colombia,2031,77.98,78.88,77.08,0,trend_extrapolation_from_real_data
COL,Colombia,2032,78.02,78.97,77.07,0,trend_extrapolation_from_real_data
COL,Colombia,2033,78.05,79.05,77.05,0,trend_extrapolation_from_real_data
COL,Colombia,2034,78.08,79.13,77.03,0,trend_extrapolation_from_real_data
COL,Colombia,2035,78.11,79.21,77.01,0,trend_extrapolation_from_real_data
COL,Colombia,2036,78.15,79.3,77.0,0,trend_extrapolation_from_real_data
COL,Colombia,2037,78.18,79.38,76.98,0,trend_extrapolation_from_real_data
COL,Colombia,2038,78.21,79.46,76.96,0,trend_extrapolation_from_real_data
COL,Colombia,2039,78.24,79.54,76.94,0,trend_extrapolation_from_real_data
COL,Colombia,2040,78.27,79.62,76.92,0,trend_extrapolation_from_real_data
COL,Colombia,2041,78.31,79.71,76.91,0,trend_extrapolation_from_real_data
COL,Colombia,2042,78.34,79.79,76.89,0,trend_extrapolation_from_real_data
COL,Colombia,2043,78.37,79.87,76.87,0,trend_extrapolation_from_real_data
COL,Colombia,2044,78.4,79.95,76.85,0,trend_extrapolation_from_real_data
COL,Colombia,2045,78.44,80.04,76.84,0,trend_extrapolation_from_real_data
COL,Colombia,2046,78.47,80.12,76.82,0,trend_extrapolation_from_real_data
COL,Colombia,2047,78.5,80.2,76.8,0,trend_extrapolation_from_real_data
COL,Colombia,2048,78.53,80.28,76.78,0,trend_extrapolation_from_real_data
COL,Colombia,2049,78.57,80.37,76.77,0,trend_extrapolation_from_real_data
COL,Colombia,2050,78.6,80.45,76.75,0,trend_extrapolation_from_real_data
COL,Colombia,2051,78.63,80.53,76.73,0,trend_extrapolation_from_real_data
COL,Colombia,2052,78.66,80.61,76.71,0,trend_extrapolation_from_real_data
COL,Colombia,2053,78.69,80.69,76.69,0,trend_extrapolation_from_real_data
COL,Colombia,2054,78.73,80.78,76.68,0,trend_extrapolation_from_real_data
COL,Colombia,2055,78.76,80.86,76.66,0,trend_extrapolation_from_real_data
COL,Colombia,2056,78.79,80.94,76.64,0,trend_extrapolation_from_real_data
COL,Colombia,2057,78.82,81.02,76.62,0,trend_extrapolation_from_real_data
COL,Colombia,2058,78.86,81.11,76.61,0,trend_extrapolation_from_real_data
COL,Colombia,2059,78.89,81.19,76.59,0,trend_extrapolation_from_real_data
COL,Colombia,2060,78.92,81.27,76.57,0,trend_extrapolation_from_real_data
COL,Colombia,2061,78.95,81.35,76.55,0,trend_extrapolation_from_real_data
COL,Colombia,2062,78.99,81.44,76.54,0,trend_extrapolation_from_real_data
COL,Colombia,2063,79.02,81.52,76.52,0,trend_extrapolation_from_real_data
COL,Colombia,2064,79.05,81.6,76.5,0,trend_extrapolation_from_real_data
COL,Colombia,2065,79.08,81.68,76.48,0,trend_extrapolation_from_real_data
COL,Colombia,2066,79.12,81.77,76.47,0,trend_extrapolation_from_real_data
COL,Colombia,2067,79.15,81.85,76.45,0,trend_extrapolation_from_real_data
COL,Colombia,2068,79.18,81.93,76.43,0,trend_extrapolation_from_real_data
COL,Colombia,2069,79.21,82.01,76.41,0,trend_extrapolation_from_real_data
COL,Colombia,2070,79.24,82.09,76.39,0,trend_extrapolation_from_real_data
COL,Colombia,2071,79.28,82.18,76.38,0,trend_extrapolation_from_real_data
COL,Colombia,2072,79.31,82.26,76.36,0,trend_extrapolation_from_real_data
COL,Colombia,2073,79.34,82.34,76.34,0,trend_extrapolation_from_real_data
COL,Colombia,2074,79.37,82.42,76.32,0,trend_extrapolation_from_real_data
COL,Colombia,2075,79.41,82.51,76.31,0,trend_extrapolation_from_real_data
COL,Colombia,2076,79.44,82.59,76.29,0,trend_extrapolation_from_real_data
COL,Colombia,2077,79.47,82.67,76.27,0,trend_extrapolation_from_real_data
COL,Colombia,2078,79.5,82.75,76.25,0,trend_extrapolation_from_real_data
COL,Colombia,2079,79.54,82.84,76.24,0,trend_extrapolation_from_real_data
COL,Colombia,2080,79.57,82.92,76.22,0,trend_extrapolation_from_real_data
COL,Colombia,2081,79.6,83.0,76.2,0,trend_extrapolation_from_real_data
COL,Colombia,2082,79.63,83.08,76.18,0,trend_extrapolation_from_real_data
COL,Colombia,2083,79.66,83.16,76.16,0,trend_extrapolation_from_real_data
COL,Colombia,2084,79.7,83.25,76.15,0,trend_extrapolation_from_real_data
COL,Colombia,2085,79.73,83.33,76.13,0,trend_extrapolation_from_real_data
COL,Colombia,2086,79.76,83.41,76.11,0,trend_extrapolation_from_real_data
COL,Colombia,2087,79.79,83.49,76.09,0,trend_extrapolation_from_real_data
COL,Colombia,2088,79.83,83.58,76.08,0,trend_extrapolation_from_real_data
COL,Colombia,2089,79.86,83.66,76.06,0,trend_extrapolation_from_real_data
COL,Colombia,2090,79.89,83.74,76.04,0,trend_extrapolation_from_real_data
COL,Colombia,2091,79.92,83.82,76.02,0,trend_extrapolation_from_real_data
COL,Colombia,2092,79.96,83.91,76.01,0,trend_extrapolation_from_real_data
COL,Colombia,2093,79.99,83.99,75.99,0,trend_extrapolation_from_real_data
COL,Colombia,2094,80.02,84.07,75.97,0,trend_extrapolation_from_real_data
COL,Colombia,2095,80.05,84.15,75.95,0,trend_extrapolation_from_real_data
COL,Colombia,2096,80.08,84.23,75.93,0,trend_extrapolation_from_real_data
COL,Colombia,2097,80.12,84.32,75.92,0,trend_extrapolation_from_real_data
COL,Colombia,2098,80.15,84.4,75.9,0,trend_extrapolation_from_real_data
COL,Colombia,2099,80.18,84.48,75.88,0,trend_extrapolation_from_real_data
COL,Colombia,2100,80.21,84.56,75.86,0,trend_extrapolation_from_real_data
CRI,Costa Rica,2024,80.81,81.36,80.26,1,trend_extrapolation_from_real_data
CRI,Costa Rica,2025,80.82,81.42,80.22,1,trend_extrapolation_from_real_data
CRI,Costa Rica,2026,80.83,81.48,80.18,1,trend_extrapolation_from_real_data
CRI,Costa Rica,2027,80.84,81.54,80.14,1,trend_extrapolation_from_real_data
CRI,Costa Rica,2028,80.85,81.6,80.1,1,trend_extrapolation_from_real_data
CRI,Costa Rica,2029,80.86,81.66,80.06,1,trend_extrapolation_from_real_data
CRI,Costa Rica,2030,80.87,81.72,80.02,1,trend_extrapolation_from_real_data
CRI,Costa Rica,2031,80.88,81.78,79.98,1,trend_extrapolation_from_real_data
CRI,Costa Rica,2032,80.88,81.83,79.93,1,trend_extrapolation_from_real_data
CRI,Costa Rica,2033,80.89,81.89,79.89,1,trend_extrapolation_from_real_data
CRI,Costa Rica,2034,80.9,81.95,79.85,1,trend_extrapolation_from_real_data
CRI,Costa Rica,2035,80.91,82.01,79.81,1,trend_extrapolation_from_real_data
CRI,Costa Rica,2036,80.92,82.07,79.77,1,trend_extrapolation_from_real_data
CRI,Costa Rica,2037,80.93,82.13,79.73,1,trend_extrapolation_from_real_data
CRI,Costa Rica,2038,80.94,82.19,79.69,1,trend_extrapolation_from_real_data
CRI,Costa Rica,2039,80.95,82.25,79.65,1,trend_extrapolation_from_real_data
CRI,Costa Rica,2040,80.96,82.31,79.61,1,trend_extrapolation_from_real_data
CRI,Costa Rica,2041,80.97,82.37,79.57,1,trend_extrapolation_from_real_data
CRI,Costa Rica,2042,80.98,82.43,79.53,1,trend_extrapolation_from_real_data
CRI,Costa Rica,2043,80.99,82.49,79.49,1,trend_extrapolation_from_real_data
CRI,Costa Rica,2044,81.0,82.55,79.45,1,trend_extrapolation_from_real_data
CRI,Costa Rica,2045,81.01,82.61,79.41,1,trend_extrapolation_from_real_data
CRI,Costa Rica,2046,81.02,82.67,79.37,1,trend_extrapolation_from_real_data
CRI,Costa Rica,2047,81.03,82.73,79.33,1,trend_extrapolation_from_real_data
CRI,Costa Rica,2048,81.04,82.79,79.29,1,trend_extrapolation_from_real_data
CRI,Costa Rica,2049,81.05,82.85,79.25,1,trend_extrapolation_from_real_data
CRI,Costa Rica,2050,81.06,82.91,79.21,1,trend_extrapolation_from_real_data
CRI,Costa Rica,2051,81.07,82.97,79.17,1,trend_extrapolation_from_real_data
CRI,Costa Rica,2052,81.08,83.03,79.13,1,trend_extrapolation_from_real_data
CRI,Costa Rica,2053,81.09,83.09,79.09,1,trend_extrapolation_from_real_data
CRI,Costa Rica,2054,81.1,83.15,79.05,1,trend_extrapolation_from_real_data
CRI,Costa Rica,2055,81.1,83.2,79.0,1,trend_extrapolation_from_real_data
CRI,Costa Rica,2056,81.11,83.26,78.96,1,trend_extrapolation_from_real_data
CRI,Costa Rica,2057,81.12,83.32,78.92,1,trend_extrapolation_from_real_data
CRI,Costa Rica,2058,81.13,83.38,78.88,1,trend_extrapolation_from_real_data
CRI,Costa Rica,2059,81.14,83.44,78.84,1,trend_extrapolation_from_real_data
CRI,Costa Rica,2060,81.15,83.5,78.8,1,trend_extrapolation_from_real_data
CRI,Costa Rica,2061,81.16,83.56,78.76,1,trend_extrapolation_from_real_data
CRI,Costa Rica,2062,81.17,83.62,78.72,1,trend_extrapolation_from_real_data
CRI,Costa Rica,2063,81.18,83.68,78.68,1,trend_extrapolation_from_real_data
CRI,Costa Rica,2064,81.19,83.74,78.64,1,trend_extrapolation_from_real_data
CRI,Costa Rica,2065,81.2,83.8,78.6,1,trend_extrapolation_from_real_data
CRI,Costa Rica,2066,81.21,83.86,78.56,1,trend_extrapolation_from_real_data
CRI,Costa Rica,2067,81.22,83.92,78.52,1,trend_extrapolation_from_real_data
CRI,Costa Rica,2068,81.23,83.98,78.48,1,trend_extrapolation_from_real_data
CRI,Costa Rica,2069,81.24,84.04,78.44,1,trend_extrapolation_from_real_data
CRI,Costa Rica,2070,81.25,84.1,78.4,1,trend_extrapolation_from_real_data
CRI,Costa Rica,2071,81.26,84.16,78.36,1,trend_extrapolation_from_real_data
CRI,Costa Rica,2072,81.27,84.22,78.32,1,trend_extrapolation_from_real_data
CRI,Costa Rica,2073,81.28,84.28,78.28,1,trend_extrapolation_from_real_data
CRI,Costa Rica,2074,81.29,84.34,78.24,1,trend_extrapolation_from_real_data
CRI,Costa Rica,2075,81.3,84.4,78.2,1,trend_extrapolation_from_real_data
CRI,Costa Rica,2076,81.31,84.46,78.16,1,trend_extrapolation_from_real_data
CRI,Costa Rica,2077,81.31,84.51,78.11,1,trend_extrapolation_from_real_data
CRI,Costa Rica,2078,81.32,84.57,78.07,1,trend_extrapolation_from_real_data
CRI,Costa Rica,2079,81.33,84.63,78.03,1,trend_extrapolation_from_real_data
CRI,Costa Rica,2080,81.34,84.69,77.99,1,trend_extrapolation_from_real_data
CRI,Costa Rica,2081,81.35,84.75,77.95,1,trend_extrapolation_from_real_data
CRI,Costa Rica,2082,81.36,84.81,77.91,1,trend_extrapolation_from_real_data
CRI,Costa Rica,2083,81.37,84.87,77.87,1,trend_extrapolation_from_real_data
CRI,Costa Rica,2084,81.38,84.93,77.83,1,trend_extrapolation_from_real_data
CRI,Costa Rica,2085,81.39,84.99,77.79,1,trend_extrapolation_from_real_data
CRI,Costa Rica,2086,81.4,85.05,77.75,1,trend_extrapolation_from_real_data
CRI,Costa Rica,2087,81.41,85.11,77.71,1,trend_extrapolation_from_real_data
CRI,Costa Rica,2088,81.42,85.17,77.67,1,trend_extrapolation_from_real_data
CRI,Costa Rica,2089,81.43,85.23,77.63,1,trend_extrapolation_from_real_data
CRI,Costa Rica,2090,81.44,85.29,77.59,1,trend_extrapolation_from_real_data
CRI,Costa Rica,2091,81.45,85.35,77.55,1,trend_extrapolation_from_real_data
CRI,Costa Rica,2092,81.46,85.41,77.51,1,trend_extrapolation_from_real_data
CRI,Costa Rica,2093,81.47,85.47,77.47,1,trend_extrapolation_from_real_data
CRI,Costa Rica,2094,81.48,85.53,77.43,1,trend_extrapolation_from_real_data
CRI,Costa Rica,2095,81.49,85.59,77.39,1,trend_extrapolation_from_real_data
CRI,Costa Rica,2096,81.5,85.65,77.35,1,trend_extrapolation_from_real_data
CRI,Costa Rica,2097,81.51,85.71,77.31,1,trend_extrapolation_from_real_data
CRI,Costa Rica,2098,81.52,85.77,77.27,1,trend_extrapolation_from_real_data
CRI,Costa Rica,2099,81.52,85.82,77.22,1,trend_extrapolation_from_real_data
CRI,Costa Rica,2100,81.53,85.88,77.18,1,trend_extrapolation_from_real_data
CZE,Czech Republic,2024,79.91,80.46,79.36,0,trend_extrapolation_from_real_data
CZE,Czech Republic,2025,79.94,80.54,79.34,0,trend_extrapolation_from_real_data
CZE,Czech Republic,2026,79.96,80.61,79.31,0,trend_extrapolation_from_real_data
CZE,Czech Republic,2027,79.99,80.69,79.29,0,trend_extrapolation_from_real_data
CZE,Czech Republic,2028,80.02,80.77,79.27,0,trend_extrapolation_from_real_data
CZE,Czech Republic,2029,80.05,80.85,79.25,0,trend_extrapolation_from_real_data
CZE,Czech Republic,2030,80.08,80.93,79.23,0,trend_extrapolation_from_real_data
CZE,Czech Republic,2031,80.11,81.01,79.21,0,trend_extrapolation_from_real_data
CZE,Czech Republic,2032,80.13,81.08,79.18,0,trend_extrapolation_from_real_data
CZE,Czech Republic,2033,80.16,81.16,79.16,0,trend_extrapolation_from_real_data
CZE,Czech Republic,2034,80.19,81.24,79.14,0,trend_extrapolation_from_real_data
CZE,Czech Republic,2035,80.22,81.32,79.12,0,trend_extrapolation_from_real_data
CZE,Czech Republic,2036,80.25,81.4,79.1,0,trend_extrapolation_from_real_data
CZE,Czech Republic,2037,80.28,81.48,79.08,0,trend_extrapolation_from_real_data
CZE,Czech Republic,2038,80.31,81.56,79.06,0,trend_extrapolation_from_real_data
CZE,Czech Republic,2039,80.33,81.63,79.03,0,trend_extrapolation_from_real_data
CZE,Czech Republic,2040,80.36,81.71,79.01,0,trend_extrapolation_from_real_data
CZE,Czech Republic,2041,80.39,81.79,78.99,0,trend_extrapolation_from_real_data
CZE,Czech Republic,2042,80.42,81.87,78.97,0,trend_extrapolation_from_real_data
CZE,Czech Republic,2043,80.45,81.95,78.95,0,trend_extrapolation_from_real_data
CZE,Czech Republic,2044,80.48,82.03,78.93,0,trend_extrapolation_from_real_data
CZE,Czech Republic,2045,80.51,82.11,78.91,0,trend_extrapolation_from_real_data
CZE,Czech Republic,2046,80.53,82.18,78.88,0,trend_extrapolation_from_real_data
CZE,Czech Republic,2047,80.56,82.26,78.86,0,trend_extrapolation_from_real_data
CZE,Czech Republic,2048,80.59,82.34,78.84,0,trend_extrapolation_from_real_data
CZE,Czech Republic,2049,80.62,82.42,78.82,0,trend_extrapolation_from_real_data
CZE,Czech Republic,2050,80.65,82.5,78.8,0,trend_extrapolation_from_real_data
CZE,Czech Republic,2051,80.68,82.58,78.78,0,trend_extrapolation_from_real_data
CZE,Czech Republic,2052,80.71,82.66,78.76,0,trend_extrapolation_from_real_data
CZE,Czech Republic,2053,80.73,82.73,78.73,0,trend_extrapolation_from_real_data
CZE,Czech Republic,2054,80.76,82.81,78.71,0,trend_extrapolation_from_real_data
CZE,Czech Republic,2055,80.79,82.89,78.69,0,trend_extrapolation_from_real_data
CZE,Czech Republic,2056,80.82,82.97,78.67,0,trend_extrapolation_from_real_data
CZE,Czech Republic,2057,80.85,83.05,78.65,0,trend_extrapolation_from_real_data
CZE,Czech Republic,2058,80.88,83.13,78.63,0,trend_extrapolation_from_real_data
CZE,Czech Republic,2059,80.91,83.21,78.61,0,trend_extrapolation_from_real_data
CZE,Czech Republic,2060,80.93,83.28,78.58,0,trend_extrapolation_from_real_data
CZE,Czech Republic,2061,80.96,83.36,78.56,0,trend_extrapolation_from_real_data
CZE,Czech Republic,2062,80.99,83.44,78.54,0,trend_extrapolation_from_real_data
CZE,Czech Republic,2063,81.02,83.52,78.52,0,trend_extrapolation_from_real_data
CZE,Czech Republic,2064,81.05,83.6,78.5,0,trend_extrapolation_from_real_data
CZE,Czech Republic,2065,81.08,83.68,78.48,0,trend_extrapolation_from_real_data
CZE,Czech Republic,2066,81.11,83.76,78.46,0,trend_extrapolation_from_real_data
CZE,Czech Republic,2067,81.13,83.83,78.43,0,trend_extrapolation_from_real_data
CZE,Czech Republic,2068,81.16,83.91,78.41,0,trend_extrapolation_from_real_data
CZE,Czech Republic,2069,81.19,83.99,78.39,0,trend_extrapolation_from_real_data
CZE,Czech Republic,2070,81.22,84.07,78.37,0,trend_extrapolation_from_real_data
CZE,Czech Republic,2071,81.25,84.15,78.35,0,trend_extrapolation_from_real_data
CZE,Czech Republic,2072,81.28,84.23,78.33,0,trend_extrapolation_from_real_data
CZE,Czech Republic,2073,81.31,84.31,78.31,0,trend_extrapolation_from_real_data
CZE,Czech Republic,2074,81.33,84.38,78.28,0,trend_extrapolation_from_real_data
CZE,Czech Republic,2075,81.36,84.46,78.26,0,trend_extrapolation_from_real_data
CZE,Czech Republic,2076,81.39,84.54,78.24,0,trend_extrapolation_from_real_data
CZE,Czech Republic,2077,81.42,84.62,78.22,0,trend_extrapolation_from_real_data
CZE,Czech Republic,2078,81.45,84.7,78.2,0,trend_extrapolation_from_real_data
CZE,Czech Republic,2079,81.48,84.78,78.18,0,trend_extrapolation_from_real_data
CZE,Czech Republic,2080,81.51,84.86,78.16,0,trend_extrapolation_from_real_data
CZE,Czech Republic,2081,81.53,84.93,78.13,0,trend_extrapolation_from_real_data
CZE,Czech Republic,2082,81.56,85.01,78.11,0,trend_extrapolation_from_real_data
CZE,Czech Republic,2083,81.59,85.09,78.09,0,trend_extrapolation_from_real_data
CZE,Czech Republic,2084,81.62,85.17,78.07,0,trend_extrapolation_from_real_data
CZE,Czech Republic,2085,81.65,85.25,78.05,0,trend_extrapolation_from_real_data
CZE,Czech Republic,2086,81.68,85.33,78.03,0,trend_extrapolation_from_real_data
CZE,Czech Republic,2087,81.71,85.41,78.01,0,trend_extrapolation_from_real_data
CZE,Czech Republic,2088,81.73,85.48,77.98,0,trend_extrapolation_from_real_data
CZE,Czech Republic,2089,81.76,85.56,77.96,0,trend_extrapolation_from_real_data
CZE,Czech Republic,2090,81.79,85.64,77.94,0,trend_extrapolation_from_real_data
CZE,Czech Republic,2091,81.82,85.72,77.92,0,trend_extrapolation_from_real_data
CZE,Czech Republic,2092,81.85,85.8,77.9,0,trend_extrapolation_from_real_data
CZE,Czech Republic,2093,81.88,85.88,77.88,0,trend_extrapolation_from_real_data
CZE,Czech Republic,2094,81.91,85.96,77.86,0,trend_extrapolation_from_real_data
CZE,Czech Republic,2095,81.93,86.03,77.83,0,trend_extrapolation_from_real_data
CZE,Czech Republic,2096,81.96,86.11,77.81,0,trend_extrapolation_from_real_data
CZE,Czech Republic,2097,81.99,86.19,77.79,0,trend_extrapolation_from_real_data
CZE,Czech Republic,2098,82.02,86.27,77.77,0,trend_extrapolation_from_real_data
CZE,Czech Republic,2099,82.05,86.35,77.75,0,trend_extrapolation_from_real_data
CZE,Czech Republic,2100,82.08,86.43,77.73,0,trend_extrapolation_from_real_data
DEU,Germany,2024,80.56,81.11,80.01,0,trend_extrapolation_from_real_data
DEU,Germany,2025,80.58,81.18,79.98,0,trend_extrapolation_from_real_data
DEU,Germany,2026,80.6,81.25,79.95,0,trend_extrapolation_from_real_data
DEU,Germany,2027,80.61,81.31,79.91,0,trend_extrapolation_from_real_data
DEU,Germany,2028,80.63,81.38,79.88,0,trend_extrapolation_from_real_data
DEU,Germany,2029,80.65,81.45,79.85,0,trend_extrapolation_from_real_data
DEU,Germany,2030,80.67,81.52,79.82,0,trend_extrapolation_from_real_data
DEU,Germany,2031,80.69,81.59,79.79,0,trend_extrapolation_from_real_data
DEU,Germany,2032,80.71,81.66,79.76,0,trend_extrapolation_from_real_data
DEU,Germany,2033,80.72,81.72,79.72,0,trend_extrapolation_from_real_data
DEU,Germany,2034,80.74,81.79,79.69,0,trend_extrapolation_from_real_data
DEU,Germany,2035,80.76,81.86,79.66,0,trend_extrapolation_from_real_data
DEU,Germany,2036,80.78,81.93,79.63,0,trend_extrapolation_from_real_data
DEU,Germany,2037,80.8,82.0,79.6,0,trend_extrapolation_from_real_data
DEU,Germany,2038,80.81,82.06,79.56,0,trend_extrapolation_from_real_data
DEU,Germany,2039,80.83,82.13,79.53,0,trend_extrapolation_from_real_data
DEU,Germany,2040,80.85,82.2,79.5,0,trend_extrapolation_from_real_data
DEU,Germany,2041,80.87,82.27,79.47,0,trend_extrapolation_from_real_data
DEU,Germany,2042,80.89,82.34,79.44,0,trend_extrapolation_from_real_data
DEU,Germany,2043,80.91,82.41,79.41,0,trend_extrapolation_from_real_data
DEU,Germany,2044,80.92,82.47,79.37,0,trend_extrapolation_from_real_data
DEU,Germany,2045,80.94,82.54,79.34,0,trend_extrapolation_from_real_data
DEU,Germany,2046,80.96,82.61,79.31,0,trend_extrapolation_from_real_data
DEU,Germany,2047,80.98,82.68,79.28,0,trend_extrapolation_from_real_data
DEU,Germany,2048,81.0,82.75,79.25,0,trend_extrapolation_from_real_data
DEU,Germany,2049,81.01,82.81,79.21,0,trend_extrapolation_from_real_data
DEU,Germany,2050,81.03,82.88,79.18,0,trend_extrapolation_from_real_data
DEU,Germany,2051,81.05,82.95,79.15,0,trend_extrapolation_from_real_data
DEU,Germany,2052,81.07,83.02,79.12,0,trend_extrapolation_from_real_data
DEU,Germany,2053,81.09,83.09,79.09,0,trend_extrapolation_from_real_data
DEU,Germany,2054,81.11,83.16,79.06,0,trend_extrapolation_from_real_data
DEU,Germany,2055,81.12,83.22,79.02,0,trend_extrapolation_from_real_data
DEU,Germany,2056,81.14,83.29,78.99,0,trend_extrapolation_from_real_data
DEU,Germany,2057,81.16,83.36,78.96,0,trend_extrapolation_from_real_data
DEU,Germany,2058,81.18,83.43,78.93,0,trend_extrapolation_from_real_data
DEU,Germany,2059,81.2,83.5,78.9,0,trend_extrapolation_from_real_data
DEU,Germany,2060,81.22,83.57,78.87,0,trend_extrapolation_from_real_data
DEU,Germany,2061,81.23,83.63,78.83,0,trend_extrapolation_from_real_data
DEU,Germany,2062,81.25,83.7,78.8,0,trend_extrapolation_from_real_data
DEU,Germany,2063,81.27,83.77,78.77,0,trend_extrapolation_from_real_data
DEU,Germany,2064,81.29,83.84,78.74,0,trend_extrapolation_from_real_data
DEU,Germany,2065,81.31,83.91,78.71,0,trend_extrapolation_from_real_data
DEU,Germany,2066,81.32,83.97,78.67,0,trend_extrapolation_from_real_data
DEU,Germany,2067,81.34,84.04,78.64,0,trend_extrapolation_from_real_data
DEU,Germany,2068,81.36,84.11,78.61,0,trend_extrapolation_from_real_data
DEU,Germany,2069,81.38,84.18,78.58,0,trend_extrapolation_from_real_data
DEU,Germany,2070,81.4,84.25,78.55,0,trend_extrapolation_from_real_data
DEU,Germany,2071,81.42,84.32,78.52,0,trend_extrapolation_from_real_data
DEU,Germany,2072,81.43,84.38,78.48,0,trend_extrapolation_from_real_data
DEU,Germany,2073,81.45,84.45,78.45,0,trend_extrapolation_from_real_data
DEU,Germany,2074,81.47,84.52,78.42,0,trend_extrapolation_from_real_data
DEU,Germany,2075,81.49,84.59,78.39,0,trend_extrapolation_from_real_data
DEU,Germany,2076,81.51,84.66,78.36,0,trend_extrapolation_from_real_data
DEU,Germany,2077,81.52,84.72,78.32,0,trend_extrapolation_from_real_data
DEU,Germany,2078,81.54,84.79,78.29,0,trend_extrapolation_from_real_data
DEU,Germany,2079,81.56,84.86,78.26,0,trend_extrapolation_from_real_data
DEU,Germany,2080,81.58,84.93,78.23,0,trend_extrapolation_from_real_data
DEU,Germany,2081,81.6,85.0,78.2,0,trend_extrapolation_from_real_data
DEU,Germany,2082,81.62,85.07,78.17,0,trend_extrapolation_from_real_data
DEU,Germany,2083,81.63,85.13,78.13,0,trend_extrapolation_from_real_data
DEU,Germany,2084,81.65,85.2,78.1,0,trend_extrapolation_from_real_data
DEU,Germany,2085,81.67,85.27,78.07,0,trend_extrapolation_from_real_data
DEU,Germany,2086,81.69,85.34,78.04,0,trend_extrapolation_from_real_data
DEU,Germany,2087,81.71,85.41,78.01,0,trend_extrapolation_from_real_data
DEU,Germany,2088,81.72,85.47,77.97,0,trend_extrapolation_from_real_data
DEU,Germany,2089,81.74,85.54,77.94,0,trend_extrapolation_from_real_data
DEU,Germany,2090,81.76,85.61,77.91,0,trend_extrapolation_from_real_data
DEU,Germany,2091,81.78,85.68,77.88,0,trend_extrapolation_from_real_data
DEU,Germany,2092,81.8,85.75,77.85,0,trend_extrapolation_from_real_data
DEU,Germany,2093,81.82,85.82,77.82,0,trend_extrapolation_from_real_data
DEU,Germany,2094,81.83,85.88,77.78,0,trend_extrapolation_from_real_data
DEU,Germany,2095,81.85,85.95,77.75,0,trend_extrapolation_from_real_data
DEU,Germany,2096,81.87,86.02,77.72,0,trend_extrapolation_from_real_data
DEU,Germany,2097,81.89,86.09,77.69,0,trend_extrapolation_from_real_data
DEU,Germany,2098,81.91,86.16,77.66,0,trend_extrapolation_from_real_data
DEU,Germany,2099,81.93,86.23,77.63,0,trend_extrapolation_from_real_data
DEU,Germany,2100,81.94,86.29,77.59,0,trend_extrapolation_from_real_data
DNK,Denmark,2024,81.89,82.44,81.34,0,trend_extrapolation_from_real_data
DNK,Denmark,2025,81.92,82.52,81.32,0,trend_extrapolation_from_real_data
DNK,Denmark,2026,81.95,82.6,81.3,0,trend_extrapolation_from_real_data
DNK,Denmark,2027,81.99,82.69,81.29,0,trend_extrapolation_from_real_data
DNK,Denmark,2028,82.02,82.77,81.27,0,trend_extrapolation_from_real_data
DNK,Denmark,2029,82.05,82.85,81.25,0,trend_extrapolation_from_real_data
DNK,Denmark,2030,82.09,82.94,81.24,0,trend_extrapolation_from_real_data
DNK,Denmark,2031,82.12,83.02,81.22,0,trend_extrapolation_from_real_data
DNK,Denmark,2032,82.15,83.1,81.2,0,trend_extrapolation_from_real_data
DNK,Denmark,2033,82.18,83.18,81.18,0,trend_extrapolation_from_real_data
DNK,Denmark,2034,82.22,83.27,81.17,0,trend_extrapolation_from_real_data
DNK,Denmark,2035,82.25,83.35,81.15,0,trend_extrapolation_from_real_data
DNK,Denmark,2036,82.28,83.43,81.13,0,trend_extrapolation_from_real_data
DNK,Denmark,2037,82.32,83.52,81.12,0,trend_extrapolation_from_real_data
DNK,Denmark,2038,82.35,83.6,81.1,0,trend_extrapolation_from_real_data
DNK,Denmark,2039,82.38,83.68,81.08,0,trend_extrapolation_from_real_data
DNK,Denmark,2040,82.42,83.77,81.07,0,trend_extrapolation_from_real_data
DNK,Denmark,2041,82.45,83.85,81.05,0,trend_extrapolation_from_real_data
DNK,Denmark,2042,82.48,83.93,81.03,0,trend_extrapolation_from_real_data
DNK,Denmark,2043,82.52,84.02,81.02,0,trend_extrapolation_from_real_data
DNK,Denmark,2044,82.55,84.1,81.0,0,trend_extrapolation_from_real_data
DNK,Denmark,2045,82.58,84.18,80.98,0,trend_extrapolation_from_real_data
DNK,Denmark,2046,82.62,84.27,80.97,0,trend_extrapolation_from_real_data
DNK,Denmark,2047,82.65,84.35,80.95,0,trend_extrapolation_from_real_data
DNK,Denmark,2048,82.68,84.43,80.93,0,trend_extrapolation_from_real_data
DNK,Denmark,2049,82.71,84.51,80.91,0,trend_extrapolation_from_real_data
DNK,Denmark,2050,82.75,84.6,80.9,0,trend_extrapolation_from_real_data
DNK,Denmark,2051,82.78,84.68,80.88,0,trend_extrapolation_from_real_data
DNK,Denmark,2052,82.81,84.76,80.86,0,trend_extrapolation_from_real_data
DNK,Denmark,2053,82.85,84.85,80.85,0,trend_extrapolation_from_real_data
DNK,Denmark,2054,82.88,84.93,80.83,0,trend_extrapolation_from_real_data
DNK,Denmark,2055,82.91,85.01,80.81,0,trend_extrapolation_from_real_data
DNK,Denmark,2056,82.95,85.1,80.8,0,trend_extrapolation_from_real_data
DNK,Denmark,2057,82.98,85.18,80.78,0,trend_extrapolation_from_real_data
DNK,Denmark,2058,83.01,85.26,80.76,0,trend_extrapolation_from_real_data
DNK,Denmark,2059,83.05,85.35,80.75,0,trend_extrapolation_from_real_data
DNK,Denmark,2060,83.08,85.43,80.73,0,trend_extrapolation_from_real_data
DNK,Denmark,2061,83.11,85.51,80.71,0,trend_extrapolation_from_real_data
DNK,Denmark,2062,83.15,85.6,80.7,0,trend_extrapolation_from_real_data
DNK,Denmark,2063,83.18,85.68,80.68,0,trend_extrapolation_from_real_data
DNK,Denmark,2064,83.21,85.76,80.66,0,trend_extrapolation_from_real_data
DNK,Denmark,2065,83.24,85.84,80.64,0,trend_extrapolation_from_real_data
DNK,Denmark,2066,83.28,85.93,80.63,0,trend_extrapolation_from_real_data
DNK,Denmark,2067,83.31,86.01,80.61,0,trend_extrapolation_from_real_data
DNK,Denmark,2068,83.34,86.09,80.59,0,trend_extrapolation_from_real_data
DNK,Denmark,2069,83.38,86.18,80.58,0,trend_extrapolation_from_real_data
DNK,Denmark,2070,83.41,86.26,80.56,0,trend_extrapolation_from_real_data
DNK,Denmark,2071,83.44,86.34,80.54,0,trend_extrapolation_from_real_data
DNK,Denmark,2072,83.48,86.43,80.53,0,trend_extrapolation_from_real_data
DNK,Denmark,2073,83.51,86.51,80.51,0,trend_extrapolation_from_real_data
DNK,Denmark,2074,83.54,86.59,80.49,0,trend_extrapolation_from_real_data
DNK,Denmark,2075,83.58,86.68,80.48,0,trend_extrapolation_from_real_data
DNK,Denmark,2076,83.61,86.76,80.46,0,trend_extrapolation_from_real_data
DNK,Denmark,2077,83.64,86.84,80.44,0,trend_extrapolation_from_real_data
DNK,Denmark,2078,83.67,86.92,80.42,0,trend_extrapolation_from_real_data
DNK,Denmark,2079,83.71,87.01,80.41,0,trend_extrapolation_from_real_data
DNK,Denmark,2080,83.74,87.09,80.39,0,trend_extrapolation_from_real_data
DNK,Denmark,2081,83.77,87.17,80.37,0,trend_extrapolation_from_real_data
DNK,Denmark,2082,83.81,87.26,80.36,0,trend_extrapolation_from_real_data
DNK,Denmark,2083,83.84,87.34,80.34,0,trend_extrapolation_from_real_data
DNK,Denmark,2084,83.87,87.42,80.32,0,trend_extrapolation_from_real_data
DNK,Denmark,2085,83.91,87.51,80.31,0,trend_extrapolation_from_real_data
DNK,Denmark,2086,83.94,87.59,80.29,0,trend_extrapolation_from_real_data
DNK,Denmark,2087,83.97,87.67,80.27,0,trend_extrapolation_from_real_data
DNK,Denmark,2088,84.01,87.76,80.26,0,trend_extrapolation_from_real_data
DNK,Denmark,2089,84.04,87.84,80.24,0,trend_extrapolation_from_real_data
DNK,Denmark,2090,84.07,87.92,80.22,0,trend_extrapolation_from_real_data
DNK,Denmark,2091,84.11,88.01,80.21,0,trend_extrapolation_from_real_data
DNK,Denmark,2092,84.14,88.09,80.19,0,trend_extrapolation_from_real_data
DNK,Denmark,2093,84.17,88.17,80.17,0,trend_extrapolation_from_real_data
DNK,Denmark,2094,84.2,88.25,80.15,0,trend_extrapolation_from_real_data
DNK,Denmark,2095,84.24,88.34,80.14,0,trend_extrapolation_from_real_data
DNK,Denmark,2096,84.27,88.42,80.12,0,trend_extrapolation_from_real_data
DNK,Denmark,2097,84.3,88.5,80.1,0,trend_extrapolation_from_real_data
DNK,Denmark,2098,84.34,88.59,80.09,0,trend_extrapolation_from_real_data
DNK,Denmark,2099,84.37,88.67,80.07,0,trend_extrapolation_from_real_data
DNK,Denmark,2100,84.4,88.75,80.05,0,trend_extrapolation_from_real_data
DZA,Algeria,2024,76.29,76.84,75.74,0,trend_extrapolation_from_real_data
DZA,Algeria,2025,76.33,76.93,75.73,0,trend_extrapolation_from_real_data
DZA,Algeria,2026,76.36,77.01,75.71,0,trend_extrapolation_from_real_data
DZA,Algeria,2027,76.4,77.1,75.7,0,trend_extrapolation_from_real_data
DZA,Algeria,2028,76.43,77.18,75.68,0,trend_extrapolation_from_real_data
DZA,Algeria,2029,76.46,77.26,75.66,0,trend_extrapolation_from_real_data
DZA,Algeria,2030,76.5,77.35,75.65,0,trend_extrapolation_from_real_data
DZA,Algeria,2031,76.53,77.43,75.63,0,trend_extrapolation_from_real_data
DZA,Algeria,2032,76.56,77.51,75.61,0,trend_extrapolation_from_real_data
DZA,Algeria,2033,76.6,77.6,75.6,0,trend_extrapolation_from_real_data
DZA,Algeria,2034,76.63,77.68,75.58,0,trend_extrapolation_from_real_data
DZA,Algeria,2035,76.66,77.76,75.56,0,trend_extrapolation_from_real_data
DZA,Algeria,2036,76.7,77.85,75.55,0,trend_extrapolation_from_real_data
DZA,Algeria,2037,76.73,77.93,75.53,0,trend_extrapolation_from_real_data
DZA,Algeria,2038,76.77,78.02,75.52,0,trend_extrapolation_from_real_data
DZA,Algeria,2039,76.8,78.1,75.5,0,trend_extrapolation_from_real_data
DZA,Algeria,2040,76.83,78.18,75.48,0,trend_extrapolation_from_real_data
DZA,Algeria,2041,76.87,78.27,75.47,0,trend_extrapolation_from_real_data
DZA,Algeria,2042,76.9,78.35,75.45,0,trend_extrapolation_from_real_data
DZA,Algeria,2043,76.93,78.43,75.43,0,trend_extrapolation_from_real_data
DZA,Algeria,2044,76.97,78.52,75.42,0,trend_extrapolation_from_real_data
DZA,Algeria,2045,77.0,78.6,75.4,0,trend_extrapolation_from_real_data
DZA,Algeria,2046,77.03,78.68,75.38,0,trend_extrapolation_from_real_data
DZA,Algeria,2047,77.07,78.77,75.37,0,trend_extrapolation_from_real_data
DZA,Algeria,2048,77.1,78.85,75.35,0,trend_extrapolation_from_real_data
DZA,Algeria,2049,77.14,78.94,75.34,0,trend_extrapolation_from_real_data
DZA,Algeria,2050,77.17,79.02,75.32,0,trend_extrapolation_from_real_data
DZA,Algeria,2051,77.2,79.1,75.3,0,trend_extrapolation_from_real_data
DZA,Algeria,2052,77.24,79.19,75.29,0,trend_extrapolation_from_real_data
DZA,Algeria,2053,77.27,79.27,75.27,0,trend_extrapolation_from_real_data
DZA,Algeria,2054,77.3,79.35,75.25,0,trend_extrapolation_from_real_data
DZA,Algeria,2055,77.34,79.44,75.24,0,trend_extrapolation_from_real_data
DZA,Algeria,2056,77.37,79.52,75.22,0,trend_extrapolation_from_real_data
DZA,Algeria,2057,77.4,79.6,75.2,0,trend_extrapolation_from_real_data
DZA,Algeria,2058,77.44,79.69,75.19,0,trend_extrapolation_from_real_data
DZA,Algeria,2059,77.47,79.77,75.17,0,trend_extrapolation_from_real_data
DZA,Algeria,2060,77.5,79.85,75.15,0,trend_extrapolation_from_real_data
DZA,Algeria,2061,77.54,79.94,75.14,0,trend_extrapolation_from_real_data
DZA,Algeria,2062,77.57,80.02,75.12,0,trend_extrapolation_from_real_data
DZA,Algeria,2063,77.61,80.11,75.11,0,trend_extrapolation_from_real_data
DZA,Algeria,2064,77.64,80.19,75.09,0,trend_extrapolation_from_real_data
DZA,Algeria,2065,77.67,80.27,75.07,0,trend_extrapolation_from_real_data
DZA,Algeria,2066,77.71,80.36,75.06,0,trend_extrapolation_from_real_data
DZA,Algeria,2067,77.74,80.44,75.04,0,trend_extrapolation_from_real_data
DZA,Algeria,2068,77.77,80.52,75.02,0,trend_extrapolation_from_real_data
DZA,Algeria,2069,77.81,80.61,75.01,0,trend_extrapolation_from_real_data
DZA,Algeria,2070,77.84,80.69,74.99,0,trend_extrapolation_from_real_data
DZA,Algeria,2071,77.87,80.77,74.97,0,trend_extrapolation_from_real_data
DZA,Algeria,2072,77.91,80.86,74.96,0,trend_extrapolation_from_real_data
DZA,Algeria,2073,77.94,80.94,74.94,0,trend_extrapolation_from_real_data
DZA,Algeria,2074,77.98,81.03,74.93,0,trend_extrapolation_from_real_data
DZA,Algeria,2075,78.01,81.11,74.91,0,trend_extrapolation_from_real_data
DZA,Algeria,2076,78.04,81.19,74.89,0,trend_extrapolation_from_real_data
DZA,Algeria,2077,78.08,81.28,74.88,0,trend_extrapolation_from_real_data
DZA,Algeria,2078,78.11,81.36,74.86,0,trend_extrapolation_from_real_data
DZA,Algeria,2079,78.14,81.44,74.84,0,trend_extrapolation_from_real_data
DZA,Algeria,2080,78.18,81.53,74.83,0,trend_extrapolation_from_real_data
DZA,Algeria,2081,78.21,81.61,74.81,0,trend_extrapolation_from_real_data
DZA,Algeria,2082,78.24,81.69,74.79,0,trend_extrapolation_from_real_data
DZA,Algeria,2083,78.28,81.78,74.78,0,trend_extrapolation_from_real_data
DZA,Algeria,2084,78.31,81.86,74.76,0,trend_extrapolation_from_real_data
DZA,Algeria,2085,78.35,81.95,74.75,0,trend_extrapolation_from_real_data
DZA,Algeria,2086,78.38,82.03,74.73,0,trend_extrapolation_from_real_data
DZA,Algeria,2087,78.41,82.11,74.71,0,trend_extrapolation_from_real_data
DZA,Algeria,2088,78.45,82.2,74.7,0,trend_extrapolation_from_real_data
DZA,Algeria,2089,78.48,82.28,74.68,0,trend_extrapolation_from_real_data
DZA,Algeria,2090,78.51,82.36,74.66,0,trend_extrapolation_from_real_data
DZA,Algeria,2091,78.55,82.45,74.65,0,trend_extrapolation_from_real_data
DZA,Algeria,2092,78.58,82.53,74.63,0,trend_extrapolation_from_real_data
DZA,Algeria,2093,78.61,82.61,74.61,0,trend_extrapolation_from_real_data
DZA,Algeria,2094,78.65,82.7,74.6,0,trend_extrapolation_from_real_data
DZA,Algeria,2095,78.68,82.78,74.58,0,trend_extrapolation_from_real_data
DZA,Algeria,2096,78.71,82.86,74.56,0,trend_extrapolation_from_real_data
DZA,Algeria,2097,78.75,82.95,74.55,0,trend_extrapolation_from_real_data
DZA,Algeria,2098,78.78,83.03,74.53,0,trend_extrapolation_from_real_data
DZA,Algeria,2099,78.82,83.12,74.52,0,trend_extrapolation_from_real_data
DZA,Algeria,2100,78.85,83.2,74.5,0,trend_extrapolation_from_real_data
ECU,Ecuador,2024,77.41,77.96,76.86,0,trend_extrapolation_from_real_data
ECU,Ecuador,2025,77.43,78.03,76.83,0,trend_extrapolation_from_real_data
ECU,Ecuador,2026,77.45,78.1,76.8,0,trend_extrapolation_from_real_data
ECU,Ecuador,2027,77.47,78.17,76.77,0,trend_extrapolation_from_real_data
ECU,Ecuador,2028,77.49,78.24,76.74,0,trend_extrapolation_from_real_data
ECU,Ecuador,2029,77.51,78.31,76.71,0,trend_extrapolation_from_real_data
ECU,Ecuador,2030,77.53,78.38,76.68,0,trend_extrapolation_from_real_data
ECU,Ecuador,2031,77.55,78.45,76.65,0,trend_extrapolation_from_real_data
ECU,Ecuador,2032,77.57,78.52,76.62,0,trend_extrapolation_from_real_data
ECU,Ecuador,2033,77.59,78.59,76.59,0,trend_extrapolation_from_real_data
ECU,Ecuador,2034,77.6,78.65,76.55,0,trend_extrapolation_from_real_data
ECU,Ecuador,2035,77.62,78.72,76.52,0,trend_extrapolation_from_real_data
ECU,Ecuador,2036,77.64,78.79,76.49,0,trend_extrapolation_from_real_data
ECU,Ecuador,2037,77.66,78.86,76.46,0,trend_extrapolation_from_real_data
ECU,Ecuador,2038,77.68,78.93,76.43,0,trend_extrapolation_from_real_data
ECU,Ecuador,2039,77.7,79.0,76.4,0,trend_extrapolation_from_real_data
ECU,Ecuador,2040,77.72,79.07,76.37,0,trend_extrapolation_from_real_data
ECU,Ecuador,2041,77.74,79.14,76.34,0,trend_extrapolation_from_real_data
ECU,Ecuador,2042,77.76,79.21,76.31,0,trend_extrapolation_from_real_data
ECU,Ecuador,2043,77.78,79.28,76.28,0,trend_extrapolation_from_real_data
ECU,Ecuador,2044,77.8,79.35,76.25,0,trend_extrapolation_from_real_data
ECU,Ecuador,2045,77.82,79.42,76.22,0,trend_extrapolation_from_real_data
ECU,Ecuador,2046,77.84,79.49,76.19,0,trend_extrapolation_from_real_data
ECU,Ecuador,2047,77.86,79.56,76.16,0,trend_extrapolation_from_real_data
ECU,Ecuador,2048,77.88,79.63,76.13,0,trend_extrapolation_from_real_data
ECU,Ecuador,2049,77.9,79.7,76.1,0,trend_extrapolation_from_real_data
ECU,Ecuador,2050,77.91,79.76,76.06,0,trend_extrapolation_from_real_data
ECU,Ecuador,2051,77.93,79.83,76.03,0,trend_extrapolation_from_real_data
ECU,Ecuador,2052,77.95,79.9,76.0,0,trend_extrapolation_from_real_data
ECU,Ecuador,2053,77.97,79.97,75.97,0,trend_extrapolation_from_real_data
ECU,Ecuador,2054,77.99,80.04,75.94,0,trend_extrapolation_from_real_data
ECU,Ecuador,2055,78.01,80.11,75.91,0,trend_extrapolation_from_real_data
ECU,Ecuador,2056,78.03,80.18,75.88,0,trend_extrapolation_from_real_data
ECU,Ecuador,2057,78.05,80.25,75.85,0,trend_extrapolation_from_real_data
ECU,Ecuador,2058,78.07,80.32,75.82,0,trend_extrapolation_from_real_data
ECU,Ecuador,2059,78.09,80.39,75.79,0,trend_extrapolation_from_real_data
ECU,Ecuador,2060,78.11,80.46,75.76,0,trend_extrapolation_from_real_data
ECU,Ecuador,2061,78.13,80.53,75.73,0,trend_extrapolation_from_real_data
ECU,Ecuador,2062,78.15,80.6,75.7,0,trend_extrapolation_from_real_data
ECU,Ecuador,2063,78.17,80.67,75.67,0,trend_extrapolation_from_real_data
ECU,Ecuador,2064,78.19,80.74,75.64,0,trend_extrapolation_from_real_data
ECU,Ecuador,2065,78.21,80.81,75.61,0,trend_extrapolation_from_real_data
ECU,Ecuador,2066,78.22,80.87,75.57,0,trend_extrapolation_from_real_data
ECU,Ecuador,2067,78.24,80.94,75.54,0,trend_extrapolation_from_real_data
ECU,Ecuador,2068,78.26,81.01,75.51,0,trend_extrapolation_from_real_data
ECU,Ecuador,2069,78.28,81.08,75.48,0,trend_extrapolation_from_real_data
ECU,Ecuador,2070,78.3,81.15,75.45,0,trend_extrapolation_from_real_data
ECU,Ecuador,2071,78.32,81.22,75.42,0,trend_extrapolation_from_real_data
ECU,Ecuador,2072,78.34,81.29,75.39,0,trend_extrapolation_from_real_data
ECU,Ecuador,2073,78.36,81.36,75.36,0,trend_extrapolation_from_real_data
ECU,Ecuador,2074,78.38,81.43,75.33,0,trend_extrapolation_from_real_data
ECU,Ecuador,2075,78.4,81.5,75.3,0,trend_extrapolation_from_real_data
ECU,Ecuador,2076,78.42,81.57,75.27,0,trend_extrapolation_from_real_data
ECU,Ecuador,2077,78.44,81.64,75.24,0,trend_extrapolation_from_real_data
ECU,Ecuador,2078,78.46,81.71,75.21,0,trend_extrapolation_from_real_data
ECU,Ecuador,2079,78.48,81.78,75.18,0,trend_extrapolation_from_real_data
ECU,Ecuador,2080,78.5,81.85,75.15,0,trend_extrapolation_from_real_data
ECU,Ecuador,2081,78.51,81.91,75.11,0,trend_extrapolation_from_real_data
ECU,Ecuador,2082,78.53,81.98,75.08,0,trend_extrapolation_from_real_data
ECU,Ecuador,2083,78.55,82.05,75.05,0,trend_extrapolation_from_real_data
ECU,Ecuador,2084,78.57,82.12,75.02,0,trend_extrapolation_from_real_data
ECU,Ecuador,2085,78.59,82.19,74.99,0,trend_extrapolation_from_real_data
ECU,Ecuador,2086,78.61,82.26,74.96,0,trend_extrapolation_from_real_data
ECU,Ecuador,2087,78.63,82.33,74.93,0,trend_extrapolation_from_real_data
ECU,Ecuador,2088,78.65,82.4,74.9,0,trend_extrapolation_from_real_data
ECU,Ecuador,2089,78.67,82.47,74.87,0,trend_extrapolation_from_real_data
ECU,Ecuador,2090,78.69,82.54,74.84,0,trend_extrapolation_from_real_data
ECU,Ecuador,2091,78.71,82.61,74.81,0,trend_extrapolation_from_real_data
ECU,Ecuador,2092,78.73,82.68,74.78,0,trend_extrapolation_from_real_data
ECU,Ecuador,2093,78.75,82.75,74.75,0,trend_extrapolation_from_real_data
ECU,Ecuador,2094,78.77,82.82,74.72,0,trend_extrapolation_from_real_data
ECU,Ecuador,2095,78.79,82.89,74.69,0,trend_extrapolation_from_real_data
ECU,Ecuador,2096,78.81,82.96,74.66,0,trend_extrapolation_from_real_data
ECU,Ecuador,2097,78.82,83.02,74.62,0,trend_extrapolation_from_real_data
ECU,Ecuador,2098,78.84,83.09,74.59,0,trend_extrapolation_from_real_data
ECU,Ecuador,2099,78.86,83.16,74.56,0,trend_extrapolation_from_real_data
ECU,Ecuador,2100,78.88,83.23,74.53,0,trend_extrapolation_from_real_data
EGY,Egypt,2024,71.67,72.22,71.12,0,trend_extrapolation_from_real_data
EGY,Egypt,2025,71.71,72.31,71.11,0,trend_extrapolation_from_real_data
EGY,Egypt,2026,71.74,72.39,71.09,0,trend_extrapolation_from_real_data
EGY,Egypt,2027,71.78,72.48,71.08,0,trend_extrapolation_from_real_data
EGY,Egypt,2028,71.82,72.57,71.07,0,trend_extrapolation_from_real_data
EGY,Egypt,2029,71.85,72.65,71.05,0,trend_extrapolation_from_real_data
EGY,Egypt,2030,71.89,72.74,71.04,0,trend_extrapolation_from_real_data
EGY,Egypt,2031,71.93,72.83,71.03,0,trend_extrapolation_from_real_data
EGY,Egypt,2032,71.96,72.91,71.01,0,trend_extrapolation_from_real_data
EGY,Egypt,2033,72.0,73.0,71.0,0,trend_extrapolation_from_real_data
EGY,Egypt,2034,72.04,73.09,70.99,0,trend_extrapolation_from_real_data
EGY,Egypt,2035,72.07,73.17,70.97,0,trend_extrapolation_from_real_data
EGY,Egypt,2036,72.11,73.26,70.96,0,trend_extrapolation_from_real_data
EGY,Egypt,2037,72.15,73.35,70.95,0,trend_extrapolation_from_real_data
EGY,Egypt,2038,72.19,73.44,70.94,0,trend_extrapolation_from_real_data
EGY,Egypt,2039,72.22,73.52,70.92,0,trend_extrapolation_from_real_data
EGY,Egypt,2040,72.26,73.61,70.91,0,trend_extrapolation_from_real_data
EGY,Egypt,2041,72.3,73.7,70.9,0,trend_extrapolation_from_real_data
EGY,Egypt,2042,72.33,73.78,70.88,0,trend_extrapolation_from_real_data
EGY,Egypt,2043,72.37,73.87,70.87,0,trend_extrapolation_from_real_data
EGY,Egypt,2044,72.41,73.96,70.86,0,trend_extrapolation_from_real_data
EGY,Egypt,2045,72.44,74.04,70.84,0,trend_extrapolation_from_real_data
EGY,Egypt,2046,72.48,74.13,70.83,0,trend_extrapolation_from_real_data
EGY,Egypt,2047,72.52,74.22,70.82,0,trend_extrapolation_from_real_data
EGY,Egypt,2048,72.55,74.3,70.8,0,trend_extrapolation_from_real_data
EGY,Egypt,2049,72.59,74.39,70.79,0,trend_extrapolation_from_real_data
EGY,Egypt,2050,72.63,74.48,70.78,0,trend_extrapolation_from_real_data
EGY,Egypt,2051,72.66,74.56,70.76,0,trend_extrapolation_from_real_data
EGY,Egypt,2052,72.7,74.65,70.75,0,trend_extrapolation_from_real_data
EGY,Egypt,2053,72.74,74.74,70.74,0,trend_extrapolation_from_real_data
EGY,Egypt,2054,72.77,74.82,70.72,0,trend_extrapolation_from_real_data
EGY,Egypt,2055,72.81,74.91,70.71,0,trend_extrapolation_from_real_data
EGY,Egypt,2056,72.85,75.0,70.7,0,trend_extrapolation_from_real_data
EGY,Egypt,2057,72.88,75.08,70.68,0,trend_extrapolation_from_real_data
EGY,Egypt,2058,72.92,75.17,70.67,0,trend_extrapolation_from_real_data
EGY,Egypt,2059,72.96,75.26,70.66,0,trend_extrapolation_from_real_data
EGY,Egypt,2060,72.99,75.34,70.64,0,trend_extrapolation_from_real_data
EGY,Egypt,2061,73.03,75.43,70.63,0,trend_extrapolation_from_real_data
EGY,Egypt,2062,73.07,75.52,70.62,0,trend_extrapolation_from_real_data
EGY,Egypt,2063,73.11,75.61,70.61,0,trend_extrapolation_from_real_data
EGY,Egypt,2064,73.14,75.69,70.59,0,trend_extrapolation_from_real_data
EGY,Egypt,2065,73.18,75.78,70.58,0,trend_extrapolation_from_real_data
EGY,Egypt,2066,73.22,75.87,70.57,0,trend_extrapolation_from_real_data
EGY,Egypt,2067,73.25,75.95,70.55,0,trend_extrapolation_from_real_data
EGY,Egypt,2068,73.29,76.04,70.54,0,trend_extrapolation_from_real_data
EGY,Egypt,2069,73.33,76.13,70.53,0,trend_extrapolation_from_real_data
EGY,Egypt,2070,73.36,76.21,70.51,0,trend_extrapolation_from_real_data
EGY,Egypt,2071,73.4,76.3,70.5,0,trend_extrapolation_from_real_data
EGY,Egypt,2072,73.44,76.39,70.49,0,trend_extrapolation_from_real_data
EGY,Egypt,2073,73.47,76.47,70.47,0,trend_extrapolation_from_real_data
EGY,Egypt,2074,73.51,76.56,70.46,0,trend_extrapolation_from_real_data
EGY,Egypt,2075,73.55,76.65,70.45,0,trend_extrapolation_from_real_data
EGY,Egypt,2076,73.58,76.73,70.43,0,trend_extrapolation_from_real_data
EGY,Egypt,2077,73.62,76.82,70.42,0,trend_extrapolation_from_real_data
EGY,Egypt,2078,73.66,76.91,70.41,0,trend_extrapolation_from_real_data
EGY,Egypt,2079,73.69,76.99,70.39,0,trend_extrapolation_from_real_data
EGY,Egypt,2080,73.73,77.08,70.38,0,trend_extrapolation_from_real_data
EGY,Egypt,2081,73.77,77.17,70.37,0,trend_extrapolation_from_real_data
EGY,Egypt,2082,73.8,77.25,70.35,0,trend_extrapolation_from_real_data
EGY,Egypt,2083,73.84,77.34,70.34,0,trend_extrapolation_from_real_data
EGY,Egypt,2084,73.88,77.43,70.33,0,trend_extrapolation_from_real_data
EGY,Egypt,2085,73.91,77.51,70.31,0,trend_extrapolation_from_real_data
EGY,Egypt,2086,73.95,77.6,70.3,0,trend_extrapolation_from_real_data
EGY,Egypt,2087,73.99,77.69,70.29,0,trend_extrapolation_from_real_data
EGY,Egypt,2088,74.03,77.78,70.28,0,trend_extrapolation_from_real_data
EGY,Egypt,2089,74.06,77.86,70.26,0,trend_extrapolation_from_real_data
EGY,Egypt,2090,74.1,77.95,70.25,0,trend_extrapolation_from_real_data
EGY,Egypt,2091,74.14,78.04,70.24,0,trend_extrapolation_from_real_data
EGY,Egypt,2092,74.17,78.12,70.22,0,trend_extrapolation_from_real_data
EGY,Egypt,2093,74.21,78.21,70.21,0,trend_extrapolation_from_real_data
EGY,Egypt,2094,74.25,78.3,70.2,0,trend_extrapolation_from_real_data
EGY,Egypt,2095,74.28,78.38,70.18,0,trend_extrapolation_from_real_data
EGY,Egypt,2096,74.32,78.47,70.17,0,trend_extrapolation_from_real_data
EGY,Egypt,2097,74.36,78.56,70.16,0,trend_extrapolation_from_real_data
EGY,Egypt,2098,74.39,78.64,70.14,0,trend_extrapolation_from_real_data
EGY,Egypt,2099,74.43,78.73,70.13,0,trend_extrapolation_from_real_data
EGY,Egypt,2100,74.47,78.82,70.12,0,trend_extrapolation_from_real_data
ESP,Spain,2024,83.91,84.46,83.36,0,trend_extrapolation_from_real_data
ESP,Spain,2025,83.93,84.53,83.33,0,trend_extrapolation_from_real_data
ESP,Spain,2026,83.95,84.6,83.3,0,trend_extrapolation_from_real_data
ESP,Spain,2027,83.97,84.67,83.27,0,trend_extrapolation_from_real_data
ESP,Spain,2028,84.0,84.75,83.25,0,trend_extrapolation_from_real_data
ESP,Spain,2029,84.02,84.82,83.22,0,trend_extrapolation_from_real_data
ESP,Spain,2030,84.04,84.89,83.19,0,trend_extrapolation_from_real_data
ESP,Spain,2031,84.06,84.96,83.16,0,trend_extrapolation_from_real_data
ESP,Spain,2032,84.09,85.04,83.14,0,trend_extrapolation_from_real_data
ESP,Spain,2033,84.11,85.11,83.11,0,trend_extrapolation_from_real_data
ESP,Spain,2034,84.13,85.18,83.08,0,trend_extrapolation_from_real_data
ESP,Spain,2035,84.15,85.25,83.05,0,trend_extrapolation_from_real_data
ESP,Spain,2036,84.18,85.33,83.03,0,trend_extrapolation_from_real_data
ESP,Spain,2037,84.2,85.4,83.0,0,trend_extrapolation_from_real_data
ESP,Spain,2038,84.22,85.47,82.97,0,trend_extrapolation_from_real_data
ESP,Spain,2039,84.24,85.54,82.94,0,trend_extrapolation_from_real_data
ESP,Spain,2040,84.27,85.62,82.92,0,trend_extrapolation_from_real_data
ESP,Spain,2041,84.29,85.69,82.89,0,trend_extrapolation_from_real_data
ESP,Spain,2042,84.31,85.76,82.86,0,trend_extrapolation_from_real_data
ESP,Spain,2043,84.34,85.84,82.84,0,trend_extrapolation_from_real_data
ESP,Spain,2044,84.36,85.91,82.81,0,trend_extrapolation_from_real_data
ESP,Spain,2045,84.38,85.98,82.78,0,trend_extrapolation_from_real_data
ESP,Spain,2046,84.4,86.05,82.75,0,trend_extrapolation_from_real_data
ESP,Spain,2047,84.43,86.13,82.73,0,trend_extrapolation_from_real_data
ESP,Spain,2048,84.45,86.2,82.7,0,trend_extrapolation_from_real_data
ESP,Spain,2049,84.47,86.27,82.67,0,trend_extrapolation_from_real_data
ESP,Spain,2050,84.49,86.34,82.64,0,trend_extrapolation_from_real_data
ESP,Spain,2051,84.52,86.42,82.62,0,trend_extrapolation_from_real_data
ESP,Spain,2052,84.54,86.49,82.59,0,trend_extrapolation_from_real_data
ESP,Spain,2053,84.56,86.56,82.56,0,trend_extrapolation_from_real_data
ESP,Spain,2054,84.58,86.63,82.53,0,trend_extrapolation_from_real_data
ESP,Spain,2055,84.61,86.71,82.51,0,trend_extrapolation_from_real_data
ESP,Spain,2056,84.63,86.78,82.48,0,trend_extrapolation_from_real_data
ESP,Spain,2057,84.65,86.85,82.45,0,trend_extrapolation_from_real_data
ESP,Spain,2058,84.67,86.92,82.42,0,trend_extrapolation_from_real_data
ESP,Spain,2059,84.7,87.0,82.4,0,trend_extrapolation_from_real_data
ESP,Spain,2060,84.72,87.07,82.37,0,trend_extrapolation_from_real_data
ESP,Spain,2061,84.74,87.14,82.34,0,trend_extrapolation_from_real_data
ESP,Spain,2062,84.76,87.21,82.31,0,trend_extrapolation_from_real_data
ESP,Spain,2063,84.79,87.29,82.29,0,trend_extrapolation_from_real_data
ESP,Spain,2064,84.81,87.36,82.26,0,trend_extrapolation_from_real_data
ESP,Spain,2065,84.83,87.43,82.23,0,trend_extrapolation_from_real_data
ESP,Spain,2066,84.86,87.51,82.21,0,trend_extrapolation_from_real_data
ESP,Spain,2067,84.88,87.58,82.18,0,trend_extrapolation_from_real_data
ESP,Spain,2068,84.9,87.65,82.15,0,trend_extrapolation_from_real_data
ESP,Spain,2069,84.92,87.72,82.12,0,trend_extrapolation_from_real_data
ESP,Spain,2070,84.95,87.8,82.1,0,trend_extrapolation_from_real_data
ESP,Spain,2071,84.97,87.87,82.07,0,trend_extrapolation_from_real_data
ESP,Spain,2072,84.99,87.94,82.04,0,trend_extrapolation_from_real_data
ESP,Spain,2073,85.01,88.01,82.01,0,trend_extrapolation_from_real_data
ESP,Spain,2074,85.04,88.09,81.99,0,trend_extrapolation_from_real_data
ESP,Spain,2075,85.06,88.16,81.96,0,trend_extrapolation_from_real_data
ESP,Spain,2076,85.08,88.23,81.93,0,trend_extrapolation_from_real_data
ESP,Spain,2077,85.1,88.3,81.9,0,trend_extrapolation_from_real_data
ESP,Spain,2078,85.13,88.38,81.88,0,trend_extrapolation_from_real_data
ESP,Spain,2079,85.15,88.45,81.85,0,trend_extrapolation_from_real_data
ESP,Spain,2080,85.17,88.52,81.82,0,trend_extrapolation_from_real_data
ESP,Spain,2081,85.19,88.59,81.79,0,trend_extrapolation_from_real_data
ESP,Spain,2082,85.22,88.67,81.77,0,trend_extrapolation_from_real_data
ESP,Spain,2083,85.24,88.74,81.74,0,trend_extrapolation_from_real_data
ESP,Spain,2084,85.26,88.81,81.71,0,trend_extrapolation_from_real_data
ESP,Spain,2085,85.29,88.89,81.69,0,trend_extrapolation_from_real_data
ESP,Spain,2086,85.31,88.96,81.66,0,trend_extrapolation_from_real_data
ESP,Spain,2087,85.33,89.03,81.63,0,trend_extrapolation_from_real_data
ESP,Spain,2088,85.35,89.1,81.6,0,trend_extrapolation_from_real_data
ESP,Spain,2089,85.38,89.18,81.58,0,trend_extrapolation_from_real_data
ESP,Spain,2090,85.4,89.25,81.55,0,trend_extrapolation_from_real_data
ESP,Spain,2091,85.42,89.32,81.52,0,trend_extrapolation_from_real_data
ESP,Spain,2092,85.44,89.39,81.49,0,trend_extrapolation_from_real_data
ESP,Spain,2093,85.47,89.47,81.47,0,trend_extrapolation_from_real_data
ESP,Spain,2094,85.49,89.54,81.44,0,trend_extrapolation_from_real_data
ESP,Spain,2095,85.51,89.61,81.41,0,trend_extrapolation_from_real_data
ESP,Spain,2096,85.53,89.68,81.38,0,trend_extrapolation_from_real_data
ESP,Spain,2097,85.56,89.76,81.36,0,trend_extrapolation_from_real_data
ESP,Spain,2098,85.58,89.83,81.33,0,trend_extrapolation_from_real_data
ESP,Spain,2099,85.6,89.9,81.3,0,trend_extrapolation_from_real_data
ESP,Spain,2100,85.62,89.97,81.27,0,trend_extrapolation_from_real_data
EST,Estonia,2024,78.55,79.1,78.0,0,trend_extrapolation_from_real_data
EST,Estonia,2025,78.62,79.22,78.02,0,trend_extrapolation_from_real_data
EST,Estonia,2026,78.68,79.33,78.03,0,trend_extrapolation_from_real_data
EST,Estonia,2027,78.74,79.44,78.04,0,trend_extrapolation_from_real_data
EST,Estonia,2028,78.81,79.56,78.06,0,trend_extrapolation_from_real_data
EST,Estonia,2029,78.87,79.67,78.07,0,trend_extrapolation_from_real_data
EST,Estonia,2030,78.94,79.79,78.09,0,trend_extrapolation_from_real_data
EST,Estonia,2031,79.0,79.9,78.1,0,trend_extrapolation_from_real_data
EST,Estonia,2032,79.06,80.01,78.11,0,trend_extrapolation_from_real_data
EST,Estonia,2033,79.13,80.13,78.13,0,trend_extrapolation_from_real_data
EST,Estonia,2034,79.19,80.24,78.14,0,trend_extrapolation_from_real_data
EST,Estonia,2035,79.25,80.35,78.15,0,trend_extrapolation_from_real_data
EST,Estonia,2036,79.32,80.47,78.17,0,trend_extrapolation_from_real_data
EST,Estonia,2037,79.38,80.58,78.18,0,trend_extrapolation_from_real_data
EST,Estonia,2038,79.44,80.69,78.19,0,trend_extrapolation_from_real_data
EST,Estonia,2039,79.51,80.81,78.21,0,trend_extrapolation_from_real_data
EST,Estonia,2040,79.57,80.92,78.22,0,trend_extrapolation_from_real_data
EST,Estonia,2041,79.64,81.04,78.24,0,trend_extrapolation_from_real_data
EST,Estonia,2042,79.7,81.15,78.25,0,trend_extrapolation_from_real_data
EST,Estonia,2043,79.76,81.26,78.26,0,trend_extrapolation_from_real_data
EST,Estonia,2044,79.83,81.38,78.28,0,trend_extrapolation_from_real_data
EST,Estonia,2045,79.89,81.49,78.29,0,trend_extrapolation_from_real_data
EST,Estonia,2046,79.95,81.6,78.3,0,trend_extrapolation_from_real_data
EST,Estonia,2047,80.02,81.72,78.32,0,trend_extrapolation_from_real_data
EST,Estonia,2048,80.08,81.83,78.33,0,trend_extrapolation_from_real_data
EST,Estonia,2049,80.14,81.94,78.34,0,trend_extrapolation_from_real_data
EST,Estonia,2050,80.21,82.06,78.36,0,trend_extrapolation_from_real_data
EST,Estonia,2051,80.27,82.17,78.37,0,trend_extrapolation_from_real_data
EST,Estonia,2052,80.34,82.29,78.39,0,trend_extrapolation_from_real_data
EST,Estonia,2053,80.4,82.4,78.4,0,trend_extrapolation_from_real_data
EST,Estonia,2054,80.46,82.51,78.41,0,trend_extrapolation_from_real_data
EST,Estonia,2055,80.53,82.63,78.43,0,trend_extrapolation_from_real_data
EST,Estonia,2056,80.59,82.74,78.44,0,trend_extrapolation_from_real_data
EST,Estonia,2057,80.65,82.85,78.45,0,trend_extrapolation_from_real_data
EST,Estonia,2058,80.72,82.97,78.47,0,trend_extrapolation_from_real_data
EST,Estonia,2059,80.78,83.08,78.48,0,trend_extrapolation_from_real_data
EST,Estonia,2060,80.84,83.19,78.49,0,trend_extrapolation_from_real_data
EST,Estonia,2061,80.91,83.31,78.51,0,trend_extrapolation_from_real_data
EST,Estonia,2062,80.97,83.42,78.52,0,trend_extrapolation_from_real_data
EST,Estonia,2063,81.04,83.54,78.54,0,trend_extrapolation_from_real_data
EST,Estonia,2064,81.1,83.65,78.55,0,trend_extrapolation_from_real_data
EST,Estonia,2065,81.16,83.76,78.56,0,trend_extrapolation_from_real_data
EST,Estonia,2066,81.23,83.88,78.58,0,trend_extrapolation_from_real_data
EST,Estonia,2067,81.29,83.99,78.59,0,trend_extrapolation_from_real_data
EST,Estonia,2068,81.35,84.1,78.6,0,trend_extrapolation_from_real_data
EST,Estonia,2069,81.42,84.22,78.62,0,trend_extrapolation_from_real_data
EST,Estonia,2070,81.48,84.33,78.63,0,trend_extrapolation_from_real_data
EST,Estonia,2071,81.54,84.44,78.64,0,trend_extrapolation_from_real_data
EST,Estonia,2072,81.61,84.56,78.66,0,trend_extrapolation_from_real_data
EST,Estonia,2073,81.67,84.67,78.67,0,trend_extrapolation_from_real_data
EST,Estonia,2074,81.74,84.79,78.69,0,trend_extrapolation_from_real_data
EST,Estonia,2075,81.8,84.9,78.7,0,trend_extrapolation_from_real_data
EST,Estonia,2076,81.86,85.01,78.71,0,trend_extrapolation_from_real_data
EST,Estonia,2077,81.93,85.13,78.73,0,trend_extrapolation_from_real_data
EST,Estonia,2078,81.99,85.24,78.74,0,trend_extrapolation_from_real_data
EST,Estonia,2079,82.05,85.35,78.75,0,trend_extrapolation_from_real_data
EST,Estonia,2080,82.12,85.47,78.77,0,trend_extrapolation_from_real_data
EST,Estonia,2081,82.18,85.58,78.78,0,trend_extrapolation_from_real_data
EST,Estonia,2082,82.24,85.69,78.79,0,trend_extrapolation_from_real_data
EST,Estonia,2083,82.31,85.81,78.81,0,trend_extrapolation_from_real_data
EST,Estonia,2084,82.37,85.92,78.82,0,trend_extrapolation_from_real_data
EST,Estonia,2085,82.44,86.04,78.84,0,trend_extrapolation_from_real_data
EST,Estonia,2086,82.5,86.15,78.85,0,trend_extrapolation_from_real_data
EST,Estonia,2087,82.56,86.26,78.86,0,trend_extrapolation_from_real_data
EST,Estonia,2088,82.63,86.38,78.88,0,trend_extrapolation_from_real_data
EST,Estonia,2089,82.69,86.49,78.89,0,trend_extrapolation_from_real_data
EST,Estonia,2090,82.75,86.6,78.9,0,trend_extrapolation_from_real_data
EST,Estonia,2091,82.82,86.72,78.92,0,trend_extrapolation_from_real_data
EST,Estonia,2092,82.88,86.83,78.93,0,trend_extrapolation_from_real_data
EST,Estonia,2093,82.94,86.94,78.94,0,trend_extrapolation_from_real_data
EST,Estonia,2094,83.01,87.06,78.96,0,trend_extrapolation_from_real_data
EST,Estonia,2095,83.07,87.17,78.97,0,trend_extrapolation_from_real_data
EST,Estonia,2096,83.14,87.29,78.99,0,trend_extrapolation_from_real_data
EST,Estonia,2097,83.2,87.4,79.0,0,trend_extrapolation_from_real_data
EST,Estonia,2098,83.26,87.51,79.01,0,trend_extrapolation_from_real_data
EST,Estonia,2099,83.33,87.63,79.03,0,trend_extrapolation_from_real_data
EST,Estonia,2100,83.39,87.74,79.04,0,trend_extrapolation_from_real_data
ETH,Ethiopia,2024,67.53,68.08,66.98,0,trend_extrapolation_from_real_data
ETH,Ethiopia,2025,67.74,68.34,67.14,0,trend_extrapolation_from_real_data
ETH,Ethiopia,2026,67.95,68.6,67.3,0,trend_extrapolation_from_real_data
ETH,Ethiopia,2027,68.17,68.87,67.47,0,trend_extrapolation_from_real_data
ETH,Ethiopia,2028,68.38,69.13,67.63,0,trend_extrapolation_from_real_data
ETH,Ethiopia,2029,68.59,69.39,67.79,0,trend_extrapolation_from_real_data
ETH,Ethiopia,2030,68.8,69.65,67.95,0,trend_extrapolation_from_real_data
ETH,Ethiopia,2031,69.02,69.92,68.12,0,trend_extrapolation_from_real_data
ETH,Ethiopia,2032,69.23,70.18,68.28,0,trend_extrapolation_from_real_data
ETH,Ethiopia,2033,69.44,70.44,68.44,0,trend_extrapolation_from_real_data
ETH,Ethiopia,2034,69.66,70.71,68.61,0,trend_extrapolation_from_real_data
ETH,Ethiopia,2035,69.87,70.97,68.77,0,trend_extrapolation_from_real_data
ETH,Ethiopia,2036,70.08,71.23,68.93,0,trend_extrapolation_from_real_data
ETH,Ethiopia,2037,70.29,71.49,69.09,0,trend_extrapolation_from_real_data
ETH,Ethiopia,2038,70.51,71.76,69.26,0,trend_extrapolation_from_real_data
ETH,Ethiopia,2039,70.72,72.02,69.42,0,trend_extrapolation_from_real_data
ETH,Ethiopia,2040,70.93,72.28,69.58,0,trend_extrapolation_from_real_data
ETH,Ethiopia,2041,71.15,72.55,69.75,0,trend_extrapolation_from_real_data
ETH,Ethiopia,2042,71.36,72.81,69.91,0,trend_extrapolation_from_real_data
ETH,Ethiopia,2043,71.57,73.07,70.07,0,trend_extrapolation_from_real_data
ETH,Ethiopia,2044,71.78,73.33,70.23,0,trend_extrapolation_from_real_data
ETH,Ethiopia,2045,72.0,73.6,70.4,0,trend_extrapolation_from_real_data
ETH,Ethiopia,2046,72.21,73.86,70.56,0,trend_extrapolation_from_real_data
ETH,Ethiopia,2047,72.42,74.12,70.72,0,trend_extrapolation_from_real_data
ETH,Ethiopia,2048,72.63,74.38,70.88,0,trend_extrapolation_from_real_data
ETH,Ethiopia,2049,72.85,74.65,71.05,0,trend_extrapolation_from_real_data
ETH,Ethiopia,2050,73.06,74.91,71.21,0,trend_extrapolation_from_real_data
ETH,Ethiopia,2051,73.27,75.17,71.37,0,trend_extrapolation_from_real_data
ETH,Ethiopia,2052,73.49,75.44,71.54,0,trend_extrapolation_from_real_data
ETH,Ethiopia,2053,73.7,75.7,71.7,0,trend_extrapolation_from_real_data
ETH,Ethiopia,2054,73.91,75.96,71.86,0,trend_extrapolation_from_real_data
ETH,Ethiopia,2055,74.12,76.22,72.02,0,trend_extrapolation_from_real_data
ETH,Ethiopia,2056,74.34,76.49,72.19,0,trend_extrapolation_from_real_data
ETH,Ethiopia,2057,74.55,76.75,72.35,0,trend_extrapolation_from_real_data
ETH,Ethiopia,2058,74.76,77.01,72.51,0,trend_extrapolation_from_real_data
ETH,Ethiopia,2059,74.98,77.28,72.68,0,trend_extrapolation_from_real_data
ETH,Ethiopia,2060,75.19,77.54,72.84,0,trend_extrapolation_from_real_data
ETH,Ethiopia,2061,75.4,77.8,73.0,0,trend_extrapolation_from_real_data
ETH,Ethiopia,2062,75.61,78.06,73.16,0,trend_extrapolation_from_real_data
ETH,Ethiopia,2063,75.83,78.33,73.33,0,trend_extrapolation_from_real_data
ETH,Ethiopia,2064,76.04,78.59,73.49,0,trend_extrapolation_from_real_data
ETH,Ethiopia,2065,76.25,78.85,73.65,0,trend_extrapolation_from_real_data
ETH,Ethiopia,2066,76.47,79.12,73.82,0,trend_extrapolation_from_real_data
ETH,Ethiopia,2067,76.68,79.38,73.98,0,trend_extrapolation_from_real_data
ETH,Ethiopia,2068,76.89,79.64,74.14,0,trend_extrapolation_from_real_data
ETH,Ethiopia,2069,77.1,79.9,74.3,0,trend_extrapolation_from_real_data
ETH,Ethiopia,2070,77.32,80.17,74.47,0,trend_extrapolation_from_real_data
ETH,Ethiopia,2071,77.53,80.43,74.63,0,trend_extrapolation_from_real_data
ETH,Ethiopia,2072,77.74,80.69,74.79,0,trend_extrapolation_from_real_data
ETH,Ethiopia,2073,77.95,80.95,74.95,0,trend_extrapolation_from_real_data
ETH,Ethiopia,2074,78.17,81.22,75.12,0,trend_extrapolation_from_real_data
ETH,Ethiopia,2075,78.38,81.48,75.28,0,trend_extrapolation_from_real_data
ETH,Ethiopia,2076,78.59,81.74,75.44,0,trend_extrapolation_from_real_data
ETH,Ethiopia,2077,78.81,82.01,75.61,0,trend_extrapolation_from_real_data
ETH,Ethiopia,2078,79.02,82.27,75.77,0,trend_extrapolation_from_real_data
ETH,Ethiopia,2079,79.23,82.53,75.93,0,trend_extrapolation_from_real_data
ETH,Ethiopia,2080,79.44,82.79,76.09,0,trend_extrapolation_from_real_data
ETH,Ethiopia,2081,79.66,83.06,76.26,0,trend_extrapolation_from_real_data
ETH,Ethiopia,2082,79.87,83.32,76.42,0,trend_extrapolation_from_real_data
ETH,Ethiopia,2083,80.08,83.58,76.58,0,trend_extrapolation_from_real_data
ETH,Ethiopia,2084,80.3,83.85,76.75,0,trend_extrapolation_from_real_data
ETH,Ethiopia,2085,80.51,84.11,76.91,0,trend_extrapolation_from_real_data
ETH,Ethiopia,2086,80.72,84.37,77.07,0,trend_extrapolation_from_real_data
ETH,Ethiopia,2087,80.93,84.63,77.23,0,trend_extrapolation_from_real_data
ETH,Ethiopia,2088,81.15,84.9,77.4,0,trend_extrapolation_from_real_data
ETH,Ethiopia,2089,81.36,85.16,77.56,0,trend_extrapolation_from_real_data
ETH,Ethiopia,2090,81.57,85.42,77.72,0,trend_extrapolation_from_real_data
ETH,Ethiopia,2091,81.78,85.68,77.88,0,trend_extrapolation_from_real_data
ETH,Ethiopia,2092,82.0,85.95,78.05,0,trend_extrapolation_from_real_data
ETH,Ethiopia,2093,82.21,86.21,78.21,0,trend_extrapolation_from_real_data
ETH,Ethiopia,2094,82.42,86.47,78.37,0,trend_extrapolation_from_real_data
ETH,Ethiopia,2095,82.64,86.74,78.54,0,trend_extrapolation_from_real_data
ETH,Ethiopia,2096,82.85,87.0,78.7,0,trend_extrapolation_from_real_data
ETH,Ethiopia,2097,83.06,87.26,78.86,0,trend_extrapolation_from_real_data
ETH,Ethiopia,2098,83.27,87.52,79.02,0,trend_extrapolation_from_real_data
ETH,Ethiopia,2099,83.49,87.79,79.19,0,trend_extrapolation_from_real_data
ETH,Ethiopia,2100,83.7,88.05,79.35,0,trend_extrapolation_from_real_data
FIN,Finland,2024,81.71,82.26,81.16,0,trend_extrapolation_from_real_data
FIN,Finland,2025,81.74,82.34,81.14,0,trend_extrapolation_from_real_data
FIN,Finland,2026,81.76,82.41,81.11,0,trend_extrapolation_from_real_data
FIN,Finland,2027,81.79,82.49,81.09,0,trend_extrapolation_from_real_data
FIN,Finland,2028,81.81,82.56,81.06,0,trend_extrapolation_from_real_data
FIN,Finland,2029,81.84,82.64,81.04,0,trend_extrapolation_from_real_data
FIN,Finland,2030,81.87,82.72,81.02,0,trend_extrapolation_from_real_data
FIN,Finland,2031,81.89,82.79,80.99,0,trend_extrapolation_from_real_data
FIN,Finland,2032,81.92,82.87,80.97,0,trend_extrapolation_from_real_data
FIN,Finland,2033,81.94,82.94,80.94,0,trend_extrapolation_from_real_data
FIN,Finland,2034,81.97,83.02,80.92,0,trend_extrapolation_from_real_data
FIN,Finland,2035,81.99,83.09,80.89,0,trend_extrapolation_from_real_data
FIN,Finland,2036,82.02,83.17,80.87,0,trend_extrapolation_from_real_data
FIN,Finland,2037,82.04,83.24,80.84,0,trend_extrapolation_from_real_data
FIN,Finland,2038,82.07,83.32,80.82,0,trend_extrapolation_from_real_data
FIN,Finland,2039,82.1,83.4,80.8,0,trend_extrapolation_from_real_data
FIN,Finland,2040,82.12,83.47,80.77,0,trend_extrapolation_from_real_data
FIN,Finland,2041,82.15,83.55,80.75,0,trend_extrapolation_from_real_data
FIN,Finland,2042,82.17,83.62,80.72,0,trend_extrapolation_from_real_data
FIN,Finland,2043,82.2,83.7,80.7,0,trend_extrapolation_from_real_data
FIN,Finland,2044,82.22,83.77,80.67,0,trend_extrapolation_from_real_data
FIN,Finland,2045,82.25,83.85,80.65,0,trend_extrapolation_from_real_data
FIN,Finland,2046,82.28,83.93,80.63,0,trend_extrapolation_from_real_data
FIN,Finland,2047,82.3,84.0,80.6,0,trend_extrapolation_from_real_data
FIN,Finland,2048,82.33,84.08,80.58,0,trend_extrapolation_from_real_data
FIN,Finland,2049,82.35,84.15,80.55,0,trend_extrapolation_from_real_data
FIN,Finland,2050,82.38,84.23,80.53,0,trend_extrapolation_from_real_data
FIN,Finland,2051,82.4,84.3,80.5,0,trend_extrapolation_from_real_data
FIN,Finland,2052,82.43,84.38,80.48,0,trend_extrapolation_from_real_data
FIN,Finland,2053,82.46,84.46,80.46,0,trend_extrapolation_from_real_data
FIN,Finland,2054,82.48,84.53,80.43,0,trend_extrapolation_from_real_data
FIN,Finland,2055,82.51,84.61,80.41,0,trend_extrapolation_from_real_data
FIN,Finland,2056,82.53,84.68,80.38,0,trend_extrapolation_from_real_data
FIN,Finland,2057,82.56,84.76,80.36,0,trend_extrapolation_from_real_data
FIN,Finland,2058,82.58,84.83,80.33,0,trend_extrapolation_from_real_data
FIN,Finland,2059,82.61,84.91,80.31,0,trend_extrapolation_from_real_data
FIN,Finland,2060,82.64,84.99,80.29,0,trend_extrapolation_from_real_data
FIN,Finland,2061,82.66,85.06,80.26,0,trend_extrapolation_from_real_data
FIN,Finland,2062,82.69,85.14,80.24,0,trend_extrapolation_from_real_data
FIN,Finland,2063,82.71,85.21,80.21,0,trend_extrapolation_from_real_data
FIN,Finland,2064,82.74,85.29,80.19,0,trend_extrapolation_from_real_data
FIN,Finland,2065,82.76,85.36,80.16,0,trend_extrapolation_from_real_data
FIN,Finland,2066,82.79,85.44,80.14,0,trend_extrapolation_from_real_data
FIN,Finland,2067,82.81,85.51,80.11,0,trend_extrapolation_from_real_data
FIN,Finland,2068,82.84,85.59,80.09,0,trend_extrapolation_from_real_data
FIN,Finland,2069,82.87,85.67,80.07,0,trend_extrapolation_from_real_data
FIN,Finland,2070,82.89,85.74,80.04,0,trend_extrapolation_from_real_data
FIN,Finland,2071,82.92,85.82,80.02,0,trend_extrapolation_from_real_data
FIN,Finland,2072,82.94,85.89,79.99,0,trend_extrapolation_from_real_data
FIN,Finland,2073,82.97,85.97,79.97,0,trend_extrapolation_from_real_data
FIN,Finland,2074,82.99,86.04,79.94,0,trend_extrapolation_from_real_data
FIN,Finland,2075,83.02,86.12,79.92,0,trend_extrapolation_from_real_data
FIN,Finland,2076,83.05,86.2,79.9,0,trend_extrapolation_from_real_data
FIN,Finland,2077,83.07,86.27,79.87,0,trend_extrapolation_from_real_data
FIN,Finland,2078,83.1,86.35,79.85,0,trend_extrapolation_from_real_data
FIN,Finland,2079,83.12,86.42,79.82,0,trend_extrapolation_from_real_data
FIN,Finland,2080,83.15,86.5,79.8,0,trend_extrapolation_from_real_data
FIN,Finland,2081,83.17,86.57,79.77,0,trend_extrapolation_from_real_data
FIN,Finland,2082,83.2,86.65,79.75,0,trend_extrapolation_from_real_data
FIN,Finland,2083,83.23,86.73,79.73,0,trend_extrapolation_from_real_data
FIN,Finland,2084,83.25,86.8,79.7,0,trend_extrapolation_from_real_data
FIN,Finland,2085,83.28,86.88,79.68,0,trend_extrapolation_from_real_data
FIN,Finland,2086,83.3,86.95,79.65,0,trend_extrapolation_from_real_data
FIN,Finland,2087,83.33,87.03,79.63,0,trend_extrapolation_from_real_data
FIN,Finland,2088,83.35,87.1,79.6,0,trend_extrapolation_from_real_data
FIN,Finland,2089,83.38,87.18,79.58,0,trend_extrapolation_from_real_data
FIN,Finland,2090,83.41,87.26,79.56,0,trend_extrapolation_from_real_data
FIN,Finland,2091,83.43,87.33,79.53,0,trend_extrapolation_from_real_data
FIN,Finland,2092,83.46,87.41,79.51,0,trend_extrapolation_from_real_data
FIN,Finland,2093,83.48,87.48,79.48,0,trend_extrapolation_from_real_data
FIN,Finland,2094,83.51,87.56,79.46,0,trend_extrapolation_from_real_data
FIN,Finland,2095,83.53,87.63,79.43,0,trend_extrapolation_from_real_data
FIN,Finland,2096,83.56,87.71,79.41,0,trend_extrapolation_from_real_data
FIN,Finland,2097,83.59,87.79,79.39,0,trend_extrapolation_from_real_data
FIN,Finland,2098,83.61,87.86,79.36,0,trend_extrapolation_from_real_data
FIN,Finland,2099,83.64,87.94,79.34,0,trend_extrapolation_from_real_data
FIN,Finland,2100,83.66,88.01,79.31,0,trend_extrapolation_from_real_data
FJI,Fiji,2024,67.33,67.88,66.78,0,trend_extrapolation_from_real_data
FJI,Fiji,2025,67.34,67.94,66.74,0,trend_extrapolation_from_real_data
FJI,Fiji,2026,67.36,68.01,66.71,0,trend_extrapolation_from_real_data
FJI,Fiji,2027,67.37,68.07,66.67,0,trend_extrapolation_from_real_data
FJI,Fiji,2028,67.38,68.13,66.63,0,trend_extrapolation_from_real_data
FJI,Fiji,2029,67.4,68.2,66.6,0,trend_extrapolation_from_real_data
FJI,Fiji,2030,67.41,68.26,66.56,0,trend_extrapolation_from_real_data
FJI,Fiji,2031,67.43,68.33,66.53,0,trend_extrapolation_from_real_data
FJI,Fiji,2032,67.44,68.39,66.49,0,trend_extrapolation_from_real_data
FJI,Fiji,2033,67.45,68.45,66.45,0,trend_extrapolation_from_real_data
FJI,Fiji,2034,67.47,68.52,66.42,0,trend_extrapolation_from_real_data
FJI,Fiji,2035,67.48,68.58,66.38,0,trend_extrapolation_from_real_data
FJI,Fiji,2036,67.49,68.64,66.34,0,trend_extrapolation_from_real_data
FJI,Fiji,2037,67.51,68.71,66.31,0,trend_extrapolation_from_real_data
FJI,Fiji,2038,67.52,68.77,66.27,0,trend_extrapolation_from_real_data
FJI,Fiji,2039,67.53,68.83,66.23,0,trend_extrapolation_from_real_data
FJI,Fiji,2040,67.55,68.9,66.2,0,trend_extrapolation_from_real_data
FJI,Fiji,2041,67.56,68.96,66.16,0,trend_extrapolation_from_real_data
FJI,Fiji,2042,67.58,69.03,66.13,0,trend_extrapolation_from_real_data
FJI,Fiji,2043,67.59,69.09,66.09,0,trend_extrapolation_from_real_data
FJI,Fiji,2044,67.6,69.15,66.05,0,trend_extrapolation_from_real_data
FJI,Fiji,2045,67.62,69.22,66.02,0,trend_extrapolation_from_real_data
FJI,Fiji,2046,67.63,69.28,65.98,0,trend_extrapolation_from_real_data
FJI,Fiji,2047,67.64,69.34,65.94,0,trend_extrapolation_from_real_data
FJI,Fiji,2048,67.66,69.41,65.91,0,trend_extrapolation_from_real_data
FJI,Fiji,2049,67.67,69.47,65.87,0,trend_extrapolation_from_real_data
FJI,Fiji,2050,67.69,69.54,65.84,0,trend_extrapolation_from_real_data
FJI,Fiji,2051,67.7,69.6,65.8,0,trend_extrapolation_from_real_data
FJI,Fiji,2052,67.71,69.66,65.76,0,trend_extrapolation_from_real_data
FJI,Fiji,2053,67.73,69.73,65.73,0,trend_extrapolation_from_real_data
FJI,Fiji,2054,67.74,69.79,65.69,0,trend_extrapolation_from_real_data
FJI,Fiji,2055,67.75,69.85,65.65,0,trend_extrapolation_from_real_data
FJI,Fiji,2056,67.77,69.92,65.62,0,trend_extrapolation_from_real_data
FJI,Fiji,2057,67.78,69.98,65.58,0,trend_extrapolation_from_real_data
FJI,Fiji,2058,67.79,70.04,65.54,0,trend_extrapolation_from_real_data
FJI,Fiji,2059,67.81,70.11,65.51,0,trend_extrapolation_from_real_data
FJI,Fiji,2060,67.82,70.17,65.47,0,trend_extrapolation_from_real_data
FJI,Fiji,2061,67.84,70.24,65.44,0,trend_extrapolation_from_real_data
FJI,Fiji,2062,67.85,70.3,65.4,0,trend_extrapolation_from_real_data
FJI,Fiji,2063,67.86,70.36,65.36,0,trend_extrapolation_from_real_data
FJI,Fiji,2064,67.88,70.43,65.33,0,trend_extrapolation_from_real_data
FJI,Fiji,2065,67.89,70.49,65.29,0,trend_extrapolation_from_real_data
FJI,Fiji,2066,67.9,70.55,65.25,0,trend_extrapolation_from_real_data
FJI,Fiji,2067,67.92,70.62,65.22,0,trend_extrapolation_from_real_data
FJI,Fiji,2068,67.93,70.68,65.18,0,trend_extrapolation_from_real_data
FJI,Fiji,2069,67.94,70.74,65.14,0,trend_extrapolation_from_real_data
FJI,Fiji,2070,67.96,70.81,65.11,0,trend_extrapolation_from_real_data
FJI,Fiji,2071,67.97,70.87,65.07,0,trend_extrapolation_from_real_data
FJI,Fiji,2072,67.99,70.94,65.04,0,trend_extrapolation_from_real_data
FJI,Fiji,2073,68.0,71.0,65.0,0,trend_extrapolation_from_real_data
FJI,Fiji,2074,68.01,71.06,64.96,0,trend_extrapolation_from_real_data
FJI,Fiji,2075,68.03,71.13,64.93,0,trend_extrapolation_from_real_data
FJI,Fiji,2076,68.04,71.19,64.89,0,trend_extrapolation_from_real_data
FJI,Fiji,2077,68.05,71.25,64.85,0,trend_extrapolation_from_real_data
FJI,Fiji,2078,68.07,71.32,64.82,0,trend_extrapolation_from_real_data
FJI,Fiji,2079,68.08,71.38,64.78,0,trend_extrapolation_from_real_data
FJI,Fiji,2080,68.1,71.45,64.75,0,trend_extrapolation_from_real_data
FJI,Fiji,2081,68.11,71.51,64.71,0,trend_extrapolation_from_real_data
FJI,Fiji,2082,68.12,71.57,64.67,0,trend_extrapolation_from_real_data
FJI,Fiji,2083,68.14,71.64,64.64,0,trend_extrapolation_from_real_data
FJI,Fiji,2084,68.15,71.7,64.6,0,trend_extrapolation_from_real_data
FJI,Fiji,2085,68.16,71.76,64.56,0,trend_extrapolation_from_real_data
FJI,Fiji,2086,68.18,71.83,64.53,0,trend_extrapolation_from_real_data
FJI,Fiji,2087,68.19,71.89,64.49,0,trend_extrapolation_from_real_data
FJI,Fiji,2088,68.2,71.95,64.45,0,trend_extrapolation_from_real_data
FJI,Fiji,2089,68.22,72.02,64.42,0,trend_extrapolation_from_real_data
FJI,Fiji,2090,68.23,72.08,64.38,0,trend_extrapolation_from_real_data
FJI,Fiji,2091,68.25,72.15,64.35,0,trend_extrapolation_from_real_data
FJI,Fiji,2092,68.26,72.21,64.31,0,trend_extrapolation_from_real_data
FJI,Fiji,2093,68.27,72.27,64.27,0,trend_extrapolation_from_real_data
FJI,Fiji,2094,68.29,72.34,64.24,0,trend_extrapolation_from_real_data
FJI,Fiji,2095,68.3,72.4,64.2,0,trend_extrapolation_from_real_data
FJI,Fiji,2096,68.31,72.46,64.16,0,trend_extrapolation_from_real_data
FJI,Fiji,2097,68.33,72.53,64.13,0,trend_extrapolation_from_real_data
FJI,Fiji,2098,68.34,72.59,64.09,0,trend_extrapolation_from_real_data
FJI,Fiji,2099,68.35,72.65,64.05,0,trend_extrapolation_from_real_data
FJI,Fiji,2100,68.37,72.72,64.02,0,trend_extrapolation_from_real_data
FRA,France,2024,82.95,83.5,82.4,0,trend_extrapolation_from_real_data
FRA,France,2025,82.97,83.57,82.37,0,trend_extrapolation_from_real_data
FRA,France,2026,82.98,83.63,82.33,0,trend_extrapolation_from_real_data
FRA,France,2027,83.0,83.7,82.3,0,trend_extrapolation_from_real_data
FRA,France,2028,83.02,83.77,82.27,0,trend_extrapolation_from_real_data
FRA,France,2029,83.04,83.84,82.24,0,trend_extrapolation_from_real_data
FRA,France,2030,83.05,83.9,82.2,0,trend_extrapolation_from_real_data
FRA,France,2031,83.07,83.97,82.17,0,trend_extrapolation_from_real_data
FRA,France,2032,83.09,84.04,82.14,0,trend_extrapolation_from_real_data
FRA,France,2033,83.11,84.11,82.11,0,trend_extrapolation_from_real_data
FRA,France,2034,83.13,84.18,82.08,0,trend_extrapolation_from_real_data
FRA,France,2035,83.14,84.24,82.04,0,trend_extrapolation_from_real_data
FRA,France,2036,83.16,84.31,82.01,0,trend_extrapolation_from_real_data
FRA,France,2037,83.18,84.38,81.98,0,trend_extrapolation_from_real_data
FRA,France,2038,83.2,84.45,81.95,0,trend_extrapolation_from_real_data
FRA,France,2039,83.22,84.52,81.92,0,trend_extrapolation_from_real_data
FRA,France,2040,83.23,84.58,81.88,0,trend_extrapolation_from_real_data
FRA,France,2041,83.25,84.65,81.85,0,trend_extrapolation_from_real_data
FRA,France,2042,83.27,84.72,81.82,0,trend_extrapolation_from_real_data
FRA,France,2043,83.29,84.79,81.79,0,trend_extrapolation_from_real_data
FRA,France,2044,83.31,84.86,81.76,0,trend_extrapolation_from_real_data
FRA,France,2045,83.32,84.92,81.72,0,trend_extrapolation_from_real_data
FRA,France,2046,83.34,84.99,81.69,0,trend_extrapolation_from_real_data
FRA,France,2047,83.36,85.06,81.66,0,trend_extrapolation_from_real_data
FRA,France,2048,83.38,85.13,81.63,0,trend_extrapolation_from_real_data
FRA,France,2049,83.4,85.2,81.6,0,trend_extrapolation_from_real_data
FRA,France,2050,83.41,85.26,81.56,0,trend_extrapolation_from_real_data
FRA,France,2051,83.43,85.33,81.53,0,trend_extrapolation_from_real_data
FRA,France,2052,83.45,85.4,81.5,0,trend_extrapolation_from_real_data
FRA,France,2053,83.47,85.47,81.47,0,trend_extrapolation_from_real_data
FRA,France,2054,83.49,85.54,81.44,0,trend_extrapolation_from_real_data
FRA,France,2055,83.5,85.6,81.4,0,trend_extrapolation_from_real_data
FRA,France,2056,83.52,85.67,81.37,0,trend_extrapolation_from_real_data
FRA,France,2057,83.54,85.74,81.34,0,trend_extrapolation_from_real_data
FRA,France,2058,83.56,85.81,81.31,0,trend_extrapolation_from_real_data
FRA,France,2059,83.58,85.88,81.28,0,trend_extrapolation_from_real_data
FRA,France,2060,83.59,85.94,81.24,0,trend_extrapolation_from_real_data
FRA,France,2061,83.61,86.01,81.21,0,trend_extrapolation_from_real_data
FRA,France,2062,83.63,86.08,81.18,0,trend_extrapolation_from_real_data
FRA,France,2063,83.65,86.15,81.15,0,trend_extrapolation_from_real_data
FRA,France,2064,83.67,86.22,81.12,0,trend_extrapolation_from_real_data
FRA,France,2065,83.68,86.28,81.08,0,trend_extrapolation_from_real_data
FRA,France,2066,83.7,86.35,81.05,0,trend_extrapolation_from_real_data
FRA,France,2067,83.72,86.42,81.02,0,trend_extrapolation_from_real_data
FRA,France,2068,83.74,86.49,80.99,0,trend_extrapolation_from_real_data
FRA,France,2069,83.76,86.56,80.96,0,trend_extrapolation_from_real_data
FRA,France,2070,83.77,86.62,80.92,0,trend_extrapolation_from_real_data
FRA,France,2071,83.79,86.69,80.89,0,trend_extrapolation_from_real_data
FRA,France,2072,83.81,86.76,80.86,0,trend_extrapolation_from_real_data
FRA,France,2073,83.83,86.83,80.83,0,trend_extrapolation_from_real_data
FRA,France,2074,83.84,86.89,80.79,0,trend_extrapolation_from_real_data
FRA,France,2075,83.86,86.96,80.76,0,trend_extrapolation_from_real_data
FRA,France,2076,83.88,87.03,80.73,0,trend_extrapolation_from_real_data
FRA,France,2077,83.9,87.1,80.7,0,trend_extrapolation_from_real_data
FRA,France,2078,83.92,87.17,80.67,0,trend_extrapolation_from_real_data
FRA,France,2079,83.93,87.23,80.63,0,trend_extrapolation_from_real_data
FRA,France,2080,83.95,87.3,80.6,0,trend_extrapolation_from_real_data
FRA,France,2081,83.97,87.37,80.57,0,trend_extrapolation_from_real_data
FRA,France,2082,83.99,87.44,80.54,0,trend_extrapolation_from_real_data
FRA,France,2083,84.01,87.51,80.51,0,trend_extrapolation_from_real_data
FRA,France,2084,84.02,87.57,80.47,0,trend_extrapolation_from_real_data
FRA,France,2085,84.04,87.64,80.44,0,trend_extrapolation_from_real_data
FRA,France,2086,84.06,87.71,80.41,0,trend_extrapolation_from_real_data
FRA,France,2087,84.08,87.78,80.38,0,trend_extrapolation_from_real_data
FRA,France,2088,84.1,87.85,80.35,0,trend_extrapolation_from_real_data
FRA,France,2089,84.11,87.91,80.31,0,trend_extrapolation_from_real_data
FRA,France,2090,84.13,87.98,80.28,0,trend_extrapolation_from_real_data
FRA,France,2091,84.15,88.05,80.25,0,trend_extrapolation_from_real_data
FRA,France,2092,84.17,88.12,80.22,0,trend_extrapolation_from_real_data
FRA,France,2093,84.19,88.19,80.19,0,trend_extrapolation_from_real_data
FRA,France,2094,84.2,88.25,80.15,0,trend_extrapolation_from_real_data
FRA,France,2095,84.22,88.32,80.12,0,trend_extrapolation_from_real_data
FRA,France,2096,84.24,88.39,80.09,0,trend_extrapolation_from_real_data
FRA,France,2097,84.26,88.46,80.06,0,trend_extrapolation_from_real_data
FRA,France,2098,84.28,88.53,80.03,0,trend_extrapolation_from_real_data
FRA,France,2099,84.29,88.59,79.99,0,trend_extrapolation_from_real_data
FRA,France,2100,84.31,88.66,79.96,0,trend_extrapolation_from_real_data
GBR,United Kingdom,2024,81.26,81.81,80.71,0,trend_extrapolation_from_real_data
GBR,United Kingdom,2025,81.27,81.87,80.67,0,trend_extrapolation_from_real_data
GBR,United Kingdom,2026,81.29,81.94,80.64,0,trend_extrapolation_from_real_data
GBR,United Kingdom,2027,81.31,82.01,80.61,0,trend_extrapolation_from_real_data
GBR,United Kingdom,2028,81.33,82.08,80.58,0,trend_extrapolation_from_real_data
GBR,United Kingdom,2029,81.35,82.15,80.55,0,trend_extrapolation_from_real_data
GBR,United Kingdom,2030,81.36,82.21,80.51,0,trend_extrapolation_from_real_data
GBR,United Kingdom,2031,81.38,82.28,80.48,0,trend_extrapolation_from_real_data
GBR,United Kingdom,2032,81.4,82.35,80.45,0,trend_extrapolation_from_real_data
GBR,United Kingdom,2033,81.42,82.42,80.42,0,trend_extrapolation_from_real_data
GBR,United Kingdom,2034,81.44,82.49,80.39,0,trend_extrapolation_from_real_data
GBR,United Kingdom,2035,81.45,82.55,80.35,0,trend_extrapolation_from_real_data
GBR,United Kingdom,2036,81.47,82.62,80.32,0,trend_extrapolation_from_real_data
GBR,United Kingdom,2037,81.49,82.69,80.29,0,trend_extrapolation_from_real_data
GBR,United Kingdom,2038,81.51,82.76,80.26,0,trend_extrapolation_from_real_data
GBR,United Kingdom,2039,81.53,82.83,80.23,0,trend_extrapolation_from_real_data
GBR,United Kingdom,2040,81.55,82.9,80.2,0,trend_extrapolation_from_real_data
GBR,United Kingdom,2041,81.56,82.96,80.16,0,trend_extrapolation_from_real_data
GBR,United Kingdom,2042,81.58,83.03,80.13,0,trend_extrapolation_from_real_data
GBR,United Kingdom,2043,81.6,83.1,80.1,0,trend_extrapolation_from_real_data
GBR,United Kingdom,2044,81.62,83.17,80.07,0,trend_extrapolation_from_real_data
GBR,United Kingdom,2045,81.64,83.24,80.04,0,trend_extrapolation_from_real_data
GBR,United Kingdom,2046,81.65,83.3,80.0,0,trend_extrapolation_from_real_data
GBR,United Kingdom,2047,81.67,83.37,79.97,0,trend_extrapolation_from_real_data
GBR,United Kingdom,2048,81.69,83.44,79.94,0,trend_extrapolation_from_real_data
GBR,United Kingdom,2049,81.71,83.51,79.91,0,trend_extrapolation_from_real_data
GBR,United Kingdom,2050,81.73,83.58,79.88,0,trend_extrapolation_from_real_data
GBR,United Kingdom,2051,81.74,83.64,79.84,0,trend_extrapolation_from_real_data
GBR,United Kingdom,2052,81.76,83.71,79.81,0,trend_extrapolation_from_real_data
GBR,United Kingdom,2053,81.78,83.78,79.78,0,trend_extrapolation_from_real_data
GBR,United Kingdom,2054,81.8,83.85,79.75,0,trend_extrapolation_from_real_data
GBR,United Kingdom,2055,81.82,83.92,79.72,0,trend_extrapolation_from_real_data
GBR,United Kingdom,2056,81.83,83.98,79.68,0,trend_extrapolation_from_real_data
GBR,United Kingdom,2057,81.85,84.05,79.65,0,trend_extrapolation_from_real_data
GBR,United Kingdom,2058,81.87,84.12,79.62,0,trend_extrapolation_from_real_data
GBR,United Kingdom,2059,81.89,84.19,79.59,0,trend_extrapolation_from_real_data
GBR,United Kingdom,2060,81.91,84.26,79.56,0,trend_extrapolation_from_real_data
GBR,United Kingdom,2061,81.92,84.32,79.52,0,trend_extrapolation_from_real_data
GBR,United Kingdom,2062,81.94,84.39,79.49,0,trend_extrapolation_from_real_data
GBR,United Kingdom,2063,81.96,84.46,79.46,0,trend_extrapolation_from_real_data
GBR,United Kingdom,2064,81.98,84.53,79.43,0,trend_extrapolation_from_real_data
GBR,United Kingdom,2065,82.0,84.6,79.4,0,trend_extrapolation_from_real_data
GBR,United Kingdom,2066,82.01,84.66,79.36,0,trend_extrapolation_from_real_data
GBR,United Kingdom,2067,82.03,84.73,79.33,0,trend_extrapolation_from_real_data
GBR,United Kingdom,2068,82.05,84.8,79.3,0,trend_extrapolation_from_real_data
GBR,United Kingdom,2069,82.07,84.87,79.27,0,trend_extrapolation_from_real_data
GBR,United Kingdom,2070,82.09,84.94,79.24,0,trend_extrapolation_from_real_data
GBR,United Kingdom,2071,82.1,85.0,79.2,0,trend_extrapolation_from_real_data
GBR,United Kingdom,2072,82.12,85.07,79.17,0,trend_extrapolation_from_real_data
GBR,United Kingdom,2073,82.14,85.14,79.14,0,trend_extrapolation_from_real_data
GBR,United Kingdom,2074,82.16,85.21,79.11,0,trend_extrapolation_from_real_data
GBR,United Kingdom,2075,82.18,85.28,79.08,0,trend_extrapolation_from_real_data
GBR,United Kingdom,2076,82.19,85.34,79.04,0,trend_extrapolation_from_real_data
GBR,United Kingdom,2077,82.21,85.41,79.01,0,trend_extrapolation_from_real_data
GBR,United Kingdom,2078,82.23,85.48,78.98,0,trend_extrapolation_from_real_data
GBR,United Kingdom,2079,82.25,85.55,78.95,0,trend_extrapolation_from_real_data
GBR,United Kingdom,2080,82.27,85.62,78.92,0,trend_extrapolation_from_real_data
GBR,United Kingdom,2081,82.29,85.69,78.89,0,trend_extrapolation_from_real_data
GBR,United Kingdom,2082,82.3,85.75,78.85,0,trend_extrapolation_from_real_data
GBR,United Kingdom,2083,82.32,85.82,78.82,0,trend_extrapolation_from_real_data
GBR,United Kingdom,2084,82.34,85.89,78.79,0,trend_extrapolation_from_real_data
GBR,United Kingdom,2085,82.36,85.96,78.76,0,trend_extrapolation_from_real_data
GBR,United Kingdom,2086,82.38,86.03,78.73,0,trend_extrapolation_from_real_data
GBR,United Kingdom,2087,82.39,86.09,78.69,0,trend_extrapolation_from_real_data
GBR,United Kingdom,2088,82.41,86.16,78.66,0,trend_extrapolation_from_real_data
GBR,United Kingdom,2089,82.43,86.23,78.63,0,trend_extrapolation_from_real_data
GBR,United Kingdom,2090,82.45,86.3,78.6,0,trend_extrapolation_from_real_data
GBR,United Kingdom,2091,82.47,86.37,78.57,0,trend_extrapolation_from_real_data
GBR,United Kingdom,2092,82.48,86.43,78.53,0,trend_extrapolation_from_real_data
GBR,United Kingdom,2093,82.5,86.5,78.5,0,trend_extrapolation_from_real_data
GBR,United Kingdom,2094,82.52,86.57,78.47,0,trend_extrapolation_from_real_data
GBR,United Kingdom,2095,82.54,86.64,78.44,0,trend_extrapolation_from_real_data
GBR,United Kingdom,2096,82.56,86.71,78.41,0,trend_extrapolation_from_real_data
GBR,United Kingdom,2097,82.57,86.77,78.37,0,trend_extrapolation_from_real_data
GBR,United Kingdom,2098,82.59,86.84,78.34,0,trend_extrapolation_from_real_data
GBR,United Kingdom,2099,82.61,86.91,78.31,0,trend_extrapolation_from_real_data
GBR,United Kingdom,2100,82.63,86.98,78.28,0,trend_extrapolation_from_real_data
GHA,Ghana,2024,65.6,66.15,65.05,0,trend_extrapolation_from_real_data
GHA,Ghana,2025,65.7,66.3,65.1,0,trend_extrapolation_from_real_data
GHA,Ghana,2026,65.8,66.45,65.15,0,trend_extrapolation_from_real_data
GHA,Ghana,2027,65.9,66.6,65.2,0,trend_extrapolation_from_real_data
GHA,Ghana,2028,66.0,66.75,65.25,0,trend_extrapolation_from_real_data
GHA,Ghana,2029,66.1,66.9,65.3,0,trend_extrapolation_from_real_data
GHA,Ghana,2030,66.21,67.06,65.36,0,trend_extrapolation_from_real_data
GHA,Ghana,2031,66.31,67.21,65.41,0,trend_extrapolation_from_real_data
GHA,Ghana,2032,66.41,67.36,65.46,0,trend_extrapolation_from_real_data
GHA,Ghana,2033,66.51,67.51,65.51,0,trend_extrapolation_from_real_data
GHA,Ghana,2034,66.61,67.66,65.56,0,trend_extrapolation_from_real_data
GHA,Ghana,2035,66.71,67.81,65.61,0,trend_extrapolation_from_real_data
GHA,Ghana,2036,66.81,67.96,65.66,0,trend_extrapolation_from_real_data
GHA,Ghana,2037,66.91,68.11,65.71,0,trend_extrapolation_from_real_data
GHA,Ghana,2038,67.02,68.27,65.77,0,trend_extrapolation_from_real_data
GHA,Ghana,2039,67.12,68.42,65.82,0,trend_extrapolation_from_real_data
GHA,Ghana,2040,67.22,68.57,65.87,0,trend_extrapolation_from_real_data
GHA,Ghana,2041,67.32,68.72,65.92,0,trend_extrapolation_from_real_data
GHA,Ghana,2042,67.42,68.87,65.97,0,trend_extrapolation_from_real_data
GHA,Ghana,2043,67.52,69.02,66.02,0,trend_extrapolation_from_real_data
GHA,Ghana,2044,67.62,69.17,66.07,0,trend_extrapolation_from_real_data
GHA,Ghana,2045,67.72,69.32,66.12,0,trend_extrapolation_from_real_data
GHA,Ghana,2046,67.82,69.47,66.17,0,trend_extrapolation_from_real_data
GHA,Ghana,2047,67.93,69.63,66.23,0,trend_extrapolation_from_real_data
GHA,Ghana,2048,68.03,69.78,66.28,0,trend_extrapolation_from_real_data
GHA,Ghana,2049,68.13,69.93,66.33,0,trend_extrapolation_from_real_data
GHA,Ghana,2050,68.23,70.08,66.38,0,trend_extrapolation_from_real_data
GHA,Ghana,2051,68.33,70.23,66.43,0,trend_extrapolation_from_real_data
GHA,Ghana,2052,68.43,70.38,66.48,0,trend_extrapolation_from_real_data
GHA,Ghana,2053,68.53,70.53,66.53,0,trend_extrapolation_from_real_data
GHA,Ghana,2054,68.63,70.68,66.58,0,trend_extrapolation_from_real_data
GHA,Ghana,2055,68.73,70.83,66.63,0,trend_extrapolation_from_real_data
GHA,Ghana,2056,68.84,70.99,66.69,0,trend_extrapolation_from_real_data
GHA,Ghana,2057,68.94,71.14,66.74,0,trend_extrapolation_from_real_data
GHA,Ghana,2058,69.04,71.29,66.79,0,trend_extrapolation_from_real_data
GHA,Ghana,2059,69.14,71.44,66.84,0,trend_extrapolation_from_real_data
GHA,Ghana,2060,69.24,71.59,66.89,0,trend_extrapolation_from_real_data
GHA,Ghana,2061,69.34,71.74,66.94,0,trend_extrapolation_from_real_data
GHA,Ghana,2062,69.44,71.89,66.99,0,trend_extrapolation_from_real_data
GHA,Ghana,2063,69.54,72.04,67.04,0,trend_extrapolation_from_real_data
GHA,Ghana,2064,69.65,72.2,67.1,0,trend_extrapolation_from_real_data
GHA,Ghana,2065,69.75,72.35,67.15,0,trend_extrapolation_from_real_data
GHA,Ghana,2066,69.85,72.5,67.2,0,trend_extrapolation_from_real_data
GHA,Ghana,2067,69.95,72.65,67.25,0,trend_extrapolation_from_real_data
GHA,Ghana,2068,70.05,72.8,67.3,0,trend_extrapolation_from_real_data
GHA,Ghana,2069,70.15,72.95,67.35,0,trend_extrapolation_from_real_data
GHA,Ghana,2070,70.25,73.1,67.4,0,trend_extrapolation_from_real_data
GHA,Ghana,2071,70.35,73.25,67.45,0,trend_extrapolation_from_real_data
GHA,Ghana,2072,70.45,73.4,67.5,0,trend_extrapolation_from_real_data
GHA,Ghana,2073,70.56,73.56,67.56,0,trend_extrapolation_from_real_data
GHA,Ghana,2074,70.66,73.71,67.61,0,trend_extrapolation_from_real_data
GHA,Ghana,2075,70.76,73.86,67.66,0,trend_extrapolation_from_real_data
GHA,Ghana,2076,70.86,74.01,67.71,0,trend_extrapolation_from_real_data
GHA,Ghana,2077,70.96,74.16,67.76,0,trend_extrapolation_from_real_data
GHA,Ghana,2078,71.06,74.31,67.81,0,trend_extrapolation_from_real_data
GHA,Ghana,2079,71.16,74.46,67.86,0,trend_extrapolation_from_real_data
GHA,Ghana,2080,71.26,74.61,67.91,0,trend_extrapolation_from_real_data
GHA,Ghana,2081,71.36,74.76,67.96,0,trend_extrapolation_from_real_data
GHA,Ghana,2082,71.47,74.92,68.02,0,trend_extrapolation_from_real_data
GHA,Ghana,2083,71.57,75.07,68.07,0,trend_extrapolation_from_real_data
GHA,Ghana,2084,71.67,75.22,68.12,0,trend_extrapolation_from_real_data
GHA,Ghana,2085,71.77,75.37,68.17,0,trend_extrapolation_from_real_data
GHA,Ghana,2086,71.87,75.52,68.22,0,trend_extrapolation_from_real_data
GHA,Ghana,2087,71.97,75.67,68.27,0,trend_extrapolation_from_real_data
GHA,Ghana,2088,72.07,75.82,68.32,0,trend_extrapolation_from_real_data
GHA,Ghana,2089,72.17,75.97,68.37,0,trend_extrapolation_from_real_data
GHA,Ghana,2090,72.28,76.13,68.43,0,trend_extrapolation_from_real_data
GHA,Ghana,2091,72.38,76.28,68.48,0,trend_extrapolation_from_real_data
GHA,Ghana,2092,72.48,76.43,68.53,0,trend_extrapolation_from_real_data
GHA,Ghana,2093,72.58,76.58,68.58,0,trend_extrapolation_from_real_data
GHA,Ghana,2094,72.68,76.73,68.63,0,trend_extrapolation_from_real_data
GHA,Ghana,2095,72.78,76.88,68.68,0,trend_extrapolation_from_real_data
GHA,Ghana,2096,72.88,77.03,68.73,0,trend_extrapolation_from_real_data
GHA,Ghana,2097,72.98,77.18,68.78,0,trend_extrapolation_from_real_data
GHA,Ghana,2098,73.08,77.33,68.83,0,trend_extrapolation_from_real_data
GHA,Ghana,2099,73.19,77.49,68.89,0,trend_extrapolation_from_real_data
GHA,Ghana,2100,73.29,77.64,68.94,0,trend_extrapolation_from_real_data
GRC,Greece,2024,81.55,82.1,81.0,1,trend_extrapolation_from_real_data
GRC,Greece,2025,81.57,82.17,80.97,1,trend_extrapolation_from_real_data
GRC,Greece,2026,81.59,82.24,80.94,1,trend_extrapolation_from_real_data
GRC,Greece,2027,81.61,82.31,80.91,1,trend_extrapolation_from_real_data
GRC,Greece,2028,81.62,82.37,80.87,1,trend_extrapolation_from_real_data
GRC,Greece,2029,81.64,82.44,80.84,1,trend_extrapolation_from_real_data
GRC,Greece,2030,81.66,82.51,80.81,1,trend_extrapolation_from_real_data
GRC,Greece,2031,81.67,82.57,80.77,1,trend_extrapolation_from_real_data
GRC,Greece,2032,81.69,82.64,80.74,1,trend_extrapolation_from_real_data
GRC,Greece,2033,81.71,82.71,80.71,1,trend_extrapolation_from_real_data
GRC,Greece,2034,81.73,82.78,80.68,1,trend_extrapolation_from_real_data
GRC,Greece,2035,81.74,82.84,80.64,1,trend_extrapolation_from_real_data
GRC,Greece,2036,81.76,82.91,80.61,1,trend_extrapolation_from_real_data
GRC,Greece,2037,81.78,82.98,80.58,1,trend_extrapolation_from_real_data
GRC,Greece,2038,81.79,83.04,80.54,1,trend_extrapolation_from_real_data
GRC,Greece,2039,81.81,83.11,80.51,1,trend_extrapolation_from_real_data
GRC,Greece,2040,81.83,83.18,80.48,1,trend_extrapolation_from_real_data
GRC,Greece,2041,81.85,83.25,80.45,1,trend_extrapolation_from_real_data
GRC,Greece,2042,81.86,83.31,80.41,1,trend_extrapolation_from_real_data
GRC,Greece,2043,81.88,83.38,80.38,1,trend_extrapolation_from_real_data
GRC,Greece,2044,81.9,83.45,80.35,1,trend_extrapolation_from_real_data
GRC,Greece,2045,81.92,83.52,80.32,1,trend_extrapolation_from_real_data
GRC,Greece,2046,81.93,83.58,80.28,1,trend_extrapolation_from_real_data
GRC,Greece,2047,81.95,83.65,80.25,1,trend_extrapolation_from_real_data
GRC,Greece,2048,81.97,83.72,80.22,1,trend_extrapolation_from_real_data
GRC,Greece,2049,81.98,83.78,80.18,1,trend_extrapolation_from_real_data
GRC,Greece,2050,82.0,83.85,80.15,1,trend_extrapolation_from_real_data
GRC,Greece,2051,82.02,83.92,80.12,1,trend_extrapolation_from_real_data
GRC,Greece,2052,82.04,83.99,80.09,1,trend_extrapolation_from_real_data
GRC,Greece,2053,82.05,84.05,80.05,1,trend_extrapolation_from_real_data
GRC,Greece,2054,82.07,84.12,80.02,1,trend_extrapolation_from_real_data
GRC,Greece,2055,82.09,84.19,79.99,1,trend_extrapolation_from_real_data
GRC,Greece,2056,82.11,84.26,79.96,1,trend_extrapolation_from_real_data
GRC,Greece,2057,82.12,84.32,79.92,1,trend_extrapolation_from_real_data
GRC,Greece,2058,82.14,84.39,79.89,1,trend_extrapolation_from_real_data
GRC,Greece,2059,82.16,84.46,79.86,1,trend_extrapolation_from_real_data
GRC,Greece,2060,82.17,84.52,79.82,1,trend_extrapolation_from_real_data
GRC,Greece,2061,82.19,84.59,79.79,1,trend_extrapolation_from_real_data
GRC,Greece,2062,82.21,84.66,79.76,1,trend_extrapolation_from_real_data
GRC,Greece,2063,82.23,84.73,79.73,1,trend_extrapolation_from_real_data
GRC,Greece,2064,82.24,84.79,79.69,1,trend_extrapolation_from_real_data
GRC,Greece,2065,82.26,84.86,79.66,1,trend_extrapolation_from_real_data
GRC,Greece,2066,82.28,84.93,79.63,1,trend_extrapolation_from_real_data
GRC,Greece,2067,82.29,84.99,79.59,1,trend_extrapolation_from_real_data
GRC,Greece,2068,82.31,85.06,79.56,1,trend_extrapolation_from_real_data
GRC,Greece,2069,82.33,85.13,79.53,1,trend_extrapolation_from_real_data
GRC,Greece,2070,82.35,85.2,79.5,1,trend_extrapolation_from_real_data
GRC,Greece,2071,82.36,85.26,79.46,1,trend_extrapolation_from_real_data
GRC,Greece,2072,82.38,85.33,79.43,1,trend_extrapolation_from_real_data
GRC,Greece,2073,82.4,85.4,79.4,1,trend_extrapolation_from_real_data
GRC,Greece,2074,82.42,85.47,79.37,1,trend_extrapolation_from_real_data
GRC,Greece,2075,82.43,85.53,79.33,1,trend_extrapolation_from_real_data
GRC,Greece,2076,82.45,85.6,79.3,1,trend_extrapolation_from_real_data
GRC,Greece,2077,82.47,85.67,79.27,1,trend_extrapolation_from_real_data
GRC,Greece,2078,82.48,85.73,79.23,1,trend_extrapolation_from_real_data
GRC,Greece,2079,82.5,85.8,79.2,1,trend_extrapolation_from_real_data
GRC,Greece,2080,82.52,85.87,79.17,1,trend_extrapolation_from_real_data
GRC,Greece,2081,82.54,85.94,79.14,1,trend_extrapolation_from_real_data
GRC,Greece,2082,82.55,86.0,79.1,1,trend_extrapolation_from_real_data
GRC,Greece,2083,82.57,86.07,79.07,1,trend_extrapolation_from_real_data
GRC,Greece,2084,82.59,86.14,79.04,1,trend_extrapolation_from_real_data
GRC,Greece,2085,82.6,86.2,79.0,1,trend_extrapolation_from_real_data
GRC,Greece,2086,82.62,86.27,78.97,1,trend_extrapolation_from_real_data
GRC,Greece,2087,82.64,86.34,78.94,1,trend_extrapolation_from_real_data
GRC,Greece,2088,82.66,86.41,78.91,1,trend_extrapolation_from_real_data
GRC,Greece,2089,82.67,86.47,78.87,1,trend_extrapolation_from_real_data
GRC,Greece,2090,82.69,86.54,78.84,1,trend_extrapolation_from_real_data
GRC,Greece,2091,82.71,86.61,78.81,1,trend_extrapolation_from_real_data
GRC,Greece,2092,82.73,86.68,78.78,1,trend_extrapolation_from_real_data
GRC,Greece,2093,82.74,86.74,78.74,1,trend_extrapolation_from_real_data
GRC,Greece,2094,82.76,86.81,78.71,1,trend_extrapolation_from_real_data
GRC,Greece,2095,82.78,86.88,78.68,1,trend_extrapolation_from_real_data
GRC,Greece,2096,82.79,86.94,78.64,1,trend_extrapolation_from_real_data
GRC,Greece,2097,82.81,87.01,78.61,1,trend_extrapolation_from_real_data
GRC,Greece,2098,82.83,87.08,78.58,1,trend_extrapolation_from_real_data
GRC,Greece,2099,82.85,87.15,78.55,1,trend_extrapolation_from_real_data
GRC,Greece,2100,82.86,87.21,78.51,1,trend_extrapolation_from_real_data
HRV,Croatia,2024,78.5,79.05,77.95,0,trend_extrapolation_from_real_data
HRV,Croatia,2025,78.53,79.13,77.93,0,trend_extrapolation_from_real_data
HRV,Croatia,2026,78.55,79.2,77.9,0,trend_extrapolation_from_real_data
HRV,Croatia,2027,78.58,79.28,77.88,0,trend_extrapolation_from_real_data
HRV,Croatia,2028,78.6,79.35,77.85,0,trend_extrapolation_from_real_data
HRV,Croatia,2029,78.63,79.43,77.83,0,trend_extrapolation_from_real_data
HRV,Croatia,2030,78.66,79.51,77.81,0,trend_extrapolation_from_real_data
HRV,Croatia,2031,78.68,79.58,77.78,0,trend_extrapolation_from_real_data
HRV,Croatia,2032,78.71,79.66,77.76,0,trend_extrapolation_from_real_data
HRV,Croatia,2033,78.73,79.73,77.73,0,trend_extrapolation_from_real_data
HRV,Croatia,2034,78.76,79.81,77.71,0,trend_extrapolation_from_real_data
HRV,Croatia,2035,78.79,79.89,77.69,0,trend_extrapolation_from_real_data
HRV,Croatia,2036,78.81,79.96,77.66,0,trend_extrapolation_from_real_data
HRV,Croatia,2037,78.84,80.04,77.64,0,trend_extrapolation_from_real_data
HRV,Croatia,2038,78.87,80.12,77.62,0,trend_extrapolation_from_real_data
HRV,Croatia,2039,78.89,80.19,77.59,0,trend_extrapolation_from_real_data
HRV,Croatia,2040,78.92,80.27,77.57,0,trend_extrapolation_from_real_data
HRV,Croatia,2041,78.94,80.34,77.54,0,trend_extrapolation_from_real_data
HRV,Croatia,2042,78.97,80.42,77.52,0,trend_extrapolation_from_real_data
HRV,Croatia,2043,79.0,80.5,77.5,0,trend_extrapolation_from_real_data
HRV,Croatia,2044,79.02,80.57,77.47,0,trend_extrapolation_from_real_data
HRV,Croatia,2045,79.05,80.65,77.45,0,trend_extrapolation_from_real_data
HRV,Croatia,2046,79.07,80.72,77.42,0,trend_extrapolation_from_real_data
HRV,Croatia,2047,79.1,80.8,77.4,0,trend_extrapolation_from_real_data
HRV,Croatia,2048,79.13,80.88,77.38,0,trend_extrapolation_from_real_data
HRV,Croatia,2049,79.15,80.95,77.35,0,trend_extrapolation_from_real_data
HRV,Croatia,2050,79.18,81.03,77.33,0,trend_extrapolation_from_real_data
HRV,Croatia,2051,79.2,81.1,77.3,0,trend_extrapolation_from_real_data
HRV,Croatia,2052,79.23,81.18,77.28,0,trend_extrapolation_from_real_data
HRV,Croatia,2053,79.26,81.26,77.26,0,trend_extrapolation_from_real_data
HRV,Croatia,2054,79.28,81.33,77.23,0,trend_extrapolation_from_real_data
HRV,Croatia,2055,79.31,81.41,77.21,0,trend_extrapolation_from_real_data
HRV,Croatia,2056,79.34,81.49,77.19,0,trend_extrapolation_from_real_data
HRV,Croatia,2057,79.36,81.56,77.16,0,trend_extrapolation_from_real_data
HRV,Croatia,2058,79.39,81.64,77.14,0,trend_extrapolation_from_real_data
HRV,Croatia,2059,79.41,81.71,77.11,0,trend_extrapolation_from_real_data
HRV,Croatia,2060,79.44,81.79,77.09,0,trend_extrapolation_from_real_data
HRV,Croatia,2061,79.47,81.87,77.07,0,trend_extrapolation_from_real_data
HRV,Croatia,2062,79.49,81.94,77.04,0,trend_extrapolation_from_real_data
HRV,Croatia,2063,79.52,82.02,77.02,0,trend_extrapolation_from_real_data
HRV,Croatia,2064,79.54,82.09,76.99,0,trend_extrapolation_from_real_data
HRV,Croatia,2065,79.57,82.17,76.97,0,trend_extrapolation_from_real_data
HRV,Croatia,2066,79.6,82.25,76.95,0,trend_extrapolation_from_real_data
HRV,Croatia,2067,79.62,82.32,76.92,0,trend_extrapolation_from_real_data
HRV,Croatia,2068,79.65,82.4,76.9,0,trend_extrapolation_from_real_data
HRV,Croatia,2069,79.67,82.47,76.87,0,trend_extrapolation_from_real_data
HRV,Croatia,2070,79.7,82.55,76.85,0,trend_extrapolation_from_real_data
HRV,Croatia,2071,79.73,82.63,76.83,0,trend_extrapolation_from_real_data
HRV,Croatia,2072,79.75,82.7,76.8,0,trend_extrapolation_from_real_data
HRV,Croatia,2073,79.78,82.78,76.78,0,trend_extrapolation_from_real_data
HRV,Croatia,2074,79.81,82.86,76.76,0,trend_extrapolation_from_real_data
HRV,Croatia,2075,79.83,82.93,76.73,0,trend_extrapolation_from_real_data
HRV,Croatia,2076,79.86,83.01,76.71,0,trend_extrapolation_from_real_data
HRV,Croatia,2077,79.88,83.08,76.68,0,trend_extrapolation_from_real_data
HRV,Croatia,2078,79.91,83.16,76.66,0,trend_extrapolation_from_real_data
HRV,Croatia,2079,79.94,83.24,76.64,0,trend_extrapolation_from_real_data
HRV,Croatia,2080,79.96,83.31,76.61,0,trend_extrapolation_from_real_data
HRV,Croatia,2081,79.99,83.39,76.59,0,trend_extrapolation_from_real_data
HRV,Croatia,2082,80.01,83.46,76.56,0,trend_extrapolation_from_real_data
HRV,Croatia,2083,80.04,83.54,76.54,0,trend_extrapolation_from_real_data
HRV,Croatia,2084,80.07,83.62,76.52,0,trend_extrapolation_from_real_data
HRV,Croatia,2085,80.09,83.69,76.49,0,trend_extrapolation_from_real_data
HRV,Croatia,2086,80.12,83.77,76.47,0,trend_extrapolation_from_real_data
HRV,Croatia,2087,80.14,83.84,76.44,0,trend_extrapolation_from_real_data
HRV,Croatia,2088,80.17,83.92,76.42,0,trend_extrapolation_from_real_data
HRV,Croatia,2089,80.2,84.0,76.4,0,trend_extrapolation_from_real_data
HRV,Croatia,2090,80.22,84.07,76.37,0,trend_extrapolation_from_real_data
HRV,Croatia,2091,80.25,84.15,76.35,0,trend_extrapolation_from_real_data
HRV,Croatia,2092,80.28,84.23,76.33,0,trend_extrapolation_from_real_data
HRV,Croatia,2093,80.3,84.3,76.3,0,trend_extrapolation_from_real_data
HRV,Croatia,2094,80.33,84.38,76.28,0,trend_extrapolation_from_real_data
HRV,Croatia,2095,80.35,84.45,76.25,0,trend_extrapolation_from_real_data
HRV,Croatia,2096,80.38,84.53,76.23,0,trend_extrapolation_from_real_data
HRV,Croatia,2097,80.41,84.61,76.21,0,trend_extrapolation_from_real_data
HRV,Croatia,2098,80.43,84.68,76.18,0,trend_extrapolation_from_real_data
HRV,Croatia,2099,80.46,84.76,76.16,0,trend_extrapolation_from_real_data
HRV,Croatia,2100,80.48,84.83,76.13,0,trend_extrapolation_from_real_data
HUN,Hungary,2024,76.81,77.36,76.26,0,trend_extrapolation_from_real_data
HUN,Hungary,2025,76.84,77.44,76.24,0,trend_extrapolation_from_real_data
HUN,Hungary,2026,76.88,77.53,76.23,0,trend_extrapolation_from_real_data
HUN,Hungary,2027,76.92,77.62,76.22,0,trend_extrapolation_from_real_data
HUN,Hungary,2028,76.95,77.7,76.2,0,trend_extrapolation_from_real_data
HUN,Hungary,2029,76.99,77.79,76.19,0,trend_extrapolation_from_real_data
HUN,Hungary,2030,77.03,77.88,76.18,0,trend_extrapolation_from_real_data
HUN,Hungary,2031,77.06,77.96,76.16,0,trend_extrapolation_from_real_data
HUN,Hungary,2032,77.1,78.05,76.15,0,trend_extrapolation_from_real_data
HUN,Hungary,2033,77.14,78.14,76.14,0,trend_extrapolation_from_real_data
HUN,Hungary,2034,77.17,78.22,76.12,0,trend_extrapolation_from_real_data
HUN,Hungary,2035,77.21,78.31,76.11,0,trend_extrapolation_from_real_data
HUN,Hungary,2036,77.25,78.4,76.1,0,trend_extrapolation_from_real_data
HUN,Hungary,2037,77.29,78.49,76.09,0,trend_extrapolation_from_real_data
HUN,Hungary,2038,77.32,78.57,76.07,0,trend_extrapolation_from_real_data
HUN,Hungary,2039,77.36,78.66,76.06,0,trend_extrapolation_from_real_data
HUN,Hungary,2040,77.4,78.75,76.05,0,trend_extrapolation_from_real_data
HUN,Hungary,2041,77.43,78.83,76.03,0,trend_extrapolation_from_real_data
HUN,Hungary,2042,77.47,78.92,76.02,0,trend_extrapolation_from_real_data
HUN,Hungary,2043,77.51,79.01,76.01,0,trend_extrapolation_from_real_data
HUN,Hungary,2044,77.54,79.09,75.99,0,trend_extrapolation_from_real_data
HUN,Hungary,2045,77.58,79.18,75.98,0,trend_extrapolation_from_real_data
HUN,Hungary,2046,77.62,79.27,75.97,0,trend_extrapolation_from_real_data
HUN,Hungary,2047,77.65,79.35,75.95,0,trend_extrapolation_from_real_data
HUN,Hungary,2048,77.69,79.44,75.94,0,trend_extrapolation_from_real_data
HUN,Hungary,2049,77.73,79.53,75.93,0,trend_extrapolation_from_real_data
HUN,Hungary,2050,77.76,79.61,75.91,0,trend_extrapolation_from_real_data
HUN,Hungary,2051,77.8,79.7,75.9,0,trend_extrapolation_from_real_data
HUN,Hungary,2052,77.84,79.79,75.89,0,trend_extrapolation_from_real_data
HUN,Hungary,2053,77.87,79.87,75.87,0,trend_extrapolation_from_real_data
HUN,Hungary,2054,77.91,79.96,75.86,0,trend_extrapolation_from_real_data
HUN,Hungary,2055,77.95,80.05,75.85,0,trend_extrapolation_from_real_data
HUN,Hungary,2056,77.98,80.13,75.83,0,trend_extrapolation_from_real_data
HUN,Hungary,2057,78.02,80.22,75.82,0,trend_extrapolation_from_real_data
HUN,Hungary,2058,78.06,80.31,75.81,0,trend_extrapolation_from_real_data
HUN,Hungary,2059,78.09,80.39,75.79,0,trend_extrapolation_from_real_data
HUN,Hungary,2060,78.13,80.48,75.78,0,trend_extrapolation_from_real_data
HUN,Hungary,2061,78.17,80.57,75.77,0,trend_extrapolation_from_real_data
HUN,Hungary,2062,78.2,80.65,75.75,0,trend_extrapolation_from_real_data
HUN,Hungary,2063,78.24,80.74,75.74,0,trend_extrapolation_from_real_data
HUN,Hungary,2064,78.28,80.83,75.73,0,trend_extrapolation_from_real_data
HUN,Hungary,2065,78.31,80.91,75.71,0,trend_extrapolation_from_real_data
HUN,Hungary,2066,78.35,81.0,75.7,0,trend_extrapolation_from_real_data
HUN,Hungary,2067,78.39,81.09,75.69,0,trend_extrapolation_from_real_data
HUN,Hungary,2068,78.42,81.17,75.67,0,trend_extrapolation_from_real_data
HUN,Hungary,2069,78.46,81.26,75.66,0,trend_extrapolation_from_real_data
HUN,Hungary,2070,78.5,81.35,75.65,0,trend_extrapolation_from_real_data
HUN,Hungary,2071,78.53,81.43,75.63,0,trend_extrapolation_from_real_data
HUN,Hungary,2072,78.57,81.52,75.62,0,trend_extrapolation_from_real_data
HUN,Hungary,2073,78.61,81.61,75.61,0,trend_extrapolation_from_real_data
HUN,Hungary,2074,78.64,81.69,75.59,0,trend_extrapolation_from_real_data
HUN,Hungary,2075,78.68,81.78,75.58,0,trend_extrapolation_from_real_data
HUN,Hungary,2076,78.72,81.87,75.57,0,trend_extrapolation_from_real_data
HUN,Hungary,2077,78.75,81.95,75.55,0,trend_extrapolation_from_real_data
HUN,Hungary,2078,78.79,82.04,75.54,0,trend_extrapolation_from_real_data
HUN,Hungary,2079,78.83,82.13,75.53,0,trend_extrapolation_from_real_data
HUN,Hungary,2080,78.87,82.22,75.52,0,trend_extrapolation_from_real_data
HUN,Hungary,2081,78.9,82.3,75.5,0,trend_extrapolation_from_real_data
HUN,Hungary,2082,78.94,82.39,75.49,0,trend_extrapolation_from_real_data
HUN,Hungary,2083,78.98,82.48,75.48,0,trend_extrapolation_from_real_data
HUN,Hungary,2084,79.01,82.56,75.46,0,trend_extrapolation_from_real_data
HUN,Hungary,2085,79.05,82.65,75.45,0,trend_extrapolation_from_real_data
HUN,Hungary,2086,79.09,82.74,75.44,0,trend_extrapolation_from_real_data
HUN,Hungary,2087,79.12,82.82,75.42,0,trend_extrapolation_from_real_data
HUN,Hungary,2088,79.16,82.91,75.41,0,trend_extrapolation_from_real_data
HUN,Hungary,2089,79.2,83.0,75.4,0,trend_extrapolation_from_real_data
HUN,Hungary,2090,79.23,83.08,75.38,0,trend_extrapolation_from_real_data
HUN,Hungary,2091,79.27,83.17,75.37,0,trend_extrapolation_from_real_data
HUN,Hungary,2092,79.31,83.26,75.36,0,trend_extrapolation_from_real_data
HUN,Hungary,2093,79.34,83.34,75.34,0,trend_extrapolation_from_real_data
HUN,Hungary,2094,79.38,83.43,75.33,0,trend_extrapolation_from_real_data
HUN,Hungary,2095,79.42,83.52,75.32,0,trend_extrapolation_from_real_data
HUN,Hungary,2096,79.45,83.6,75.3,0,trend_extrapolation_from_real_data
HUN,Hungary,2097,79.49,83.69,75.29,0,trend_extrapolation_from_real_data
HUN,Hungary,2098,79.53,83.78,75.28,0,trend_extrapolation_from_real_data
HUN,Hungary,2099,79.56,83.86,75.26,0,trend_extrapolation_from_real_data
HUN,Hungary,2100,79.6,83.95,75.25,0,trend_extrapolation_from_real_data
IDN,Indonesia,2024,71.19,71.74,70.64,0,trend_extrapolation_from_real_data
IDN,Indonesia,2025,71.23,71.83,70.63,0,trend_extrapolation_from_real_data
IDN,Indonesia,2026,71.28,71.93,70.63,0,trend_extrapolation_from_real_data
IDN,Indonesia,2027,71.32,72.02,70.62,0,trend_extrapolation_from_real_data
IDN,Indonesia,2028,71.36,72.11,70.61,0,trend_extrapolation_from_real_data
IDN,Indonesia,2029,71.41,72.21,70.61,0,trend_extrapolation_from_real_data
IDN,Indonesia,2030,71.45,72.3,70.6,0,trend_extrapolation_from_real_data
IDN,Indonesia,2031,71.5,72.4,70.6,0,trend_extrapolation_from_real_data
IDN,Indonesia,2032,71.54,72.49,70.59,0,trend_extrapolation_from_real_data
IDN,Indonesia,2033,71.58,72.58,70.58,0,trend_extrapolation_from_real_data
IDN,Indonesia,2034,71.63,72.68,70.58,0,trend_extrapolation_from_real_data
IDN,Indonesia,2035,71.67,72.77,70.57,0,trend_extrapolation_from_real_data
IDN,Indonesia,2036,71.71,72.86,70.56,0,trend_extrapolation_from_real_data
IDN,Indonesia,2037,71.76,72.96,70.56,0,trend_extrapolation_from_real_data
IDN,Indonesia,2038,71.8,73.05,70.55,0,trend_extrapolation_from_real_data
IDN,Indonesia,2039,71.84,73.14,70.54,0,trend_extrapolation_from_real_data
IDN,Indonesia,2040,71.89,73.24,70.54,0,trend_extrapolation_from_real_data
IDN,Indonesia,2041,71.93,73.33,70.53,0,trend_extrapolation_from_real_data
IDN,Indonesia,2042,71.98,73.43,70.53,0,trend_extrapolation_from_real_data
IDN,Indonesia,2043,72.02,73.52,70.52,0,trend_extrapolation_from_real_data
IDN,Indonesia,2044,72.06,73.61,70.51,0,trend_extrapolation_from_real_data
IDN,Indonesia,2045,72.11,73.71,70.51,0,trend_extrapolation_from_real_data
IDN,Indonesia,2046,72.15,73.8,70.5,0,trend_extrapolation_from_real_data
IDN,Indonesia,2047,72.19,73.89,70.49,0,trend_extrapolation_from_real_data
IDN,Indonesia,2048,72.24,73.99,70.49,0,trend_extrapolation_from_real_data
IDN,Indonesia,2049,72.28,74.08,70.48,0,trend_extrapolation_from_real_data
IDN,Indonesia,2050,72.32,74.17,70.47,0,trend_extrapolation_from_real_data
IDN,Indonesia,2051,72.37,74.27,70.47,0,trend_extrapolation_from_real_data
IDN,Indonesia,2052,72.41,74.36,70.46,0,trend_extrapolation_from_real_data
IDN,Indonesia,2053,72.46,74.46,70.46,0,trend_extrapolation_from_real_data
IDN,Indonesia,2054,72.5,74.55,70.45,0,trend_extrapolation_from_real_data
IDN,Indonesia,2055,72.54,74.64,70.44,0,trend_extrapolation_from_real_data
IDN,Indonesia,2056,72.59,74.74,70.44,0,trend_extrapolation_from_real_data
IDN,Indonesia,2057,72.63,74.83,70.43,0,trend_extrapolation_from_real_data
IDN,Indonesia,2058,72.67,74.92,70.42,0,trend_extrapolation_from_real_data
IDN,Indonesia,2059,72.72,75.02,70.42,0,trend_extrapolation_from_real_data
IDN,Indonesia,2060,72.76,75.11,70.41,0,trend_extrapolation_from_real_data
IDN,Indonesia,2061,72.8,75.2,70.4,0,trend_extrapolation_from_real_data
IDN,Indonesia,2062,72.85,75.3,70.4,0,trend_extrapolation_from_real_data
IDN,Indonesia,2063,72.89,75.39,70.39,0,trend_extrapolation_from_real_data
IDN,Indonesia,2064,72.94,75.49,70.39,0,trend_extrapolation_from_real_data
IDN,Indonesia,2065,72.98,75.58,70.38,0,trend_extrapolation_from_real_data
IDN,Indonesia,2066,73.02,75.67,70.37,0,trend_extrapolation_from_real_data
IDN,Indonesia,2067,73.07,75.77,70.37,0,trend_extrapolation_from_real_data
IDN,Indonesia,2068,73.11,75.86,70.36,0,trend_extrapolation_from_real_data
IDN,Indonesia,2069,73.15,75.95,70.35,0,trend_extrapolation_from_real_data
IDN,Indonesia,2070,73.2,76.05,70.35,0,trend_extrapolation_from_real_data
IDN,Indonesia,2071,73.24,76.14,70.34,0,trend_extrapolation_from_real_data
IDN,Indonesia,2072,73.28,76.23,70.33,0,trend_extrapolation_from_real_data
IDN,Indonesia,2073,73.33,76.33,70.33,0,trend_extrapolation_from_real_data
IDN,Indonesia,2074,73.37,76.42,70.32,0,trend_extrapolation_from_real_data
IDN,Indonesia,2075,73.42,76.52,70.32,0,trend_extrapolation_from_real_data
IDN,Indonesia,2076,73.46,76.61,70.31,0,trend_extrapolation_from_real_data
IDN,Indonesia,2077,73.5,76.7,70.3,0,trend_extrapolation_from_real_data
IDN,Indonesia,2078,73.55,76.8,70.3,0,trend_extrapolation_from_real_data
IDN,Indonesia,2079,73.59,76.89,70.29,0,trend_extrapolation_from_real_data
IDN,Indonesia,2080,73.63,76.98,70.28,0,trend_extrapolation_from_real_data
IDN,Indonesia,2081,73.68,77.08,70.28,0,trend_extrapolation_from_real_data
IDN,Indonesia,2082,73.72,77.17,70.27,0,trend_extrapolation_from_real_data
IDN,Indonesia,2083,73.76,77.26,70.26,0,trend_extrapolation_from_real_data
IDN,Indonesia,2084,73.81,77.36,70.26,0,trend_extrapolation_from_real_data
IDN,Indonesia,2085,73.85,77.45,70.25,0,trend_extrapolation_from_real_data
IDN,Indonesia,2086,73.9,77.55,70.25,0,trend_extrapolation_from_real_data
IDN,Indonesia,2087,73.94,77.64,70.24,0,trend_extrapolation_from_real_data
IDN,Indonesia,2088,73.98,77.73,70.23,0,trend_extrapolation_from_real_data
IDN,Indonesia,2089,74.03,77.83,70.23,0,trend_extrapolation_from_real_data
IDN,Indonesia,2090,74.07,77.92,70.22,0,trend_extrapolation_from_real_data
IDN,Indonesia,2091,74.11,78.01,70.21,0,trend_extrapolation_from_real_data
IDN,Indonesia,2092,74.16,78.11,70.21,0,trend_extrapolation_from_real_data
IDN,Indonesia,2093,74.2,78.2,70.2,0,trend_extrapolation_from_real_data
IDN,Indonesia,2094,74.24,78.29,70.19,0,trend_extrapolation_from_real_data
IDN,Indonesia,2095,74.29,78.39,70.19,0,trend_extrapolation_from_real_data
IDN,Indonesia,2096,74.33,78.48,70.18,0,trend_extrapolation_from_real_data
IDN,Indonesia,2097,74.38,78.58,70.18,0,trend_extrapolation_from_real_data
IDN,Indonesia,2098,74.42,78.67,70.17,0,trend_extrapolation_from_real_data
IDN,Indonesia,2099,74.46,78.76,70.16,0,trend_extrapolation_from_real_data
IDN,Indonesia,2100,74.51,78.86,70.16,0,trend_extrapolation_from_real_data
IND,India,2024,72.09,72.64,71.54,0,trend_extrapolation_from_real_data
IND,India,2025,72.17,72.77,71.57,0,trend_extrapolation_from_real_data
IND,India,2026,72.26,72.91,71.61,0,trend_extrapolation_from_real_data
IND,India,2027,72.35,73.05,71.65,0,trend_extrapolation_from_real_data
IND,India,2028,72.43,73.18,71.68,0,trend_extrapolation_from_real_data
IND,India,2029,72.52,73.32,71.72,0,trend_extrapolation_from_real_data
IND,India,2030,72.6,73.45,71.75,0,trend_extrapolation_from_real_data
IND,India,2031,72.69,73.59,71.79,0,trend_extrapolation_from_real_data
IND,India,2032,72.77,73.72,71.82,0,trend_extrapolation_from_real_data
IND,India,2033,72.86,73.86,71.86,0,trend_extrapolation_from_real_data
IND,India,2034,72.94,73.99,71.89,0,trend_extrapolation_from_real_data
IND,India,2035,73.03,74.13,71.93,0,trend_extrapolation_from_real_data
IND,India,2036,73.12,74.27,71.97,0,trend_extrapolation_from_real_data
IND,India,2037,73.2,74.4,72.0,0,trend_extrapolation_from_real_data
IND,India,2038,73.29,74.54,72.04,0,trend_extrapolation_from_real_data
IND,India,2039,73.37,74.67,72.07,0,trend_extrapolation_from_real_data
IND,India,2040,73.46,74.81,72.11,0,trend_extrapolation_from_real_data
IND,India,2041,73.54,74.94,72.14,0,trend_extrapolation_from_real_data
IND,India,2042,73.63,75.08,72.18,0,trend_extrapolation_from_real_data
IND,India,2043,73.71,75.21,72.21,0,trend_extrapolation_from_real_data
IND,India,2044,73.8,75.35,72.25,0,trend_extrapolation_from_real_data
IND,India,2045,73.89,75.49,72.29,0,trend_extrapolation_from_real_data
IND,India,2046,73.97,75.62,72.32,0,trend_extrapolation_from_real_data
IND,India,2047,74.06,75.76,72.36,0,trend_extrapolation_from_real_data
IND,India,2048,74.14,75.89,72.39,0,trend_extrapolation_from_real_data
IND,India,2049,74.23,76.03,72.43,0,trend_extrapolation_from_real_data
IND,India,2050,74.31,76.16,72.46,0,trend_extrapolation_from_real_data
IND,India,2051,74.4,76.3,72.5,0,trend_extrapolation_from_real_data
IND,India,2052,74.48,76.43,72.53,0,trend_extrapolation_from_real_data
IND,India,2053,74.57,76.57,72.57,0,trend_extrapolation_from_real_data
IND,India,2054,74.66,76.71,72.61,0,trend_extrapolation_from_real_data
IND,India,2055,74.74,76.84,72.64,0,trend_extrapolation_from_real_data
IND,India,2056,74.83,76.98,72.68,0,trend_extrapolation_from_real_data
IND,India,2057,74.91,77.11,72.71,0,trend_extrapolation_from_real_data
IND,India,2058,75.0,77.25,72.75,0,trend_extrapolation_from_real_data
IND,India,2059,75.08,77.38,72.78,0,trend_extrapolation_from_real_data
IND,India,2060,75.17,77.52,72.82,0,trend_extrapolation_from_real_data
IND,India,2061,75.25,77.65,72.85,0,trend_extrapolation_from_real_data
IND,India,2062,75.34,77.79,72.89,0,trend_extrapolation_from_real_data
IND,India,2063,75.43,77.93,72.93,0,trend_extrapolation_from_real_data
IND,India,2064,75.51,78.06,72.96,0,trend_extrapolation_from_real_data
IND,India,2065,75.6,78.2,73.0,0,trend_extrapolation_from_real_data
IND,India,2066,75.68,78.33,73.03,0,trend_extrapolation_from_real_data
IND,India,2067,75.77,78.47,73.07,0,trend_extrapolation_from_real_data
IND,India,2068,75.85,78.6,73.1,0,trend_extrapolation_from_real_data
IND,India,2069,75.94,78.74,73.14,0,trend_extrapolation_from_real_data
IND,India,2070,76.02,78.87,73.17,0,trend_extrapolation_from_real_data
IND,India,2071,76.11,79.01,73.21,0,trend_extrapolation_from_real_data
IND,India,2072,76.2,79.15,73.25,0,trend_extrapolation_from_real_data
IND,India,2073,76.28,79.28,73.28,0,trend_extrapolation_from_real_data
IND,India,2074,76.37,79.42,73.32,0,trend_extrapolation_from_real_data
IND,India,2075,76.45,79.55,73.35,0,trend_extrapolation_from_real_data
IND,India,2076,76.54,79.69,73.39,0,trend_extrapolation_from_real_data
IND,India,2077,76.62,79.82,73.42,0,trend_extrapolation_from_real_data
IND,India,2078,76.71,79.96,73.46,0,trend_extrapolation_from_real_data
IND,India,2079,76.8,80.1,73.5,0,trend_extrapolation_from_real_data
IND,India,2080,76.88,80.23,73.53,0,trend_extrapolation_from_real_data
IND,India,2081,76.97,80.37,73.57,0,trend_extrapolation_from_real_data
IND,India,2082,77.05,80.5,73.6,0,trend_extrapolation_from_real_data
IND,India,2083,77.14,80.64,73.64,0,trend_extrapolation_from_real_data
IND,India,2084,77.22,80.77,73.67,0,trend_extrapolation_from_real_data
IND,India,2085,77.31,80.91,73.71,0,trend_extrapolation_from_real_data
IND,India,2086,77.39,81.04,73.74,0,trend_extrapolation_from_real_data
IND,India,2087,77.48,81.18,73.78,0,trend_extrapolation_from_real_data
IND,India,2088,77.57,81.32,73.82,0,trend_extrapolation_from_real_data
IND,India,2089,77.65,81.45,73.85,0,trend_extrapolation_from_real_data
IND,India,2090,77.74,81.59,73.89,0,trend_extrapolation_from_real_data
IND,India,2091,77.82,81.72,73.92,0,trend_extrapolation_from_real_data
IND,India,2092,77.91,81.86,73.96,0,trend_extrapolation_from_real_data
IND,India,2093,77.99,81.99,73.99,0,trend_extrapolation_from_real_data
IND,India,2094,78.08,82.13,74.03,0,trend_extrapolation_from_real_data
IND,India,2095,78.16,82.26,74.06,0,trend_extrapolation_from_real_data
IND,India,2096,78.25,82.4,74.1,0,trend_extrapolation_from_real_data
IND,India,2097,78.34,82.54,74.14,0,trend_extrapolation_from_real_data
IND,India,2098,78.42,82.67,74.17,0,trend_extrapolation_from_real_data
IND,India,2099,78.51,82.81,74.21,0,trend_extrapolation_from_real_data
IND,India,2100,78.59,82.94,74.24,0,trend_extrapolation_from_real_data
IRL,Ireland,2024,82.89,83.44,82.34,0,trend_extrapolation_from_real_data
IRL,Ireland,2025,82.92,83.52,82.32,0,trend_extrapolation_from_real_data
IRL,Ireland,2026,82.95,83.6,82.3,0,trend_extrapolation_from_real_data
IRL,Ireland,2027,82.98,83.68,82.28,0,trend_extrapolation_from_real_data
IRL,Ireland,2028,83.0,83.75,82.25,0,trend_extrapolation_from_real_data
IRL,Ireland,2029,83.03,83.83,82.23,0,trend_extrapolation_from_real_data
IRL,Ireland,2030,83.06,83.91,82.21,0,trend_extrapolation_from_real_data
IRL,Ireland,2031,83.09,83.99,82.19,0,trend_extrapolation_from_real_data
IRL,Ireland,2032,83.12,84.07,82.17,0,trend_extrapolation_from_real_data
IRL,Ireland,2033,83.15,84.15,82.15,0,trend_extrapolation_from_real_data
IRL,Ireland,2034,83.18,84.23,82.13,0,trend_extrapolation_from_real_data
IRL,Ireland,2035,83.21,84.31,82.11,0,trend_extrapolation_from_real_data
IRL,Ireland,2036,83.23,84.38,82.08,0,trend_extrapolation_from_real_data
IRL,Ireland,2037,83.26,84.46,82.06,0,trend_extrapolation_from_real_data
IRL,Ireland,2038,83.29,84.54,82.04,0,trend_extrapolation_from_real_data
IRL,Ireland,2039,83.32,84.62,82.02,0,trend_extrapolation_from_real_data
IRL,Ireland,2040,83.35,84.7,82.0,0,trend_extrapolation_from_real_data
IRL,Ireland,2041,83.38,84.78,81.98,0,trend_extrapolation_from_real_data
IRL,Ireland,2042,83.41,84.86,81.96,0,trend_extrapolation_from_real_data
IRL,Ireland,2043,83.44,84.94,81.94,0,trend_extrapolation_from_real_data
IRL,Ireland,2044,83.47,85.02,81.92,0,trend_extrapolation_from_real_data
IRL,Ireland,2045,83.49,85.09,81.89,0,trend_extrapolation_from_real_data
IRL,Ireland,2046,83.52,85.17,81.87,0,trend_extrapolation_from_real_data
IRL,Ireland,2047,83.55,85.25,81.85,0,trend_extrapolation_from_real_data
IRL,Ireland,2048,83.58,85.33,81.83,0,trend_extrapolation_from_real_data
IRL,Ireland,2049,83.61,85.41,81.81,0,trend_extrapolation_from_real_data
IRL,Ireland,2050,83.64,85.49,81.79,0,trend_extrapolation_from_real_data
IRL,Ireland,2051,83.67,85.57,81.77,0,trend_extrapolation_from_real_data
IRL,Ireland,2052,83.7,85.65,81.75,0,trend_extrapolation_from_real_data
IRL,Ireland,2053,83.72,85.72,81.72,0,trend_extrapolation_from_real_data
IRL,Ireland,2054,83.75,85.8,81.7,0,trend_extrapolation_from_real_data
IRL,Ireland,2055,83.78,85.88,81.68,0,trend_extrapolation_from_real_data
IRL,Ireland,2056,83.81,85.96,81.66,0,trend_extrapolation_from_real_data
IRL,Ireland,2057,83.84,86.04,81.64,0,trend_extrapolation_from_real_data
IRL,Ireland,2058,83.87,86.12,81.62,0,trend_extrapolation_from_real_data
IRL,Ireland,2059,83.9,86.2,81.6,0,trend_extrapolation_from_real_data
IRL,Ireland,2060,83.93,86.28,81.58,0,trend_extrapolation_from_real_data
IRL,Ireland,2061,83.95,86.35,81.55,0,trend_extrapolation_from_real_data
IRL,Ireland,2062,83.98,86.43,81.53,0,trend_extrapolation_from_real_data
IRL,Ireland,2063,84.01,86.51,81.51,0,trend_extrapolation_from_real_data
IRL,Ireland,2064,84.04,86.59,81.49,0,trend_extrapolation_from_real_data
IRL,Ireland,2065,84.07,86.67,81.47,0,trend_extrapolation_from_real_data
IRL,Ireland,2066,84.1,86.75,81.45,0,trend_extrapolation_from_real_data
IRL,Ireland,2067,84.13,86.83,81.43,0,trend_extrapolation_from_real_data
IRL,Ireland,2068,84.16,86.91,81.41,0,trend_extrapolation_from_real_data
IRL,Ireland,2069,84.18,86.98,81.38,0,trend_extrapolation_from_real_data
IRL,Ireland,2070,84.21,87.06,81.36,0,trend_extrapolation_from_real_data
IRL,Ireland,2071,84.24,87.14,81.34,0,trend_extrapolation_from_real_data
IRL,Ireland,2072,84.27,87.22,81.32,0,trend_extrapolation_from_real_data
IRL,Ireland,2073,84.3,87.3,81.3,0,trend_extrapolation_from_real_data
IRL,Ireland,2074,84.33,87.38,81.28,0,trend_extrapolation_from_real_data
IRL,Ireland,2075,84.36,87.46,81.26,0,trend_extrapolation_from_real_data
IRL,Ireland,2076,84.39,87.54,81.24,0,trend_extrapolation_from_real_data
IRL,Ireland,2077,84.41,87.61,81.21,0,trend_extrapolation_from_real_data
IRL,Ireland,2078,84.44,87.69,81.19,0,trend_extrapolation_from_real_data
IRL,Ireland,2079,84.47,87.77,81.17,0,trend_extrapolation_from_real_data
IRL,Ireland,2080,84.5,87.85,81.15,0,trend_extrapolation_from_real_data
IRL,Ireland,2081,84.53,87.93,81.13,0,trend_extrapolation_from_real_data
IRL,Ireland,2082,84.56,88.01,81.11,0,trend_extrapolation_from_real_data
IRL,Ireland,2083,84.59,88.09,81.09,0,trend_extrapolation_from_real_data
IRL,Ireland,2084,84.62,88.17,81.07,0,trend_extrapolation_from_real_data
IRL,Ireland,2085,84.64,88.24,81.04,0,trend_extrapolation_from_real_data
IRL,Ireland,2086,84.67,88.32,81.02,0,trend_extrapolation_from_real_data
IRL,Ireland,2087,84.7,88.4,81.0,0,trend_extrapolation_from_real_data
IRL,Ireland,2088,84.73,88.48,80.98,0,trend_extrapolation_from_real_data
IRL,Ireland,2089,84.76,88.56,80.96,0,trend_extrapolation_from_real_data
IRL,Ireland,2090,84.79,88.64,80.94,0,trend_extrapolation_from_real_data
IRL,Ireland,2091,84.82,88.72,80.92,0,trend_extrapolation_from_real_data
IRL,Ireland,2092,84.85,88.8,80.9,0,trend_extrapolation_from_real_data
IRL,Ireland,2093,84.87,88.87,80.87,0,trend_extrapolation_from_real_data
IRL,Ireland,2094,84.9,88.95,80.85,0,trend_extrapolation_from_real_data
IRL,Ireland,2095,84.93,89.03,80.83,0,trend_extrapolation_from_real_data
IRL,Ireland,2096,84.96,89.11,80.81,0,trend_extrapolation_from_real_data
IRL,Ireland,2097,84.99,89.19,80.79,0,trend_extrapolation_from_real_data
IRL,Ireland,2098,85.02,89.27,80.77,0,trend_extrapolation_from_real_data
IRL,Ireland,2099,85.05,89.35,80.75,0,trend_extrapolation_from_real_data
IRL,Ireland,2100,85.08,89.43,80.73,0,trend_extrapolation_from_real_data
IRN,Iran,2024,77.7,78.25,77.15,0,trend_extrapolation_from_real_data
IRN,Iran,2025,77.74,78.34,77.14,0,trend_extrapolation_from_real_data
IRN,Iran,2026,77.79,78.44,77.14,0,trend_extrapolation_from_real_data
IRN,Iran,2027,77.83,78.53,77.13,0,trend_extrapolation_from_real_data
IRN,Iran,2028,77.88,78.63,77.13,0,trend_extrapolation_from_real_data
IRN,Iran,2029,77.92,78.72,77.12,0,trend_extrapolation_from_real_data
IRN,Iran,2030,77.97,78.82,77.12,0,trend_extrapolation_from_real_data
IRN,Iran,2031,78.01,78.91,77.11,0,trend_extrapolation_from_real_data
IRN,Iran,2032,78.05,79.0,77.1,0,trend_extrapolation_from_real_data
IRN,Iran,2033,78.1,79.1,77.1,0,trend_extrapolation_from_real_data
IRN,Iran,2034,78.14,79.19,77.09,0,trend_extrapolation_from_real_data
IRN,Iran,2035,78.19,79.29,77.09,0,trend_extrapolation_from_real_data
IRN,Iran,2036,78.23,79.38,77.08,0,trend_extrapolation_from_real_data
IRN,Iran,2037,78.28,79.48,77.08,0,trend_extrapolation_from_real_data
IRN,Iran,2038,78.32,79.57,77.07,0,trend_extrapolation_from_real_data
IRN,Iran,2039,78.37,79.67,77.07,0,trend_extrapolation_from_real_data
IRN,Iran,2040,78.41,79.76,77.06,0,trend_extrapolation_from_real_data
IRN,Iran,2041,78.45,79.85,77.05,0,trend_extrapolation_from_real_data
IRN,Iran,2042,78.5,79.95,77.05,0,trend_extrapolation_from_real_data
IRN,Iran,2043,78.54,80.04,77.04,0,trend_extrapolation_from_real_data
IRN,Iran,2044,78.59,80.14,77.04,0,trend_extrapolation_from_real_data
IRN,Iran,2045,78.63,80.23,77.03,0,trend_extrapolation_from_real_data
IRN,Iran,2046,78.68,80.33,77.03,0,trend_extrapolation_from_real_data
IRN,Iran,2047,78.72,80.42,77.02,0,trend_extrapolation_from_real_data
IRN,Iran,2048,78.77,80.52,77.02,0,trend_extrapolation_from_real_data
IRN,Iran,2049,78.81,80.61,77.01,0,trend_extrapolation_from_real_data
IRN,Iran,2050,78.86,80.71,77.01,0,trend_extrapolation_from_real_data
IRN,Iran,2051,78.9,80.8,77.0,0,trend_extrapolation_from_real_data
IRN,Iran,2052,78.94,80.89,76.99,0,trend_extrapolation_from_real_data
IRN,Iran,2053,78.99,80.99,76.99,0,trend_extrapolation_from_real_data
IRN,Iran,2054,79.03,81.08,76.98,0,trend_extrapolation_from_real_data
IRN,Iran,2055,79.08,81.18,76.98,0,trend_extrapolation_from_real_data
IRN,Iran,2056,79.12,81.27,76.97,0,trend_extrapolation_from_real_data
IRN,Iran,2057,79.17,81.37,76.97,0,trend_extrapolation_from_real_data
IRN,Iran,2058,79.21,81.46,76.96,0,trend_extrapolation_from_real_data
IRN,Iran,2059,79.26,81.56,76.96,0,trend_extrapolation_from_real_data
IRN,Iran,2060,79.3,81.65,76.95,0,trend_extrapolation_from_real_data
IRN,Iran,2061,79.34,81.74,76.94,0,trend_extrapolation_from_real_data
IRN,Iran,2062,79.39,81.84,76.94,0,trend_extrapolation_from_real_data
IRN,Iran,2063,79.43,81.93,76.93,0,trend_extrapolation_from_real_data
IRN,Iran,2064,79.48,82.03,76.93,0,trend_extrapolation_from_real_data
IRN,Iran,2065,79.52,82.12,76.92,0,trend_extrapolation_from_real_data
IRN,Iran,2066,79.57,82.22,76.92,0,trend_extrapolation_from_real_data
IRN,Iran,2067,79.61,82.31,76.91,0,trend_extrapolation_from_real_data
IRN,Iran,2068,79.66,82.41,76.91,0,trend_extrapolation_from_real_data
IRN,Iran,2069,79.7,82.5,76.9,0,trend_extrapolation_from_real_data
IRN,Iran,2070,79.74,82.59,76.89,0,trend_extrapolation_from_real_data
IRN,Iran,2071,79.79,82.69,76.89,0,trend_extrapolation_from_real_data
IRN,Iran,2072,79.83,82.78,76.88,0,trend_extrapolation_from_real_data
IRN,Iran,2073,79.88,82.88,76.88,0,trend_extrapolation_from_real_data
IRN,Iran,2074,79.92,82.97,76.87,0,trend_extrapolation_from_real_data
IRN,Iran,2075,79.97,83.07,76.87,0,trend_extrapolation_from_real_data
IRN,Iran,2076,80.01,83.16,76.86,0,trend_extrapolation_from_real_data
IRN,Iran,2077,80.06,83.26,76.86,0,trend_extrapolation_from_real_data
IRN,Iran,2078,80.1,83.35,76.85,0,trend_extrapolation_from_real_data
IRN,Iran,2079,80.15,83.45,76.85,0,trend_extrapolation_from_real_data
IRN,Iran,2080,80.19,83.54,76.84,0,trend_extrapolation_from_real_data
IRN,Iran,2081,80.23,83.63,76.83,0,trend_extrapolation_from_real_data
IRN,Iran,2082,80.28,83.73,76.83,0,trend_extrapolation_from_real_data
IRN,Iran,2083,80.32,83.82,76.82,0,trend_extrapolation_from_real_data
IRN,Iran,2084,80.37,83.92,76.82,0,trend_extrapolation_from_real_data
IRN,Iran,2085,80.41,84.01,76.81,0,trend_extrapolation_from_real_data
IRN,Iran,2086,80.46,84.11,76.81,0,trend_extrapolation_from_real_data
IRN,Iran,2087,80.5,84.2,76.8,0,trend_extrapolation_from_real_data
IRN,Iran,2088,80.55,84.3,76.8,0,trend_extrapolation_from_real_data
IRN,Iran,2089,80.59,84.39,76.79,0,trend_extrapolation_from_real_data
IRN,Iran,2090,80.63,84.48,76.78,0,trend_extrapolation_from_real_data
IRN,Iran,2091,80.68,84.58,76.78,0,trend_extrapolation_from_real_data
IRN,Iran,2092,80.72,84.67,76.77,0,trend_extrapolation_from_real_data
IRN,Iran,2093,80.77,84.77,76.77,0,trend_extrapolation_from_real_data
IRN,Iran,2094,80.81,84.86,76.76,0,trend_extrapolation_from_real_data
IRN,Iran,2095,80.86,84.96,76.76,0,trend_extrapolation_from_real_data
IRN,Iran,2096,80.9,85.05,76.75,0,trend_extrapolation_from_real_data
IRN,Iran,2097,80.95,85.15,76.75,0,trend_extrapolation_from_real_data
IRN,Iran,2098,80.99,85.24,76.74,0,trend_extrapolation_from_real_data
IRN,Iran,2099,81.04,85.34,76.74,0,trend_extrapolation_from_real_data
IRN,Iran,2100,81.08,85.43,76.73,0,trend_extrapolation_from_real_data
IRQ,Iraq,2024,72.42,72.97,71.87,0,trend_extrapolation_from_real_data
IRQ,Iraq,2025,72.51,73.11,71.91,0,trend_extrapolation_from_real_data
IRQ,Iraq,2026,72.61,73.26,71.96,0,trend_extrapolation_from_real_data
IRQ,Iraq,2027,72.7,73.4,72.0,0,trend_extrapolation_from_real_data
IRQ,Iraq,2028,72.8,73.55,72.05,0,trend_extrapolation_from_real_data
IRQ,Iraq,2029,72.89,73.69,72.09,0,trend_extrapolation_from_real_data
IRQ,Iraq,2030,72.99,73.84,72.14,0,trend_extrapolation_from_real_data
IRQ,Iraq,2031,73.08,73.98,72.18,0,trend_extrapolation_from_real_data
IRQ,Iraq,2032,73.17,74.12,72.22,0,trend_extrapolation_from_real_data
IRQ,Iraq,2033,73.27,74.27,72.27,0,trend_extrapolation_from_real_data
IRQ,Iraq,2034,73.36,74.41,72.31,0,trend_extrapolation_from_real_data
IRQ,Iraq,2035,73.46,74.56,72.36,0,trend_extrapolation_from_real_data
IRQ,Iraq,2036,73.55,74.7,72.4,0,trend_extrapolation_from_real_data
IRQ,Iraq,2037,73.65,74.85,72.45,0,trend_extrapolation_from_real_data
IRQ,Iraq,2038,73.74,74.99,72.49,0,trend_extrapolation_from_real_data
IRQ,Iraq,2039,73.84,75.14,72.54,0,trend_extrapolation_from_real_data
IRQ,Iraq,2040,73.93,75.28,72.58,0,trend_extrapolation_from_real_data
IRQ,Iraq,2041,74.03,75.43,72.63,0,trend_extrapolation_from_real_data
IRQ,Iraq,2042,74.12,75.57,72.67,0,trend_extrapolation_from_real_data
IRQ,Iraq,2043,74.21,75.71,72.71,0,trend_extrapolation_from_real_data
IRQ,Iraq,2044,74.31,75.86,72.76,0,trend_extrapolation_from_real_data
IRQ,Iraq,2045,74.4,76.0,72.8,0,trend_extrapolation_from_real_data
IRQ,Iraq,2046,74.5,76.15,72.85,0,trend_extrapolation_from_real_data
IRQ,Iraq,2047,74.59,76.29,72.89,0,trend_extrapolation_from_real_data
IRQ,Iraq,2048,74.69,76.44,72.94,0,trend_extrapolation_from_real_data
IRQ,Iraq,2049,74.78,76.58,72.98,0,trend_extrapolation_from_real_data
IRQ,Iraq,2050,74.88,76.73,73.03,0,trend_extrapolation_from_real_data
IRQ,Iraq,2051,74.97,76.87,73.07,0,trend_extrapolation_from_real_data
IRQ,Iraq,2052,75.07,77.02,73.12,0,trend_extrapolation_from_real_data
IRQ,Iraq,2053,75.16,77.16,73.16,0,trend_extrapolation_from_real_data
IRQ,Iraq,2054,75.26,77.31,73.21,0,trend_extrapolation_from_real_data
IRQ,Iraq,2055,75.35,77.45,73.25,0,trend_extrapolation_from_real_data
IRQ,Iraq,2056,75.44,77.59,73.29,0,trend_extrapolation_from_real_data
IRQ,Iraq,2057,75.54,77.74,73.34,0,trend_extrapolation_from_real_data
IRQ,Iraq,2058,75.63,77.88,73.38,0,trend_extrapolation_from_real_data
IRQ,Iraq,2059,75.73,78.03,73.43,0,trend_extrapolation_from_real_data
IRQ,Iraq,2060,75.82,78.17,73.47,0,trend_extrapolation_from_real_data
IRQ,Iraq,2061,75.92,78.32,73.52,0,trend_extrapolation_from_real_data
IRQ,Iraq,2062,76.01,78.46,73.56,0,trend_extrapolation_from_real_data
IRQ,Iraq,2063,76.11,78.61,73.61,0,trend_extrapolation_from_real_data
IRQ,Iraq,2064,76.2,78.75,73.65,0,trend_extrapolation_from_real_data
IRQ,Iraq,2065,76.3,78.9,73.7,0,trend_extrapolation_from_real_data
IRQ,Iraq,2066,76.39,79.04,73.74,0,trend_extrapolation_from_real_data
IRQ,Iraq,2067,76.48,79.18,73.78,0,trend_extrapolation_from_real_data
IRQ,Iraq,2068,76.58,79.33,73.83,0,trend_extrapolation_from_real_data
IRQ,Iraq,2069,76.67,79.47,73.87,0,trend_extrapolation_from_real_data
IRQ,Iraq,2070,76.77,79.62,73.92,0,trend_extrapolation_from_real_data
IRQ,Iraq,2071,76.86,79.76,73.96,0,trend_extrapolation_from_real_data
IRQ,Iraq,2072,76.96,79.91,74.01,0,trend_extrapolation_from_real_data
IRQ,Iraq,2073,77.05,80.05,74.05,0,trend_extrapolation_from_real_data
IRQ,Iraq,2074,77.15,80.2,74.1,0,trend_extrapolation_from_real_data
IRQ,Iraq,2075,77.24,80.34,74.14,0,trend_extrapolation_from_real_data
IRQ,Iraq,2076,77.34,80.49,74.19,0,trend_extrapolation_from_real_data
IRQ,Iraq,2077,77.43,80.63,74.23,0,trend_extrapolation_from_real_data
IRQ,Iraq,2078,77.52,80.77,74.27,0,trend_extrapolation_from_real_data
IRQ,Iraq,2079,77.62,80.92,74.32,0,trend_extrapolation_from_real_data
IRQ,Iraq,2080,77.71,81.06,74.36,0,trend_extrapolation_from_real_data
IRQ,Iraq,2081,77.81,81.21,74.41,0,trend_extrapolation_from_real_data
IRQ,Iraq,2082,77.9,81.35,74.45,0,trend_extrapolation_from_real_data
IRQ,Iraq,2083,78.0,81.5,74.5,0,trend_extrapolation_from_real_data
IRQ,Iraq,2084,78.09,81.64,74.54,0,trend_extrapolation_from_real_data
IRQ,Iraq,2085,78.19,81.79,74.59,0,trend_extrapolation_from_real_data
IRQ,Iraq,2086,78.28,81.93,74.63,0,trend_extrapolation_from_real_data
IRQ,Iraq,2087,78.38,82.08,74.68,0,trend_extrapolation_from_real_data
IRQ,Iraq,2088,78.47,82.22,74.72,0,trend_extrapolation_from_real_data
IRQ,Iraq,2089,78.56,82.36,74.76,0,trend_extrapolation_from_real_data
IRQ,Iraq,2090,78.66,82.51,74.81,0,trend_extrapolation_from_real_data
IRQ,Iraq,2091,78.75,82.65,74.85,0,trend_extrapolation_from_real_data
IRQ,Iraq,2092,78.85,82.8,74.9,0,trend_extrapolation_from_real_data
IRQ,Iraq,2093,78.94,82.94,74.94,0,trend_extrapolation_from_real_data
IRQ,Iraq,2094,79.04,83.09,74.99,0,trend_extrapolation_from_real_data
IRQ,Iraq,2095,79.13,83.23,75.03,0,trend_extrapolation_from_real_data
IRQ,Iraq,2096,79.23,83.38,75.08,0,trend_extrapolation_from_real_data
IRQ,Iraq,2097,79.32,83.52,75.12,0,trend_extrapolation_from_real_data
IRQ,Iraq,2098,79.42,83.67,75.17,0,trend_extrapolation_from_real_data
IRQ,Iraq,2099,79.51,83.81,75.21,0,trend_extrapolation_from_real_data
IRQ,Iraq,2100,79.6,83.95,75.25,0,trend_extrapolation_from_real_data
ISL,Iceland,2024,82.62,83.17,82.07,0,trend_extrapolation_from_real_data
ISL,Iceland,2025,82.63,83.23,82.03,0,trend_extrapolation_from_real_data
ISL,Iceland,2026,82.65,83.3,82.0,0,trend_extrapolation_from_real_data
ISL,Iceland,2027,82.66,83.36,81.96,0,trend_extrapolation_from_real_data
ISL,Iceland,2028,82.67,83.42,81.92,0,trend_extrapolation_from_real_data
ISL,Iceland,2029,82.68,83.48,81.88,0,trend_extrapolation_from_real_data
ISL,Iceland,2030,82.7,83.55,81.85,0,trend_extrapolation_from_real_data
ISL,Iceland,2031,82.71,83.61,81.81,0,trend_extrapolation_from_real_data
ISL,Iceland,2032,82.72,83.67,81.77,0,trend_extrapolation_from_real_data
ISL,Iceland,2033,82.73,83.73,81.73,0,trend_extrapolation_from_real_data
ISL,Iceland,2034,82.75,83.8,81.7,0,trend_extrapolation_from_real_data
ISL,Iceland,2035,82.76,83.86,81.66,0,trend_extrapolation_from_real_data
ISL,Iceland,2036,82.77,83.92,81.62,0,trend_extrapolation_from_real_data
ISL,Iceland,2037,82.78,83.98,81.58,0,trend_extrapolation_from_real_data
ISL,Iceland,2038,82.8,84.05,81.55,0,trend_extrapolation_from_real_data
ISL,Iceland,2039,82.81,84.11,81.51,0,trend_extrapolation_from_real_data
ISL,Iceland,2040,82.82,84.17,81.47,0,trend_extrapolation_from_real_data
ISL,Iceland,2041,82.83,84.23,81.43,0,trend_extrapolation_from_real_data
ISL,Iceland,2042,82.85,84.3,81.4,0,trend_extrapolation_from_real_data
ISL,Iceland,2043,82.86,84.36,81.36,0,trend_extrapolation_from_real_data
ISL,Iceland,2044,82.87,84.42,81.32,0,trend_extrapolation_from_real_data
ISL,Iceland,2045,82.88,84.48,81.28,0,trend_extrapolation_from_real_data
ISL,Iceland,2046,82.9,84.55,81.25,0,trend_extrapolation_from_real_data
ISL,Iceland,2047,82.91,84.61,81.21,0,trend_extrapolation_from_real_data
ISL,Iceland,2048,82.92,84.67,81.17,0,trend_extrapolation_from_real_data
ISL,Iceland,2049,82.94,84.74,81.14,0,trend_extrapolation_from_real_data
ISL,Iceland,2050,82.95,84.8,81.1,0,trend_extrapolation_from_real_data
ISL,Iceland,2051,82.96,84.86,81.06,0,trend_extrapolation_from_real_data
ISL,Iceland,2052,82.97,84.92,81.02,0,trend_extrapolation_from_real_data
ISL,Iceland,2053,82.99,84.99,80.99,0,trend_extrapolation_from_real_data
ISL,Iceland,2054,83.0,85.05,80.95,0,trend_extrapolation_from_real_data
ISL,Iceland,2055,83.01,85.11,80.91,0,trend_extrapolation_from_real_data
ISL,Iceland,2056,83.02,85.17,80.87,0,trend_extrapolation_from_real_data
ISL,Iceland,2057,83.04,85.24,80.84,0,trend_extrapolation_from_real_data
ISL,Iceland,2058,83.05,85.3,80.8,0,trend_extrapolation_from_real_data
ISL,Iceland,2059,83.06,85.36,80.76,0,trend_extrapolation_from_real_data
ISL,Iceland,2060,83.07,85.42,80.72,0,trend_extrapolation_from_real_data
ISL,Iceland,2061,83.09,85.49,80.69,0,trend_extrapolation_from_real_data
ISL,Iceland,2062,83.1,85.55,80.65,0,trend_extrapolation_from_real_data
ISL,Iceland,2063,83.11,85.61,80.61,0,trend_extrapolation_from_real_data
ISL,Iceland,2064,83.12,85.67,80.57,0,trend_extrapolation_from_real_data
ISL,Iceland,2065,83.14,85.74,80.54,0,trend_extrapolation_from_real_data
ISL,Iceland,2066,83.15,85.8,80.5,0,trend_extrapolation_from_real_data
ISL,Iceland,2067,83.16,85.86,80.46,0,trend_extrapolation_from_real_data
ISL,Iceland,2068,83.17,85.92,80.42,0,trend_extrapolation_from_real_data
ISL,Iceland,2069,83.19,85.99,80.39,0,trend_extrapolation_from_real_data
ISL,Iceland,2070,83.2,86.05,80.35,0,trend_extrapolation_from_real_data
ISL,Iceland,2071,83.21,86.11,80.31,0,trend_extrapolation_from_real_data
ISL,Iceland,2072,83.23,86.18,80.28,0,trend_extrapolation_from_real_data
ISL,Iceland,2073,83.24,86.24,80.24,0,trend_extrapolation_from_real_data
ISL,Iceland,2074,83.25,86.3,80.2,0,trend_extrapolation_from_real_data
ISL,Iceland,2075,83.26,86.36,80.16,0,trend_extrapolation_from_real_data
ISL,Iceland,2076,83.28,86.43,80.13,0,trend_extrapolation_from_real_data
ISL,Iceland,2077,83.29,86.49,80.09,0,trend_extrapolation_from_real_data
ISL,Iceland,2078,83.3,86.55,80.05,0,trend_extrapolation_from_real_data
ISL,Iceland,2079,83.31,86.61,80.01,0,trend_extrapolation_from_real_data
ISL,Iceland,2080,83.33,86.68,79.98,0,trend_extrapolation_from_real_data
ISL,Iceland,2081,83.34,86.74,79.94,0,trend_extrapolation_from_real_data
ISL,Iceland,2082,83.35,86.8,79.9,0,trend_extrapolation_from_real_data
ISL,Iceland,2083,83.36,86.86,79.86,0,trend_extrapolation_from_real_data
ISL,Iceland,2084,83.38,86.93,79.83,0,trend_extrapolation_from_real_data
ISL,Iceland,2085,83.39,86.99,79.79,0,trend_extrapolation_from_real_data
ISL,Iceland,2086,83.4,87.05,79.75,0,trend_extrapolation_from_real_data
ISL,Iceland,2087,83.41,87.11,79.71,0,trend_extrapolation_from_real_data
ISL,Iceland,2088,83.43,87.18,79.68,0,trend_extrapolation_from_real_data
ISL,Iceland,2089,83.44,87.24,79.64,0,trend_extrapolation_from_real_data
ISL,Iceland,2090,83.45,87.3,79.6,0,trend_extrapolation_from_real_data
ISL,Iceland,2091,83.46,87.36,79.56,0,trend_extrapolation_from_real_data
ISL,Iceland,2092,83.48,87.43,79.53,0,trend_extrapolation_from_real_data
ISL,Iceland,2093,83.49,87.49,79.49,0,trend_extrapolation_from_real_data
ISL,Iceland,2094,83.5,87.55,79.45,0,trend_extrapolation_from_real_data
ISL,Iceland,2095,83.52,87.62,79.42,0,trend_extrapolation_from_real_data
ISL,Iceland,2096,83.53,87.68,79.38,0,trend_extrapolation_from_real_data
ISL,Iceland,2097,83.54,87.74,79.34,0,trend_extrapolation_from_real_data
ISL,Iceland,2098,83.55,87.8,79.3,0,trend_extrapolation_from_real_data
ISL,Iceland,2099,83.57,87.87,79.27,0,trend_extrapolation_from_real_data
ISL,Iceland,2100,83.58,87.93,79.23,0,trend_extrapolation_from_real_data
ISR,Israel,2024,83.22,83.77,82.67,0,trend_extrapolation_from_real_data
ISR,Israel,2025,83.23,83.83,82.63,0,trend_extrapolation_from_real_data
ISR,Israel,2026,83.25,83.9,82.6,0,trend_extrapolation_from_real_data
ISR,Israel,2027,83.27,83.97,82.57,0,trend_extrapolation_from_real_data
ISR,Israel,2028,83.29,84.04,82.54,0,trend_extrapolation_from_real_data
ISR,Israel,2029,83.31,84.11,82.51,0,trend_extrapolation_from_real_data
ISR,Israel,2030,83.33,84.18,82.48,0,trend_extrapolation_from_real_data
ISR,Israel,2031,83.35,84.25,82.45,0,trend_extrapolation_from_real_data
ISR,Israel,2032,83.37,84.32,82.42,0,trend_extrapolation_from_real_data
ISR,Israel,2033,83.39,84.39,82.39,0,trend_extrapolation_from_real_data
ISR,Israel,2034,83.41,84.46,82.36,0,trend_extrapolation_from_real_data
ISR,Israel,2035,83.43,84.53,82.33,0,trend_extrapolation_from_real_data
ISR,Israel,2036,83.45,84.6,82.3,0,trend_extrapolation_from_real_data
ISR,Israel,2037,83.47,84.67,82.27,0,trend_extrapolation_from_real_data
ISR,Israel,2038,83.49,84.74,82.24,0,trend_extrapolation_from_real_data
ISR,Israel,2039,83.51,84.81,82.21,0,trend_extrapolation_from_real_data
ISR,Israel,2040,83.53,84.88,82.18,0,trend_extrapolation_from_real_data
ISR,Israel,2041,83.55,84.95,82.15,0,trend_extrapolation_from_real_data
ISR,Israel,2042,83.57,85.02,82.12,0,trend_extrapolation_from_real_data
ISR,Israel,2043,83.59,85.09,82.09,0,trend_extrapolation_from_real_data
ISR,Israel,2044,83.61,85.16,82.06,0,trend_extrapolation_from_real_data
ISR,Israel,2045,83.63,85.23,82.03,0,trend_extrapolation_from_real_data
ISR,Israel,2046,83.65,85.3,82.0,0,trend_extrapolation_from_real_data
ISR,Israel,2047,83.67,85.37,81.97,0,trend_extrapolation_from_real_data
ISR,Israel,2048,83.69,85.44,81.94,0,trend_extrapolation_from_real_data
ISR,Israel,2049,83.71,85.51,81.91,0,trend_extrapolation_from_real_data
ISR,Israel,2050,83.73,85.58,81.88,0,trend_extrapolation_from_real_data
ISR,Israel,2051,83.75,85.65,81.85,0,trend_extrapolation_from_real_data
ISR,Israel,2052,83.77,85.72,81.82,0,trend_extrapolation_from_real_data
ISR,Israel,2053,83.79,85.79,81.79,0,trend_extrapolation_from_real_data
ISR,Israel,2054,83.81,85.86,81.76,0,trend_extrapolation_from_real_data
ISR,Israel,2055,83.83,85.93,81.73,0,trend_extrapolation_from_real_data
ISR,Israel,2056,83.85,86.0,81.7,0,trend_extrapolation_from_real_data
ISR,Israel,2057,83.87,86.07,81.67,0,trend_extrapolation_from_real_data
ISR,Israel,2058,83.89,86.14,81.64,0,trend_extrapolation_from_real_data
ISR,Israel,2059,83.91,86.21,81.61,0,trend_extrapolation_from_real_data
ISR,Israel,2060,83.93,86.28,81.58,0,trend_extrapolation_from_real_data
ISR,Israel,2061,83.95,86.35,81.55,0,trend_extrapolation_from_real_data
ISR,Israel,2062,83.97,86.42,81.52,0,trend_extrapolation_from_real_data
ISR,Israel,2063,83.99,86.49,81.49,0,trend_extrapolation_from_real_data
ISR,Israel,2064,84.01,86.56,81.46,0,trend_extrapolation_from_real_data
ISR,Israel,2065,84.03,86.63,81.43,0,trend_extrapolation_from_real_data
ISR,Israel,2066,84.05,86.7,81.4,0,trend_extrapolation_from_real_data
ISR,Israel,2067,84.07,86.77,81.37,0,trend_extrapolation_from_real_data
ISR,Israel,2068,84.09,86.84,81.34,0,trend_extrapolation_from_real_data
ISR,Israel,2069,84.11,86.91,81.31,0,trend_extrapolation_from_real_data
ISR,Israel,2070,84.13,86.98,81.28,0,trend_extrapolation_from_real_data
ISR,Israel,2071,84.15,87.05,81.25,0,trend_extrapolation_from_real_data
ISR,Israel,2072,84.17,87.12,81.22,0,trend_extrapolation_from_real_data
ISR,Israel,2073,84.19,87.19,81.19,0,trend_extrapolation_from_real_data
ISR,Israel,2074,84.21,87.26,81.16,0,trend_extrapolation_from_real_data
ISR,Israel,2075,84.23,87.33,81.13,0,trend_extrapolation_from_real_data
ISR,Israel,2076,84.25,87.4,81.1,0,trend_extrapolation_from_real_data
ISR,Israel,2077,84.27,87.47,81.07,0,trend_extrapolation_from_real_data
ISR,Israel,2078,84.29,87.54,81.04,0,trend_extrapolation_from_real_data
ISR,Israel,2079,84.31,87.61,81.01,0,trend_extrapolation_from_real_data
ISR,Israel,2080,84.33,87.68,80.98,0,trend_extrapolation_from_real_data
ISR,Israel,2081,84.35,87.75,80.95,0,trend_extrapolation_from_real_data
ISR,Israel,2082,84.37,87.82,80.92,0,trend_extrapolation_from_real_data
ISR,Israel,2083,84.39,87.89,80.89,0,trend_extrapolation_from_real_data
ISR,Israel,2084,84.41,87.96,80.86,0,trend_extrapolation_from_real_data
ISR,Israel,2085,84.43,88.03,80.83,0,trend_extrapolation_from_real_data
ISR,Israel,2086,84.45,88.1,80.8,0,trend_extrapolation_from_real_data
ISR,Israel,2087,84.47,88.17,80.77,0,trend_extrapolation_from_real_data
ISR,Israel,2088,84.49,88.24,80.74,0,trend_extrapolation_from_real_data
ISR,Israel,2089,84.51,88.31,80.71,0,trend_extrapolation_from_real_data
ISR,Israel,2090,84.53,88.38,80.68,0,trend_extrapolation_from_real_data
ISR,Israel,2091,84.55,88.45,80.65,0,trend_extrapolation_from_real_data
ISR,Israel,2092,84.57,88.52,80.62,0,trend_extrapolation_from_real_data
ISR,Israel,2093,84.59,88.59,80.59,0,trend_extrapolation_from_real_data
ISR,Israel,2094,84.61,88.66,80.56,0,trend_extrapolation_from_real_data
ISR,Israel,2095,84.63,88.73,80.53,0,trend_extrapolation_from_real_data
ISR,Israel,2096,84.65,88.8,80.5,0,trend_extrapolation_from_real_data
ISR,Israel,2097,84.67,88.87,80.47,0,trend_extrapolation_from_real_data
ISR,Israel,2098,84.69,88.94,80.44,0,trend_extrapolation_from_real_data
ISR,Israel,2099,84.71,89.01,80.41,0,trend_extrapolation_from_real_data
ISR,Israel,2100,84.73,89.08,80.38,0,trend_extrapolation_from_real_data
ITA,Italy,2024,83.72,84.27,83.17,1,trend_extrapolation_from_real_data
ITA,Italy,2025,83.73,84.33,83.13,1,trend_extrapolation_from_real_data
ITA,Italy,2026,83.75,84.4,83.1,1,trend_extrapolation_from_real_data
ITA,Italy,2027,83.77,84.47,83.07,1,trend_extrapolation_from_real_data
ITA,Italy,2028,83.78,84.53,83.03,1,trend_extrapolation_from_real_data
ITA,Italy,2029,83.8,84.6,83.0,1,trend_extrapolation_from_real_data
ITA,Italy,2030,83.82,84.67,82.97,1,trend_extrapolation_from_real_data
ITA,Italy,2031,83.83,84.73,82.93,1,trend_extrapolation_from_real_data
ITA,Italy,2032,83.85,84.8,82.9,1,trend_extrapolation_from_real_data
ITA,Italy,2033,83.87,84.87,82.87,1,trend_extrapolation_from_real_data
ITA,Italy,2034,83.88,84.93,82.83,1,trend_extrapolation_from_real_data
ITA,Italy,2035,83.9,85.0,82.8,1,trend_extrapolation_from_real_data
ITA,Italy,2036,83.92,85.07,82.77,1,trend_extrapolation_from_real_data
ITA,Italy,2037,83.93,85.13,82.73,1,trend_extrapolation_from_real_data
ITA,Italy,2038,83.95,85.2,82.7,1,trend_extrapolation_from_real_data
ITA,Italy,2039,83.97,85.27,82.67,1,trend_extrapolation_from_real_data
ITA,Italy,2040,83.98,85.33,82.63,1,trend_extrapolation_from_real_data
ITA,Italy,2041,84.0,85.4,82.6,1,trend_extrapolation_from_real_data
ITA,Italy,2042,84.02,85.47,82.57,1,trend_extrapolation_from_real_data
ITA,Italy,2043,84.03,85.53,82.53,1,trend_extrapolation_from_real_data
ITA,Italy,2044,84.05,85.6,82.5,1,trend_extrapolation_from_real_data
ITA,Italy,2045,84.07,85.67,82.47,1,trend_extrapolation_from_real_data
ITA,Italy,2046,84.08,85.73,82.43,1,trend_extrapolation_from_real_data
ITA,Italy,2047,84.1,85.8,82.4,1,trend_extrapolation_from_real_data
ITA,Italy,2048,84.12,85.87,82.37,1,trend_extrapolation_from_real_data
ITA,Italy,2049,84.13,85.93,82.33,1,trend_extrapolation_from_real_data
ITA,Italy,2050,84.15,86.0,82.3,1,trend_extrapolation_from_real_data
ITA,Italy,2051,84.17,86.07,82.27,1,trend_extrapolation_from_real_data
ITA,Italy,2052,84.18,86.13,82.23,1,trend_extrapolation_from_real_data
ITA,Italy,2053,84.2,86.2,82.2,1,trend_extrapolation_from_real_data
ITA,Italy,2054,84.22,86.27,82.17,1,trend_extrapolation_from_real_data
ITA,Italy,2055,84.23,86.33,82.13,1,trend_extrapolation_from_real_data
ITA,Italy,2056,84.25,86.4,82.1,1,trend_extrapolation_from_real_data
ITA,Italy,2057,84.27,86.47,82.07,1,trend_extrapolation_from_real_data
ITA,Italy,2058,84.28,86.53,82.03,1,trend_extrapolation_from_real_data
ITA,Italy,2059,84.3,86.6,82.0,1,trend_extrapolation_from_real_data
ITA,Italy,2060,84.32,86.67,81.97,1,trend_extrapolation_from_real_data
ITA,Italy,2061,84.33,86.73,81.93,1,trend_extrapolation_from_real_data
ITA,Italy,2062,84.35,86.8,81.9,1,trend_extrapolation_from_real_data
ITA,Italy,2063,84.37,86.87,81.87,1,trend_extrapolation_from_real_data
ITA,Italy,2064,84.38,86.93,81.83,1,trend_extrapolation_from_real_data
ITA,Italy,2065,84.4,87.0,81.8,1,trend_extrapolation_from_real_data
ITA,Italy,2066,84.42,87.07,81.77,1,trend_extrapolation_from_real_data
ITA,Italy,2067,84.43,87.13,81.73,1,trend_extrapolation_from_real_data
ITA,Italy,2068,84.45,87.2,81.7,1,trend_extrapolation_from_real_data
ITA,Italy,2069,84.47,87.27,81.67,1,trend_extrapolation_from_real_data
ITA,Italy,2070,84.48,87.33,81.63,1,trend_extrapolation_from_real_data
ITA,Italy,2071,84.5,87.4,81.6,1,trend_extrapolation_from_real_data
ITA,Italy,2072,84.52,87.47,81.57,1,trend_extrapolation_from_real_data
ITA,Italy,2073,84.53,87.53,81.53,1,trend_extrapolation_from_real_data
ITA,Italy,2074,84.55,87.6,81.5,1,trend_extrapolation_from_real_data
ITA,Italy,2075,84.57,87.67,81.47,1,trend_extrapolation_from_real_data
ITA,Italy,2076,84.58,87.73,81.43,1,trend_extrapolation_from_real_data
ITA,Italy,2077,84.6,87.8,81.4,1,trend_extrapolation_from_real_data
ITA,Italy,2078,84.62,87.87,81.37,1,trend_extrapolation_from_real_data
ITA,Italy,2079,84.63,87.93,81.33,1,trend_extrapolation_from_real_data
ITA,Italy,2080,84.65,88.0,81.3,1,trend_extrapolation_from_real_data
ITA,Italy,2081,84.67,88.07,81.27,1,trend_extrapolation_from_real_data
ITA,Italy,2082,84.68,88.13,81.23,1,trend_extrapolation_from_real_data
ITA,Italy,2083,84.7,88.2,81.2,1,trend_extrapolation_from_real_data
ITA,Italy,2084,84.72,88.27,81.17,1,trend_extrapolation_from_real_data
ITA,Italy,2085,84.73,88.33,81.13,1,trend_extrapolation_from_real_data
ITA,Italy,2086,84.75,88.4,81.1,1,trend_extrapolation_from_real_data
ITA,Italy,2087,84.77,88.47,81.07,1,trend_extrapolation_from_real_data
ITA,Italy,2088,84.78,88.53,81.03,1,trend_extrapolation_from_real_data
ITA,Italy,2089,84.8,88.6,81.0,1,trend_extrapolation_from_real_data
ITA,Italy,2090,84.82,88.67,80.97,1,trend_extrapolation_from_real_data
ITA,Italy,2091,84.83,88.73,80.93,1,trend_extrapolation_from_real_data
ITA,Italy,2092,84.85,88.8,80.9,1,trend_extrapolation_from_real_data
ITA,Italy,2093,84.87,88.87,80.87,1,trend_extrapolation_from_real_data
ITA,Italy,2094,84.88,88.93,80.83,1,trend_extrapolation_from_real_data
ITA,Italy,2095,84.9,89.0,80.8,1,trend_extrapolation_from_real_data
ITA,Italy,2096,84.92,89.07,80.77,1,trend_extrapolation_from_real_data
ITA,Italy,2097,84.93,89.13,80.73,1,trend_extrapolation_from_real_data
ITA,Italy,2098,84.95,89.2,80.7,1,trend_extrapolation_from_real_data
ITA,Italy,2099,84.97,89.27,80.67,1,trend_extrapolation_from_real_data
ITA,Italy,2100,84.98,89.33,80.63,1,trend_extrapolation_from_real_data
JOR,Jordan,2024,77.85,78.4,77.3,0,trend_extrapolation_from_real_data
JOR,Jordan,2025,77.89,78.49,77.29,0,trend_extrapolation_from_real_data
JOR,Jordan,2026,77.93,78.58,77.28,0,trend_extrapolation_from_real_data
JOR,Jordan,2027,77.97,78.67,77.27,0,trend_extrapolation_from_real_data
JOR,Jordan,2028,78.01,78.76,77.26,0,trend_extrapolation_from_real_data
JOR,Jordan,2029,78.05,78.85,77.25,0,trend_extrapolation_from_real_data
JOR,Jordan,2030,78.09,78.94,77.24,0,trend_extrapolation_from_real_data
JOR,Jordan,2031,78.13,79.03,77.23,0,trend_extrapolation_from_real_data
JOR,Jordan,2032,78.17,79.12,77.22,0,trend_extrapolation_from_real_data
JOR,Jordan,2033,78.21,79.21,77.21,0,trend_extrapolation_from_real_data
JOR,Jordan,2034,78.25,79.3,77.2,0,trend_extrapolation_from_real_data
JOR,Jordan,2035,78.29,79.39,77.19,0,trend_extrapolation_from_real_data
JOR,Jordan,2036,78.33,79.48,77.18,0,trend_extrapolation_from_real_data
JOR,Jordan,2037,78.37,79.57,77.17,0,trend_extrapolation_from_real_data
JOR,Jordan,2038,78.41,79.66,77.16,0,trend_extrapolation_from_real_data
JOR,Jordan,2039,78.45,79.75,77.15,0,trend_extrapolation_from_real_data
JOR,Jordan,2040,78.49,79.84,77.14,0,trend_extrapolation_from_real_data
JOR,Jordan,2041,78.53,79.93,77.13,0,trend_extrapolation_from_real_data
JOR,Jordan,2042,78.57,80.02,77.12,0,trend_extrapolation_from_real_data
JOR,Jordan,2043,78.61,80.11,77.11,0,trend_extrapolation_from_real_data
JOR,Jordan,2044,78.65,80.2,77.1,0,trend_extrapolation_from_real_data
JOR,Jordan,2045,78.69,80.29,77.09,0,trend_extrapolation_from_real_data
JOR,Jordan,2046,78.73,80.38,77.08,0,trend_extrapolation_from_real_data
JOR,Jordan,2047,78.77,80.47,77.07,0,trend_extrapolation_from_real_data
JOR,Jordan,2048,78.81,80.56,77.06,0,trend_extrapolation_from_real_data
JOR,Jordan,2049,78.85,80.65,77.05,0,trend_extrapolation_from_real_data
JOR,Jordan,2050,78.89,80.74,77.04,0,trend_extrapolation_from_real_data
JOR,Jordan,2051,78.93,80.83,77.03,0,trend_extrapolation_from_real_data
JOR,Jordan,2052,78.97,80.92,77.02,0,trend_extrapolation_from_real_data
JOR,Jordan,2053,79.01,81.01,77.01,0,trend_extrapolation_from_real_data
JOR,Jordan,2054,79.05,81.1,77.0,0,trend_extrapolation_from_real_data
JOR,Jordan,2055,79.09,81.19,76.99,0,trend_extrapolation_from_real_data
JOR,Jordan,2056,79.13,81.28,76.98,0,trend_extrapolation_from_real_data
JOR,Jordan,2057,79.17,81.37,76.97,0,trend_extrapolation_from_real_data
JOR,Jordan,2058,79.21,81.46,76.96,0,trend_extrapolation_from_real_data
JOR,Jordan,2059,79.25,81.55,76.95,0,trend_extrapolation_from_real_data
JOR,Jordan,2060,79.29,81.64,76.94,0,trend_extrapolation_from_real_data
JOR,Jordan,2061,79.33,81.73,76.93,0,trend_extrapolation_from_real_data
JOR,Jordan,2062,79.37,81.82,76.92,0,trend_extrapolation_from_real_data
JOR,Jordan,2063,79.41,81.91,76.91,0,trend_extrapolation_from_real_data
JOR,Jordan,2064,79.45,82.0,76.9,0,trend_extrapolation_from_real_data
JOR,Jordan,2065,79.49,82.09,76.89,0,trend_extrapolation_from_real_data
JOR,Jordan,2066,79.53,82.18,76.88,0,trend_extrapolation_from_real_data
JOR,Jordan,2067,79.57,82.27,76.87,0,trend_extrapolation_from_real_data
JOR,Jordan,2068,79.61,82.36,76.86,0,trend_extrapolation_from_real_data
JOR,Jordan,2069,79.65,82.45,76.85,0,trend_extrapolation_from_real_data
JOR,Jordan,2070,79.69,82.54,76.84,0,trend_extrapolation_from_real_data
JOR,Jordan,2071,79.73,82.63,76.83,0,trend_extrapolation_from_real_data
JOR,Jordan,2072,79.77,82.72,76.82,0,trend_extrapolation_from_real_data
JOR,Jordan,2073,79.81,82.81,76.81,0,trend_extrapolation_from_real_data
JOR,Jordan,2074,79.85,82.9,76.8,0,trend_extrapolation_from_real_data
JOR,Jordan,2075,79.89,82.99,76.79,0,trend_extrapolation_from_real_data
JOR,Jordan,2076,79.93,83.08,76.78,0,trend_extrapolation_from_real_data
JOR,Jordan,2077,79.97,83.17,76.77,0,trend_extrapolation_from_real_data
JOR,Jordan,2078,80.01,83.26,76.76,0,trend_extrapolation_from_real_data
JOR,Jordan,2079,80.05,83.35,76.75,0,trend_extrapolation_from_real_data
JOR,Jordan,2080,80.09,83.44,76.74,0,trend_extrapolation_from_real_data
JOR,Jordan,2081,80.13,83.53,76.73,0,trend_extrapolation_from_real_data
JOR,Jordan,2082,80.17,83.62,76.72,0,trend_extrapolation_from_real_data
JOR,Jordan,2083,80.21,83.71,76.71,0,trend_extrapolation_from_real_data
JOR,Jordan,2084,80.25,83.8,76.7,0,trend_extrapolation_from_real_data
JOR,Jordan,2085,80.29,83.89,76.69,0,trend_extrapolation_from_real_data
JOR,Jordan,2086,80.33,83.98,76.68,0,trend_extrapolation_from_real_data
JOR,Jordan,2087,80.37,84.07,76.67,0,trend_extrapolation_from_real_data
JOR,Jordan,2088,80.41,84.16,76.66,0,trend_extrapolation_from_real_data
JOR,Jordan,2089,80.45,84.25,76.65,0,trend_extrapolation_from_real_data
JOR,Jordan,2090,80.49,84.34,76.64,0,trend_extrapolation_from_real_data
JOR,Jordan,2091,80.53,84.43,76.63,0,trend_extrapolation_from_real_data
JOR,Jordan,2092,80.57,84.52,76.62,0,trend_extrapolation_from_real_data
JOR,Jordan,2093,80.61,84.61,76.61,0,trend_extrapolation_from_real_data
JOR,Jordan,2094,80.65,84.7,76.6,0,trend_extrapolation_from_real_data
JOR,Jordan,2095,80.69,84.79,76.59,0,trend_extrapolation_from_real_data
JOR,Jordan,2096,80.73,84.88,76.58,0,trend_extrapolation_from_real_data
JOR,Jordan,2097,80.77,84.97,76.57,0,trend_extrapolation_from_real_data
JOR,Jordan,2098,80.81,85.06,76.56,0,trend_extrapolation_from_real_data
JOR,Jordan,2099,80.85,85.15,76.55,0,trend_extrapolation_from_real_data
JOR,Jordan,2100,80.89,85.24,76.54,0,trend_extrapolation_from_real_data
JPN,Japan,2024,84.06,84.61,83.51,1,trend_extrapolation_from_real_data
JPN,Japan,2025,84.07,84.67,83.47,1,trend_extrapolation_from_real_data
JPN,Japan,2026,84.09,84.74,83.44,1,trend_extrapolation_from_real_data
JPN,Japan,2027,84.1,84.8,83.4,1,trend_extrapolation_from_real_data
JPN,Japan,2028,84.12,84.87,83.37,1,trend_extrapolation_from_real_data
JPN,Japan,2029,84.14,84.94,83.34,1,trend_extrapolation_from_real_data
JPN,Japan,2030,84.15,85.0,83.3,1,trend_extrapolation_from_real_data
JPN,Japan,2031,84.17,85.07,83.27,1,trend_extrapolation_from_real_data
JPN,Japan,2032,84.18,85.13,83.23,1,trend_extrapolation_from_real_data
JPN,Japan,2033,84.2,85.2,83.2,1,trend_extrapolation_from_real_data
JPN,Japan,2034,84.22,85.27,83.17,1,trend_extrapolation_from_real_data
JPN,Japan,2035,84.23,85.33,83.13,1,trend_extrapolation_from_real_data
JPN,Japan,2036,84.25,85.4,83.1,1,trend_extrapolation_from_real_data
JPN,Japan,2037,84.26,85.46,83.06,1,trend_extrapolation_from_real_data
JPN,Japan,2038,84.28,85.53,83.03,1,trend_extrapolation_from_real_data
JPN,Japan,2039,84.3,85.6,83.0,1,trend_extrapolation_from_real_data
JPN,Japan,2040,84.31,85.66,82.96,1,trend_extrapolation_from_real_data
JPN,Japan,2041,84.33,85.73,82.93,1,trend_extrapolation_from_real_data
JPN,Japan,2042,84.34,85.79,82.89,1,trend_extrapolation_from_real_data
JPN,Japan,2043,84.36,85.86,82.86,1,trend_extrapolation_from_real_data
JPN,Japan,2044,84.38,85.93,82.83,1,trend_extrapolation_from_real_data
JPN,Japan,2045,84.39,85.99,82.79,1,trend_extrapolation_from_real_data
JPN,Japan,2046,84.41,86.06,82.76,1,trend_extrapolation_from_real_data
JPN,Japan,2047,84.42,86.12,82.72,1,trend_extrapolation_from_real_data
JPN,Japan,2048,84.44,86.19,82.69,1,trend_extrapolation_from_real_data
JPN,Japan,2049,84.46,86.26,82.66,1,trend_extrapolation_from_real_data
JPN,Japan,2050,84.47,86.32,82.62,1,trend_extrapolation_from_real_data
JPN,Japan,2051,84.49,86.39,82.59,1,trend_extrapolation_from_real_data
JPN,Japan,2052,84.5,86.45,82.55,1,trend_extrapolation_from_real_data
JPN,Japan,2053,84.52,86.52,82.52,1,trend_extrapolation_from_real_data
JPN,Japan,2054,84.53,86.58,82.48,1,trend_extrapolation_from_real_data
JPN,Japan,2055,84.55,86.65,82.45,1,trend_extrapolation_from_real_data
JPN,Japan,2056,84.57,86.72,82.42,1,trend_extrapolation_from_real_data
JPN,Japan,2057,84.58,86.78,82.38,1,trend_extrapolation_from_real_data
JPN,Japan,2058,84.6,86.85,82.35,1,trend_extrapolation_from_real_data
JPN,Japan,2059,84.61,86.91,82.31,1,trend_extrapolation_from_real_data
JPN,Japan,2060,84.63,86.98,82.28,1,trend_extrapolation_from_real_data
JPN,Japan,2061,84.65,87.05,82.25,1,trend_extrapolation_from_real_data
JPN,Japan,2062,84.66,87.11,82.21,1,trend_extrapolation_from_real_data
JPN,Japan,2063,84.68,87.18,82.18,1,trend_extrapolation_from_real_data
JPN,Japan,2064,84.69,87.24,82.14,1,trend_extrapolation_from_real_data
JPN,Japan,2065,84.71,87.31,82.11,1,trend_extrapolation_from_real_data
JPN,Japan,2066,84.73,87.38,82.08,1,trend_extrapolation_from_real_data
JPN,Japan,2067,84.74,87.44,82.04,1,trend_extrapolation_from_real_data
JPN,Japan,2068,84.76,87.51,82.01,1,trend_extrapolation_from_real_data
JPN,Japan,2069,84.77,87.57,81.97,1,trend_extrapolation_from_real_data
JPN,Japan,2070,84.79,87.64,81.94,1,trend_extrapolation_from_real_data
JPN,Japan,2071,84.81,87.71,81.91,1,trend_extrapolation_from_real_data
JPN,Japan,2072,84.82,87.77,81.87,1,trend_extrapolation_from_real_data
JPN,Japan,2073,84.84,87.84,81.84,1,trend_extrapolation_from_real_data
JPN,Japan,2074,84.85,87.9,81.8,1,trend_extrapolation_from_real_data
JPN,Japan,2075,84.87,87.97,81.77,1,trend_extrapolation_from_real_data
JPN,Japan,2076,84.89,88.04,81.74,1,trend_extrapolation_from_real_data
JPN,Japan,2077,84.9,88.1,81.7,1,trend_extrapolation_from_real_data
JPN,Japan,2078,84.92,88.17,81.67,1,trend_extrapolation_from_real_data
JPN,Japan,2079,84.93,88.23,81.63,1,trend_extrapolation_from_real_data
JPN,Japan,2080,84.95,88.3,81.6,1,trend_extrapolation_from_real_data
JPN,Japan,2081,84.96,88.36,81.56,1,trend_extrapolation_from_real_data
JPN,Japan,2082,84.98,88.43,81.53,1,trend_extrapolation_from_real_data
JPN,Japan,2083,85.0,88.5,81.5,1,trend_extrapolation_from_real_data
JPN,Japan,2084,85.01,88.56,81.46,1,trend_extrapolation_from_real_data
JPN,Japan,2085,85.03,88.63,81.43,1,trend_extrapolation_from_real_data
JPN,Japan,2086,85.04,88.69,81.39,1,trend_extrapolation_from_real_data
JPN,Japan,2087,85.06,88.76,81.36,1,trend_extrapolation_from_real_data
JPN,Japan,2088,85.08,88.83,81.33,1,trend_extrapolation_from_real_data
JPN,Japan,2089,85.09,88.89,81.29,1,trend_extrapolation_from_real_data
JPN,Japan,2090,85.11,88.96,81.26,1,trend_extrapolation_from_real_data
JPN,Japan,2091,85.12,89.02,81.22,1,trend_extrapolation_from_real_data
JPN,Japan,2092,85.14,89.09,81.19,1,trend_extrapolation_from_real_data
JPN,Japan,2093,85.16,89.16,81.16,1,trend_extrapolation_from_real_data
JPN,Japan,2094,85.17,89.22,81.12,1,trend_extrapolation_from_real_data
JPN,Japan,2095,85.19,89.29,81.09,1,trend_extrapolation_from_real_data
JPN,Japan,2096,85.2,89.35,81.05,1,trend_extrapolation_from_real_data
JPN,Japan,2097,85.22,89.42,81.02,1,trend_extrapolation_from_real_data
JPN,Japan,2098,85.24,89.49,80.99,1,trend_extrapolation_from_real_data
JPN,Japan,2099,85.25,89.55,80.95,1,trend_extrapolation_from_real_data
JPN,Japan,2100,85.27,89.62,80.92,1,trend_extrapolation_from_real_data
KEN,Kenya,2024,63.73,64.28,63.18,0,trend_extrapolation_from_real_data
KEN,Kenya,2025,63.82,64.42,63.22,0,trend_extrapolation_from_real_data
KEN,Kenya,2026,63.91,64.56,63.26,0,trend_extrapolation_from_real_data
KEN,Kenya,2027,64.0,64.7,63.3,0,trend_extrapolation_from_real_data
KEN,Kenya,2028,64.08,64.83,63.33,0,trend_extrapolation_from_real_data
KEN,Kenya,2029,64.17,64.97,63.37,0,trend_extrapolation_from_real_data
KEN,Kenya,2030,64.26,65.11,63.41,0,trend_extrapolation_from_real_data
KEN,Kenya,2031,64.35,65.25,63.45,0,trend_extrapolation_from_real_data
KEN,Kenya,2032,64.43,65.38,63.48,0,trend_extrapolation_from_real_data
KEN,Kenya,2033,64.52,65.52,63.52,0,trend_extrapolation_from_real_data
KEN,Kenya,2034,64.61,65.66,63.56,0,trend_extrapolation_from_real_data
KEN,Kenya,2035,64.7,65.8,63.6,0,trend_extrapolation_from_real_data
KEN,Kenya,2036,64.79,65.94,63.64,0,trend_extrapolation_from_real_data
KEN,Kenya,2037,64.87,66.07,63.67,0,trend_extrapolation_from_real_data
KEN,Kenya,2038,64.96,66.21,63.71,0,trend_extrapolation_from_real_data
KEN,Kenya,2039,65.05,66.35,63.75,0,trend_extrapolation_from_real_data
KEN,Kenya,2040,65.14,66.49,63.79,0,trend_extrapolation_from_real_data
KEN,Kenya,2041,65.22,66.62,63.82,0,trend_extrapolation_from_real_data
KEN,Kenya,2042,65.31,66.76,63.86,0,trend_extrapolation_from_real_data
KEN,Kenya,2043,65.4,66.9,63.9,0,trend_extrapolation_from_real_data
KEN,Kenya,2044,65.49,67.04,63.94,0,trend_extrapolation_from_real_data
KEN,Kenya,2045,65.57,67.17,63.97,0,trend_extrapolation_from_real_data
KEN,Kenya,2046,65.66,67.31,64.01,0,trend_extrapolation_from_real_data
KEN,Kenya,2047,65.75,67.45,64.05,0,trend_extrapolation_from_real_data
KEN,Kenya,2048,65.84,67.59,64.09,0,trend_extrapolation_from_real_data
KEN,Kenya,2049,65.92,67.72,64.12,0,trend_extrapolation_from_real_data
KEN,Kenya,2050,66.01,67.86,64.16,0,trend_extrapolation_from_real_data
KEN,Kenya,2051,66.1,68.0,64.2,0,trend_extrapolation_from_real_data
KEN,Kenya,2052,66.19,68.14,64.24,0,trend_extrapolation_from_real_data
KEN,Kenya,2053,66.28,68.28,64.28,0,trend_extrapolation_from_real_data
KEN,Kenya,2054,66.36,68.41,64.31,0,trend_extrapolation_from_real_data
KEN,Kenya,2055,66.45,68.55,64.35,0,trend_extrapolation_from_real_data
KEN,Kenya,2056,66.54,68.69,64.39,0,trend_extrapolation_from_real_data
KEN,Kenya,2057,66.63,68.83,64.43,0,trend_extrapolation_from_real_data
KEN,Kenya,2058,66.71,68.96,64.46,0,trend_extrapolation_from_real_data
KEN,Kenya,2059,66.8,69.1,64.5,0,trend_extrapolation_from_real_data
KEN,Kenya,2060,66.89,69.24,64.54,0,trend_extrapolation_from_real_data
KEN,Kenya,2061,66.98,69.38,64.58,0,trend_extrapolation_from_real_data
KEN,Kenya,2062,67.06,69.51,64.61,0,trend_extrapolation_from_real_data
KEN,Kenya,2063,67.15,69.65,64.65,0,trend_extrapolation_from_real_data
KEN,Kenya,2064,67.24,69.79,64.69,0,trend_extrapolation_from_real_data
KEN,Kenya,2065,67.33,69.93,64.73,0,trend_extrapolation_from_real_data
KEN,Kenya,2066,67.41,70.06,64.76,0,trend_extrapolation_from_real_data
KEN,Kenya,2067,67.5,70.2,64.8,0,trend_extrapolation_from_real_data
KEN,Kenya,2068,67.59,70.34,64.84,0,trend_extrapolation_from_real_data
KEN,Kenya,2069,67.68,70.48,64.88,0,trend_extrapolation_from_real_data
KEN,Kenya,2070,67.76,70.61,64.91,0,trend_extrapolation_from_real_data
KEN,Kenya,2071,67.85,70.75,64.95,0,trend_extrapolation_from_real_data
KEN,Kenya,2072,67.94,70.89,64.99,0,trend_extrapolation_from_real_data
KEN,Kenya,2073,68.03,71.03,65.03,0,trend_extrapolation_from_real_data
KEN,Kenya,2074,68.12,71.17,65.07,0,trend_extrapolation_from_real_data
KEN,Kenya,2075,68.2,71.3,65.1,0,trend_extrapolation_from_real_data
KEN,Kenya,2076,68.29,71.44,65.14,0,trend_extrapolation_from_real_data
KEN,Kenya,2077,68.38,71.58,65.18,0,trend_extrapolation_from_real_data
KEN,Kenya,2078,68.47,71.72,65.22,0,trend_extrapolation_from_real_data
KEN,Kenya,2079,68.55,71.85,65.25,0,trend_extrapolation_from_real_data
KEN,Kenya,2080,68.64,71.99,65.29,0,trend_extrapolation_from_real_data
KEN,Kenya,2081,68.73,72.13,65.33,0,trend_extrapolation_from_real_data
KEN,Kenya,2082,68.82,72.27,65.37,0,trend_extrapolation_from_real_data
KEN,Kenya,2083,68.9,72.4,65.4,0,trend_extrapolation_from_real_data
KEN,Kenya,2084,68.99,72.54,65.44,0,trend_extrapolation_from_real_data
KEN,Kenya,2085,69.08,72.68,65.48,0,trend_extrapolation_from_real_data
KEN,Kenya,2086,69.17,72.82,65.52,0,trend_extrapolation_from_real_data
KEN,Kenya,2087,69.25,72.95,65.55,0,trend_extrapolation_from_real_data
KEN,Kenya,2088,69.34,73.09,65.59,0,trend_extrapolation_from_real_data
KEN,Kenya,2089,69.43,73.23,65.63,0,trend_extrapolation_from_real_data
KEN,Kenya,2090,69.52,73.37,65.67,0,trend_extrapolation_from_real_data
KEN,Kenya,2091,69.61,73.51,65.71,0,trend_extrapolation_from_real_data
KEN,Kenya,2092,69.69,73.64,65.74,0,trend_extrapolation_from_real_data
KEN,Kenya,2093,69.78,73.78,65.78,0,trend_extrapolation_from_real_data
KEN,Kenya,2094,69.87,73.92,65.82,0,trend_extrapolation_from_real_data
KEN,Kenya,2095,69.96,74.06,65.86,0,trend_extrapolation_from_real_data
KEN,Kenya,2096,70.04,74.19,65.89,0,trend_extrapolation_from_real_data
KEN,Kenya,2097,70.13,74.33,65.93,0,trend_extrapolation_from_real_data
KEN,Kenya,2098,70.22,74.47,65.97,0,trend_extrapolation_from_real_data
KEN,Kenya,2099,70.31,74.61,66.01,0,trend_extrapolation_from_real_data
KEN,Kenya,2100,70.39,74.74,66.04,0,trend_extrapolation_from_real_data
KOR,South Korea,2024,83.47,84.02,82.92,0,trend_extrapolation_from_real_data
KOR,South Korea,2025,83.51,84.11,82.91,0,trend_extrapolation_from_real_data
KOR,South Korea,2026,83.55,84.2,82.9,0,trend_extrapolation_from_real_data
KOR,South Korea,2027,83.58,84.28,82.88,0,trend_extrapolation_from_real_data
KOR,South Korea,2028,83.62,84.37,82.87,0,trend_extrapolation_from_real_data
KOR,South Korea,2029,83.66,84.46,82.86,0,trend_extrapolation_from_real_data
KOR,South Korea,2030,83.7,84.55,82.85,0,trend_extrapolation_from_real_data
KOR,South Korea,2031,83.74,84.64,82.84,0,trend_extrapolation_from_real_data
KOR,South Korea,2032,83.78,84.73,82.83,0,trend_extrapolation_from_real_data
KOR,South Korea,2033,83.82,84.82,82.82,0,trend_extrapolation_from_real_data
KOR,South Korea,2034,83.85,84.9,82.8,0,trend_extrapolation_from_real_data
KOR,South Korea,2035,83.89,84.99,82.79,0,trend_extrapolation_from_real_data
KOR,South Korea,2036,83.93,85.08,82.78,0,trend_extrapolation_from_real_data
KOR,South Korea,2037,83.97,85.17,82.77,0,trend_extrapolation_from_real_data
KOR,South Korea,2038,84.01,85.26,82.76,0,trend_extrapolation_from_real_data
KOR,South Korea,2039,84.05,85.35,82.75,0,trend_extrapolation_from_real_data
KOR,South Korea,2040,84.09,85.44,82.74,0,trend_extrapolation_from_real_data
KOR,South Korea,2041,84.13,85.53,82.73,0,trend_extrapolation_from_real_data
KOR,South Korea,2042,84.16,85.61,82.71,0,trend_extrapolation_from_real_data
KOR,South Korea,2043,84.2,85.7,82.7,0,trend_extrapolation_from_real_data
KOR,South Korea,2044,84.24,85.79,82.69,0,trend_extrapolation_from_real_data
KOR,South Korea,2045,84.28,85.88,82.68,0,trend_extrapolation_from_real_data
KOR,South Korea,2046,84.32,85.97,82.67,0,trend_extrapolation_from_real_data
KOR,South Korea,2047,84.36,86.06,82.66,0,trend_extrapolation_from_real_data
KOR,South Korea,2048,84.4,86.15,82.65,0,trend_extrapolation_from_real_data
KOR,South Korea,2049,84.44,86.24,82.64,0,trend_extrapolation_from_real_data
KOR,South Korea,2050,84.47,86.32,82.62,0,trend_extrapolation_from_real_data
KOR,South Korea,2051,84.51,86.41,82.61,0,trend_extrapolation_from_real_data
KOR,South Korea,2052,84.55,86.5,82.6,0,trend_extrapolation_from_real_data
KOR,South Korea,2053,84.59,86.59,82.59,0,trend_extrapolation_from_real_data
KOR,South Korea,2054,84.63,86.68,82.58,0,trend_extrapolation_from_real_data
KOR,South Korea,2055,84.67,86.77,82.57,0,trend_extrapolation_from_real_data
KOR,South Korea,2056,84.71,86.86,82.56,0,trend_extrapolation_from_real_data
KOR,South Korea,2057,84.74,86.94,82.54,0,trend_extrapolation_from_real_data
KOR,South Korea,2058,84.78,87.03,82.53,0,trend_extrapolation_from_real_data
KOR,South Korea,2059,84.82,87.12,82.52,0,trend_extrapolation_from_real_data
KOR,South Korea,2060,84.86,87.21,82.51,0,trend_extrapolation_from_real_data
KOR,South Korea,2061,84.9,87.3,82.5,0,trend_extrapolation_from_real_data
KOR,South Korea,2062,84.94,87.39,82.49,0,trend_extrapolation_from_real_data
KOR,South Korea,2063,84.98,87.48,82.48,0,trend_extrapolation_from_real_data
KOR,South Korea,2064,85.02,87.57,82.47,0,trend_extrapolation_from_real_data
KOR,South Korea,2065,85.05,87.65,82.45,0,trend_extrapolation_from_real_data
KOR,South Korea,2066,85.09,87.74,82.44,0,trend_extrapolation_from_real_data
KOR,South Korea,2067,85.13,87.83,82.43,0,trend_extrapolation_from_real_data
KOR,South Korea,2068,85.17,87.92,82.42,0,trend_extrapolation_from_real_data
KOR,South Korea,2069,85.21,88.01,82.41,0,trend_extrapolation_from_real_data
KOR,South Korea,2070,85.25,88.1,82.4,0,trend_extrapolation_from_real_data
KOR,South Korea,2071,85.29,88.19,82.39,0,trend_extrapolation_from_real_data
KOR,South Korea,2072,85.32,88.27,82.37,0,trend_extrapolation_from_real_data
KOR,South Korea,2073,85.36,88.36,82.36,0,trend_extrapolation_from_real_data
KOR,South Korea,2074,85.4,88.45,82.35,0,trend_extrapolation_from_real_data
KOR,South Korea,2075,85.44,88.54,82.34,0,trend_extrapolation_from_real_data
KOR,South Korea,2076,85.48,88.63,82.33,0,trend_extrapolation_from_real_data
KOR,South Korea,2077,85.52,88.72,82.32,0,trend_extrapolation_from_real_data
KOR,South Korea,2078,85.56,88.81,82.31,0,trend_extrapolation_from_real_data
KOR,South Korea,2079,85.6,88.9,82.3,0,trend_extrapolation_from_real_data
KOR,South Korea,2080,85.63,88.98,82.28,0,trend_extrapolation_from_real_data
KOR,South Korea,2081,85.67,89.07,82.27,0,trend_extrapolation_from_real_data
KOR,South Korea,2082,85.71,89.16,82.26,0,trend_extrapolation_from_real_data
KOR,South Korea,2083,85.75,89.25,82.25,0,trend_extrapolation_from_real_data
KOR,South Korea,2084,85.79,89.34,82.24,0,trend_extrapolation_from_real_data
KOR,South Korea,2085,85.83,89.43,82.23,0,trend_extrapolation_from_real_data
KOR,South Korea,2086,85.87,89.52,82.22,0,trend_extrapolation_from_real_data
KOR,South Korea,2087,85.91,89.61,82.21,0,trend_extrapolation_from_real_data
KOR,South Korea,2088,85.94,89.69,82.19,0,trend_extrapolation_from_real_data
KOR,South Korea,2089,85.98,89.78,82.18,0,trend_extrapolation_from_real_data
KOR,South Korea,2090,86.02,89.87,82.17,0,trend_extrapolation_from_real_data
KOR,South Korea,2091,86.06,89.96,82.16,0,trend_extrapolation_from_real_data
KOR,South Korea,2092,86.1,90.05,82.15,0,trend_extrapolation_from_real_data
KOR,South Korea,2093,86.14,90.14,82.14,0,trend_extrapolation_from_real_data
KOR,South Korea,2094,86.18,90.23,82.13,0,trend_extrapolation_from_real_data
KOR,South Korea,2095,86.21,90.31,82.11,0,trend_extrapolation_from_real_data
KOR,South Korea,2096,86.25,90.4,82.1,0,trend_extrapolation_from_real_data
KOR,South Korea,2097,86.29,90.49,82.09,0,trend_extrapolation_from_real_data
KOR,South Korea,2098,86.33,90.58,82.08,0,trend_extrapolation_from_real_data
KOR,South Korea,2099,86.37,90.67,82.07,0,trend_extrapolation_from_real_data
KOR,South Korea,2100,86.41,90.76,82.06,0,trend_extrapolation_from_real_data
LBN,Lebanon,2024,77.83,78.38,77.28,0,trend_extrapolation_from_real_data
LBN,Lebanon,2025,77.84,78.44,77.24,0,trend_extrapolation_from_real_data
LBN,Lebanon,2026,77.85,78.5,77.2,0,trend_extrapolation_from_real_data
LBN,Lebanon,2027,77.87,78.57,77.17,0,trend_extrapolation_from_real_data
LBN,Lebanon,2028,77.88,78.63,77.13,0,trend_extrapolation_from_real_data
LBN,Lebanon,2029,77.89,78.69,77.09,0,trend_extrapolation_from_real_data
LBN,Lebanon,2030,77.91,78.76,77.06,0,trend_extrapolation_from_real_data
LBN,Lebanon,2031,77.92,78.82,77.02,0,trend_extrapolation_from_real_data
LBN,Lebanon,2032,77.93,78.88,76.98,0,trend_extrapolation_from_real_data
LBN,Lebanon,2033,77.94,78.94,76.94,0,trend_extrapolation_from_real_data
LBN,Lebanon,2034,77.96,79.01,76.91,0,trend_extrapolation_from_real_data
LBN,Lebanon,2035,77.97,79.07,76.87,0,trend_extrapolation_from_real_data
LBN,Lebanon,2036,77.98,79.13,76.83,0,trend_extrapolation_from_real_data
LBN,Lebanon,2037,77.99,79.19,76.79,0,trend_extrapolation_from_real_data
LBN,Lebanon,2038,78.01,79.26,76.76,0,trend_extrapolation_from_real_data
LBN,Lebanon,2039,78.02,79.32,76.72,0,trend_extrapolation_from_real_data
LBN,Lebanon,2040,78.03,79.38,76.68,0,trend_extrapolation_from_real_data
LBN,Lebanon,2041,78.04,79.44,76.64,0,trend_extrapolation_from_real_data
LBN,Lebanon,2042,78.06,79.51,76.61,0,trend_extrapolation_from_real_data
LBN,Lebanon,2043,78.07,79.57,76.57,0,trend_extrapolation_from_real_data
LBN,Lebanon,2044,78.08,79.63,76.53,0,trend_extrapolation_from_real_data
LBN,Lebanon,2045,78.1,79.7,76.5,0,trend_extrapolation_from_real_data
LBN,Lebanon,2046,78.11,79.76,76.46,0,trend_extrapolation_from_real_data
LBN,Lebanon,2047,78.12,79.82,76.42,0,trend_extrapolation_from_real_data
LBN,Lebanon,2048,78.13,79.88,76.38,0,trend_extrapolation_from_real_data
LBN,Lebanon,2049,78.15,79.95,76.35,0,trend_extrapolation_from_real_data
LBN,Lebanon,2050,78.16,80.01,76.31,0,trend_extrapolation_from_real_data
LBN,Lebanon,2051,78.17,80.07,76.27,0,trend_extrapolation_from_real_data
LBN,Lebanon,2052,78.18,80.13,76.23,0,trend_extrapolation_from_real_data
LBN,Lebanon,2053,78.2,80.2,76.2,0,trend_extrapolation_from_real_data
LBN,Lebanon,2054,78.21,80.26,76.16,0,trend_extrapolation_from_real_data
LBN,Lebanon,2055,78.22,80.32,76.12,0,trend_extrapolation_from_real_data
LBN,Lebanon,2056,78.23,80.38,76.08,0,trend_extrapolation_from_real_data
LBN,Lebanon,2057,78.25,80.45,76.05,0,trend_extrapolation_from_real_data
LBN,Lebanon,2058,78.26,80.51,76.01,0,trend_extrapolation_from_real_data
LBN,Lebanon,2059,78.27,80.57,75.97,0,trend_extrapolation_from_real_data
LBN,Lebanon,2060,78.28,80.63,75.93,0,trend_extrapolation_from_real_data
LBN,Lebanon,2061,78.3,80.7,75.9,0,trend_extrapolation_from_real_data
LBN,Lebanon,2062,78.31,80.76,75.86,0,trend_extrapolation_from_real_data
LBN,Lebanon,2063,78.32,80.82,75.82,0,trend_extrapolation_from_real_data
LBN,Lebanon,2064,78.34,80.89,75.79,0,trend_extrapolation_from_real_data
LBN,Lebanon,2065,78.35,80.95,75.75,0,trend_extrapolation_from_real_data
LBN,Lebanon,2066,78.36,81.01,75.71,0,trend_extrapolation_from_real_data
LBN,Lebanon,2067,78.37,81.07,75.67,0,trend_extrapolation_from_real_data
LBN,Lebanon,2068,78.39,81.14,75.64,0,trend_extrapolation_from_real_data
LBN,Lebanon,2069,78.4,81.2,75.6,0,trend_extrapolation_from_real_data
LBN,Lebanon,2070,78.41,81.26,75.56,0,trend_extrapolation_from_real_data
LBN,Lebanon,2071,78.42,81.32,75.52,0,trend_extrapolation_from_real_data
LBN,Lebanon,2072,78.44,81.39,75.49,0,trend_extrapolation_from_real_data
LBN,Lebanon,2073,78.45,81.45,75.45,0,trend_extrapolation_from_real_data
LBN,Lebanon,2074,78.46,81.51,75.41,0,trend_extrapolation_from_real_data
LBN,Lebanon,2075,78.47,81.57,75.37,0,trend_extrapolation_from_real_data
LBN,Lebanon,2076,78.49,81.64,75.34,0,trend_extrapolation_from_real_data
LBN,Lebanon,2077,78.5,81.7,75.3,0,trend_extrapolation_from_real_data
LBN,Lebanon,2078,78.51,81.76,75.26,0,trend_extrapolation_from_real_data
LBN,Lebanon,2079,78.53,81.83,75.23,0,trend_extrapolation_from_real_data
LBN,Lebanon,2080,78.54,81.89,75.19,0,trend_extrapolation_from_real_data
LBN,Lebanon,2081,78.55,81.95,75.15,0,trend_extrapolation_from_real_data
LBN,Lebanon,2082,78.56,82.01,75.11,0,trend_extrapolation_from_real_data
LBN,Lebanon,2083,78.58,82.08,75.08,0,trend_extrapolation_from_real_data
LBN,Lebanon,2084,78.59,82.14,75.04,0,trend_extrapolation_from_real_data
LBN,Lebanon,2085,78.6,82.2,75.0,0,trend_extrapolation_from_real_data
LBN,Lebanon,2086,78.61,82.26,74.96,0,trend_extrapolation_from_real_data
LBN,Lebanon,2087,78.63,82.33,74.93,0,trend_extrapolation_from_real_data
LBN,Lebanon,2088,78.64,82.39,74.89,0,trend_extrapolation_from_real_data
LBN,Lebanon,2089,78.65,82.45,74.85,0,trend_extrapolation_from_real_data
LBN,Lebanon,2090,78.66,82.51,74.81,0,trend_extrapolation_from_real_data
LBN,Lebanon,2091,78.68,82.58,74.78,0,trend_extrapolation_from_real_data
LBN,Lebanon,2092,78.69,82.64,74.74,0,trend_extrapolation_from_real_data
LBN,Lebanon,2093,78.7,82.7,74.7,0,trend_extrapolation_from_real_data
LBN,Lebanon,2094,78.71,82.76,74.66,0,trend_extrapolation_from_real_data
LBN,Lebanon,2095,78.73,82.83,74.63,0,trend_extrapolation_from_real_data
LBN,Lebanon,2096,78.74,82.89,74.59,0,trend_extrapolation_from_real_data
LBN,Lebanon,2097,78.75,82.95,74.55,0,trend_extrapolation_from_real_data
LBN,Lebanon,2098,78.77,83.02,74.52,0,trend_extrapolation_from_real_data
LBN,Lebanon,2099,78.78,83.08,74.48,0,trend_extrapolation_from_real_data
LBN,Lebanon,2100,78.79,83.14,74.44,0,trend_extrapolation_from_real_data
LBY,Libya,2024,69.35,69.9,68.8,0,trend_extrapolation_from_real_data
LBY,Libya,2025,69.37,69.97,68.77,0,trend_extrapolation_from_real_data
LBY,Libya,2026,69.38,70.03,68.73,0,trend_extrapolation_from_real_data
LBY,Libya,2027,69.39,70.09,68.69,0,trend_extrapolation_from_real_data
LBY,Libya,2028,69.41,70.16,68.66,0,trend_extrapolation_from_real_data
LBY,Libya,2029,69.42,70.22,68.62,0,trend_extrapolation_from_real_data
LBY,Libya,2030,69.44,70.29,68.59,0,trend_extrapolation_from_real_data
LBY,Libya,2031,69.45,70.35,68.55,0,trend_extrapolation_from_real_data
LBY,Libya,2032,69.46,70.41,68.51,0,trend_extrapolation_from_real_data
LBY,Libya,2033,69.48,70.48,68.48,0,trend_extrapolation_from_real_data
LBY,Libya,2034,69.49,70.54,68.44,0,trend_extrapolation_from_real_data
LBY,Libya,2035,69.51,70.61,68.41,0,trend_extrapolation_from_real_data
LBY,Libya,2036,69.52,70.67,68.37,0,trend_extrapolation_from_real_data
LBY,Libya,2037,69.53,70.73,68.33,0,trend_extrapolation_from_real_data
LBY,Libya,2038,69.55,70.8,68.3,0,trend_extrapolation_from_real_data
LBY,Libya,2039,69.56,70.86,68.26,0,trend_extrapolation_from_real_data
LBY,Libya,2040,69.58,70.93,68.23,0,trend_extrapolation_from_real_data
LBY,Libya,2041,69.59,70.99,68.19,0,trend_extrapolation_from_real_data
LBY,Libya,2042,69.6,71.05,68.15,0,trend_extrapolation_from_real_data
LBY,Libya,2043,69.62,71.12,68.12,0,trend_extrapolation_from_real_data
LBY,Libya,2044,69.63,71.18,68.08,0,trend_extrapolation_from_real_data
LBY,Libya,2045,69.65,71.25,68.05,0,trend_extrapolation_from_real_data
LBY,Libya,2046,69.66,71.31,68.01,0,trend_extrapolation_from_real_data
LBY,Libya,2047,69.67,71.37,67.97,0,trend_extrapolation_from_real_data
LBY,Libya,2048,69.69,71.44,67.94,0,trend_extrapolation_from_real_data
LBY,Libya,2049,69.7,71.5,67.9,0,trend_extrapolation_from_real_data
LBY,Libya,2050,69.72,71.57,67.87,0,trend_extrapolation_from_real_data
LBY,Libya,2051,69.73,71.63,67.83,0,trend_extrapolation_from_real_data
LBY,Libya,2052,69.74,71.69,67.79,0,trend_extrapolation_from_real_data
LBY,Libya,2053,69.76,71.76,67.76,0,trend_extrapolation_from_real_data
LBY,Libya,2054,69.77,71.82,67.72,0,trend_extrapolation_from_real_data
LBY,Libya,2055,69.79,71.89,67.69,0,trend_extrapolation_from_real_data
LBY,Libya,2056,69.8,71.95,67.65,0,trend_extrapolation_from_real_data
LBY,Libya,2057,69.81,72.01,67.61,0,trend_extrapolation_from_real_data
LBY,Libya,2058,69.83,72.08,67.58,0,trend_extrapolation_from_real_data
LBY,Libya,2059,69.84,72.14,67.54,0,trend_extrapolation_from_real_data
LBY,Libya,2060,69.86,72.21,67.51,0,trend_extrapolation_from_real_data
LBY,Libya,2061,69.87,72.27,67.47,0,trend_extrapolation_from_real_data
LBY,Libya,2062,69.88,72.33,67.43,0,trend_extrapolation_from_real_data
LBY,Libya,2063,69.9,72.4,67.4,0,trend_extrapolation_from_real_data
LBY,Libya,2064,69.91,72.46,67.36,0,trend_extrapolation_from_real_data
LBY,Libya,2065,69.93,72.53,67.33,0,trend_extrapolation_from_real_data
LBY,Libya,2066,69.94,72.59,67.29,0,trend_extrapolation_from_real_data
LBY,Libya,2067,69.95,72.65,67.25,0,trend_extrapolation_from_real_data
LBY,Libya,2068,69.97,72.72,67.22,0,trend_extrapolation_from_real_data
LBY,Libya,2069,69.98,72.78,67.18,0,trend_extrapolation_from_real_data
LBY,Libya,2070,70.0,72.85,67.15,0,trend_extrapolation_from_real_data
LBY,Libya,2071,70.01,72.91,67.11,0,trend_extrapolation_from_real_data
LBY,Libya,2072,70.02,72.97,67.07,0,trend_extrapolation_from_real_data
LBY,Libya,2073,70.04,73.04,67.04,0,trend_extrapolation_from_real_data
LBY,Libya,2074,70.05,73.1,67.0,0,trend_extrapolation_from_real_data
LBY,Libya,2075,70.07,73.17,66.97,0,trend_extrapolation_from_real_data
LBY,Libya,2076,70.08,73.23,66.93,0,trend_extrapolation_from_real_data
LBY,Libya,2077,70.09,73.29,66.89,0,trend_extrapolation_from_real_data
LBY,Libya,2078,70.11,73.36,66.86,0,trend_extrapolation_from_real_data
LBY,Libya,2079,70.12,73.42,66.82,0,trend_extrapolation_from_real_data
LBY,Libya,2080,70.14,73.49,66.79,0,trend_extrapolation_from_real_data
LBY,Libya,2081,70.15,73.55,66.75,0,trend_extrapolation_from_real_data
LBY,Libya,2082,70.16,73.61,66.71,0,trend_extrapolation_from_real_data
LBY,Libya,2083,70.18,73.68,66.68,0,trend_extrapolation_from_real_data
LBY,Libya,2084,70.19,73.74,66.64,0,trend_extrapolation_from_real_data
LBY,Libya,2085,70.21,73.81,66.61,0,trend_extrapolation_from_real_data
LBY,Libya,2086,70.22,73.87,66.57,0,trend_extrapolation_from_real_data
LBY,Libya,2087,70.23,73.93,66.53,0,trend_extrapolation_from_real_data
LBY,Libya,2088,70.25,74.0,66.5,0,trend_extrapolation_from_real_data
LBY,Libya,2089,70.26,74.06,66.46,0,trend_extrapolation_from_real_data
LBY,Libya,2090,70.28,74.13,66.43,0,trend_extrapolation_from_real_data
LBY,Libya,2091,70.29,74.19,66.39,0,trend_extrapolation_from_real_data
LBY,Libya,2092,70.3,74.25,66.35,0,trend_extrapolation_from_real_data
LBY,Libya,2093,70.32,74.32,66.32,0,trend_extrapolation_from_real_data
LBY,Libya,2094,70.33,74.38,66.28,0,trend_extrapolation_from_real_data
LBY,Libya,2095,70.35,74.45,66.25,0,trend_extrapolation_from_real_data
LBY,Libya,2096,70.36,74.51,66.21,0,trend_extrapolation_from_real_data
LBY,Libya,2097,70.37,74.57,66.17,0,trend_extrapolation_from_real_data
LBY,Libya,2098,70.39,74.64,66.14,0,trend_extrapolation_from_real_data
LBY,Libya,2099,70.4,74.7,66.1,0,trend_extrapolation_from_real_data
LBY,Libya,2100,70.42,74.77,66.07,0,trend_extrapolation_from_real_data
LTU,Lithuania,2024,77.04,77.59,76.49,0,trend_extrapolation_from_real_data
LTU,Lithuania,2025,77.09,77.69,76.49,0,trend_extrapolation_from_real_data
LTU,Lithuania,2026,77.14,77.79,76.49,0,trend_extrapolation_from_real_data
LTU,Lithuania,2027,77.19,77.89,76.49,0,trend_extrapolation_from_real_data
LTU,Lithuania,2028,77.23,77.98,76.48,0,trend_extrapolation_from_real_data
LTU,Lithuania,2029,77.28,78.08,76.48,0,trend_extrapolation_from_real_data
LTU,Lithuania,2030,77.33,78.18,76.48,0,trend_extrapolation_from_real_data
LTU,Lithuania,2031,77.38,78.28,76.48,0,trend_extrapolation_from_real_data
LTU,Lithuania,2032,77.43,78.38,76.48,0,trend_extrapolation_from_real_data
LTU,Lithuania,2033,77.48,78.48,76.48,0,trend_extrapolation_from_real_data
LTU,Lithuania,2034,77.53,78.58,76.48,0,trend_extrapolation_from_real_data
LTU,Lithuania,2035,77.58,78.68,76.48,0,trend_extrapolation_from_real_data
LTU,Lithuania,2036,77.63,78.78,76.48,0,trend_extrapolation_from_real_data
LTU,Lithuania,2037,77.68,78.88,76.48,0,trend_extrapolation_from_real_data
LTU,Lithuania,2038,77.73,78.98,76.48,0,trend_extrapolation_from_real_data
LTU,Lithuania,2039,77.78,79.08,76.48,0,trend_extrapolation_from_real_data
LTU,Lithuania,2040,77.83,79.18,76.48,0,trend_extrapolation_from_real_data
LTU,Lithuania,2041,77.88,79.28,76.48,0,trend_extrapolation_from_real_data
LTU,Lithuania,2042,77.93,79.38,76.48,0,trend_extrapolation_from_real_data
LTU,Lithuania,2043,77.98,79.48,76.48,0,trend_extrapolation_from_real_data
LTU,Lithuania,2044,78.03,79.58,76.48,0,trend_extrapolation_from_real_data
LTU,Lithuania,2045,78.08,79.68,76.48,0,trend_extrapolation_from_real_data
LTU,Lithuania,2046,78.12,79.77,76.47,0,trend_extrapolation_from_real_data
LTU,Lithuania,2047,78.17,79.87,76.47,0,trend_extrapolation_from_real_data
LTU,Lithuania,2048,78.22,79.97,76.47,0,trend_extrapolation_from_real_data
LTU,Lithuania,2049,78.27,80.07,76.47,0,trend_extrapolation_from_real_data
LTU,Lithuania,2050,78.32,80.17,76.47,0,trend_extrapolation_from_real_data
LTU,Lithuania,2051,78.37,80.27,76.47,0,trend_extrapolation_from_real_data
LTU,Lithuania,2052,78.42,80.37,76.47,0,trend_extrapolation_from_real_data
LTU,Lithuania,2053,78.47,80.47,76.47,0,trend_extrapolation_from_real_data
LTU,Lithuania,2054,78.52,80.57,76.47,0,trend_extrapolation_from_real_data
LTU,Lithuania,2055,78.57,80.67,76.47,0,trend_extrapolation_from_real_data
LTU,Lithuania,2056,78.62,80.77,76.47,0,trend_extrapolation_from_real_data
LTU,Lithuania,2057,78.67,80.87,76.47,0,trend_extrapolation_from_real_data
LTU,Lithuania,2058,78.72,80.97,76.47,0,trend_extrapolation_from_real_data
LTU,Lithuania,2059,78.77,81.07,76.47,0,trend_extrapolation_from_real_data
LTU,Lithuania,2060,78.82,81.17,76.47,0,trend_extrapolation_from_real_data
LTU,Lithuania,2061,78.87,81.27,76.47,0,trend_extrapolation_from_real_data
LTU,Lithuania,2062,78.92,81.37,76.47,0,trend_extrapolation_from_real_data
LTU,Lithuania,2063,78.97,81.47,76.47,0,trend_extrapolation_from_real_data
LTU,Lithuania,2064,79.01,81.56,76.46,0,trend_extrapolation_from_real_data
LTU,Lithuania,2065,79.06,81.66,76.46,0,trend_extrapolation_from_real_data
LTU,Lithuania,2066,79.11,81.76,76.46,0,trend_extrapolation_from_real_data
LTU,Lithuania,2067,79.16,81.86,76.46,0,trend_extrapolation_from_real_data
LTU,Lithuania,2068,79.21,81.96,76.46,0,trend_extrapolation_from_real_data
LTU,Lithuania,2069,79.26,82.06,76.46,0,trend_extrapolation_from_real_data
LTU,Lithuania,2070,79.31,82.16,76.46,0,trend_extrapolation_from_real_data
LTU,Lithuania,2071,79.36,82.26,76.46,0,trend_extrapolation_from_real_data
LTU,Lithuania,2072,79.41,82.36,76.46,0,trend_extrapolation_from_real_data
LTU,Lithuania,2073,79.46,82.46,76.46,0,trend_extrapolation_from_real_data
LTU,Lithuania,2074,79.51,82.56,76.46,0,trend_extrapolation_from_real_data
LTU,Lithuania,2075,79.56,82.66,76.46,0,trend_extrapolation_from_real_data
LTU,Lithuania,2076,79.61,82.76,76.46,0,trend_extrapolation_from_real_data
LTU,Lithuania,2077,79.66,82.86,76.46,0,trend_extrapolation_from_real_data
LTU,Lithuania,2078,79.71,82.96,76.46,0,trend_extrapolation_from_real_data
LTU,Lithuania,2079,79.76,83.06,76.46,0,trend_extrapolation_from_real_data
LTU,Lithuania,2080,79.81,83.16,76.46,0,trend_extrapolation_from_real_data
LTU,Lithuania,2081,79.86,83.26,76.46,0,trend_extrapolation_from_real_data
LTU,Lithuania,2082,79.9,83.35,76.45,0,trend_extrapolation_from_real_data
LTU,Lithuania,2083,79.95,83.45,76.45,0,trend_extrapolation_from_real_data
LTU,Lithuania,2084,80.0,83.55,76.45,0,trend_extrapolation_from_real_data
LTU,Lithuania,2085,80.05,83.65,76.45,0,trend_extrapolation_from_real_data
LTU,Lithuania,2086,80.1,83.75,76.45,0,trend_extrapolation_from_real_data
LTU,Lithuania,2087,80.15,83.85,76.45,0,trend_extrapolation_from_real_data
LTU,Lithuania,2088,80.2,83.95,76.45,0,trend_extrapolation_from_real_data
LTU,Lithuania,2089,80.25,84.05,76.45,0,trend_extrapolation_from_real_data
LTU,Lithuania,2090,80.3,84.15,76.45,0,trend_extrapolation_from_real_data
LTU,Lithuania,2091,80.35,84.25,76.45,0,trend_extrapolation_from_real_data
LTU,Lithuania,2092,80.4,84.35,76.45,0,trend_extrapolation_from_real_data
LTU,Lithuania,2093,80.45,84.45,76.45,0,trend_extrapolation_from_real_data
LTU,Lithuania,2094,80.5,84.55,76.45,0,trend_extrapolation_from_real_data
LTU,Lithuania,2095,80.55,84.65,76.45,0,trend_extrapolation_from_real_data
LTU,Lithuania,2096,80.6,84.75,76.45,0,trend_extrapolation_from_real_data
LTU,Lithuania,2097,80.65,84.85,76.45,0,trend_extrapolation_from_real_data
LTU,Lithuania,2098,80.7,84.95,76.45,0,trend_extrapolation_from_real_data
LTU,Lithuania,2099,80.75,85.05,76.45,0,trend_extrapolation_from_real_data
LTU,Lithuania,2100,80.79,85.14,76.44,0,trend_extrapolation_from_real_data
LUX,Luxembourg,2024,83.39,83.94,82.84,0,trend_extrapolation_from_real_data
LUX,Luxembourg,2025,83.42,84.02,82.82,0,trend_extrapolation_from_real_data
LUX,Luxembourg,2026,83.44,84.09,82.79,0,trend_extrapolation_from_real_data
LUX,Luxembourg,2027,83.47,84.17,82.77,0,trend_extrapolation_from_real_data
LUX,Luxembourg,2028,83.5,84.25,82.75,0,trend_extrapolation_from_real_data
LUX,Luxembourg,2029,83.53,84.33,82.73,0,trend_extrapolation_from_real_data
LUX,Luxembourg,2030,83.56,84.41,82.71,0,trend_extrapolation_from_real_data
LUX,Luxembourg,2031,83.59,84.49,82.69,0,trend_extrapolation_from_real_data
LUX,Luxembourg,2032,83.62,84.57,82.67,0,trend_extrapolation_from_real_data
LUX,Luxembourg,2033,83.64,84.64,82.64,0,trend_extrapolation_from_real_data
LUX,Luxembourg,2034,83.67,84.72,82.62,0,trend_extrapolation_from_real_data
LUX,Luxembourg,2035,83.7,84.8,82.6,0,trend_extrapolation_from_real_data
LUX,Luxembourg,2036,83.73,84.88,82.58,0,trend_extrapolation_from_real_data
LUX,Luxembourg,2037,83.76,84.96,82.56,0,trend_extrapolation_from_real_data
LUX,Luxembourg,2038,83.79,85.04,82.54,0,trend_extrapolation_from_real_data
LUX,Luxembourg,2039,83.82,85.12,82.52,0,trend_extrapolation_from_real_data
LUX,Luxembourg,2040,83.85,85.2,82.5,0,trend_extrapolation_from_real_data
LUX,Luxembourg,2041,83.87,85.27,82.47,0,trend_extrapolation_from_real_data
LUX,Luxembourg,2042,83.9,85.35,82.45,0,trend_extrapolation_from_real_data
LUX,Luxembourg,2043,83.93,85.43,82.43,0,trend_extrapolation_from_real_data
LUX,Luxembourg,2044,83.96,85.51,82.41,0,trend_extrapolation_from_real_data
LUX,Luxembourg,2045,83.99,85.59,82.39,0,trend_extrapolation_from_real_data
LUX,Luxembourg,2046,84.02,85.67,82.37,0,trend_extrapolation_from_real_data
LUX,Luxembourg,2047,84.05,85.75,82.35,0,trend_extrapolation_from_real_data
LUX,Luxembourg,2048,84.07,85.82,82.32,0,trend_extrapolation_from_real_data
LUX,Luxembourg,2049,84.1,85.9,82.3,0,trend_extrapolation_from_real_data
LUX,Luxembourg,2050,84.13,85.98,82.28,0,trend_extrapolation_from_real_data
LUX,Luxembourg,2051,84.16,86.06,82.26,0,trend_extrapolation_from_real_data
LUX,Luxembourg,2052,84.19,86.14,82.24,0,trend_extrapolation_from_real_data
LUX,Luxembourg,2053,84.22,86.22,82.22,0,trend_extrapolation_from_real_data
LUX,Luxembourg,2054,84.25,86.3,82.2,0,trend_extrapolation_from_real_data
LUX,Luxembourg,2055,84.27,86.37,82.17,0,trend_extrapolation_from_real_data
LUX,Luxembourg,2056,84.3,86.45,82.15,0,trend_extrapolation_from_real_data
LUX,Luxembourg,2057,84.33,86.53,82.13,0,trend_extrapolation_from_real_data
LUX,Luxembourg,2058,84.36,86.61,82.11,0,trend_extrapolation_from_real_data
LUX,Luxembourg,2059,84.39,86.69,82.09,0,trend_extrapolation_from_real_data
LUX,Luxembourg,2060,84.42,86.77,82.07,0,trend_extrapolation_from_real_data
LUX,Luxembourg,2061,84.45,86.85,82.05,0,trend_extrapolation_from_real_data
LUX,Luxembourg,2062,84.47,86.92,82.02,0,trend_extrapolation_from_real_data
LUX,Luxembourg,2063,84.5,87.0,82.0,0,trend_extrapolation_from_real_data
LUX,Luxembourg,2064,84.53,87.08,81.98,0,trend_extrapolation_from_real_data
LUX,Luxembourg,2065,84.56,87.16,81.96,0,trend_extrapolation_from_real_data
LUX,Luxembourg,2066,84.59,87.24,81.94,0,trend_extrapolation_from_real_data
LUX,Luxembourg,2067,84.62,87.32,81.92,0,trend_extrapolation_from_real_data
LUX,Luxembourg,2068,84.65,87.4,81.9,0,trend_extrapolation_from_real_data
LUX,Luxembourg,2069,84.67,87.47,81.87,0,trend_extrapolation_from_real_data
LUX,Luxembourg,2070,84.7,87.55,81.85,0,trend_extrapolation_from_real_data
LUX,Luxembourg,2071,84.73,87.63,81.83,0,trend_extrapolation_from_real_data
LUX,Luxembourg,2072,84.76,87.71,81.81,0,trend_extrapolation_from_real_data
LUX,Luxembourg,2073,84.79,87.79,81.79,0,trend_extrapolation_from_real_data
LUX,Luxembourg,2074,84.82,87.87,81.77,0,trend_extrapolation_from_real_data
LUX,Luxembourg,2075,84.85,87.95,81.75,0,trend_extrapolation_from_real_data
LUX,Luxembourg,2076,84.88,88.03,81.73,0,trend_extrapolation_from_real_data
LUX,Luxembourg,2077,84.9,88.1,81.7,0,trend_extrapolation_from_real_data
LUX,Luxembourg,2078,84.93,88.18,81.68,0,trend_extrapolation_from_real_data
LUX,Luxembourg,2079,84.96,88.26,81.66,0,trend_extrapolation_from_real_data
LUX,Luxembourg,2080,84.99,88.34,81.64,0,trend_extrapolation_from_real_data
LUX,Luxembourg,2081,85.02,88.42,81.62,0,trend_extrapolation_from_real_data
LUX,Luxembourg,2082,85.05,88.5,81.6,0,trend_extrapolation_from_real_data
LUX,Luxembourg,2083,85.08,88.58,81.58,0,trend_extrapolation_from_real_data
LUX,Luxembourg,2084,85.1,88.65,81.55,0,trend_extrapolation_from_real_data
LUX,Luxembourg,2085,85.13,88.73,81.53,0,trend_extrapolation_from_real_data
LUX,Luxembourg,2086,85.16,88.81,81.51,0,trend_extrapolation_from_real_data
LUX,Luxembourg,2087,85.19,88.89,81.49,0,trend_extrapolation_from_real_data
LUX,Luxembourg,2088,85.22,88.97,81.47,0,trend_extrapolation_from_real_data
LUX,Luxembourg,2089,85.25,89.05,81.45,0,trend_extrapolation_from_real_data
LUX,Luxembourg,2090,85.28,89.13,81.43,0,trend_extrapolation_from_real_data
LUX,Luxembourg,2091,85.3,89.2,81.4,0,trend_extrapolation_from_real_data
LUX,Luxembourg,2092,85.33,89.28,81.38,0,trend_extrapolation_from_real_data
LUX,Luxembourg,2093,85.36,89.36,81.36,0,trend_extrapolation_from_real_data
LUX,Luxembourg,2094,85.39,89.44,81.34,0,trend_extrapolation_from_real_data
LUX,Luxembourg,2095,85.42,89.52,81.32,0,trend_extrapolation_from_real_data
LUX,Luxembourg,2096,85.45,89.6,81.3,0,trend_extrapolation_from_real_data
LUX,Luxembourg,2097,85.48,89.68,81.28,0,trend_extrapolation_from_real_data
LUX,Luxembourg,2098,85.5,89.75,81.25,0,trend_extrapolation_from_real_data
LUX,Luxembourg,2099,85.53,89.83,81.23,0,trend_extrapolation_from_real_data
LUX,Luxembourg,2100,85.56,89.91,81.21,0,trend_extrapolation_from_real_data
LVA,Latvia,2024,75.72,76.27,75.17,0,trend_extrapolation_from_real_data
LVA,Latvia,2025,75.76,76.36,75.16,0,trend_extrapolation_from_real_data
LVA,Latvia,2026,75.8,76.45,75.15,0,trend_extrapolation_from_real_data
LVA,Latvia,2027,75.84,76.54,75.14,0,trend_extrapolation_from_real_data
LVA,Latvia,2028,75.89,76.64,75.14,0,trend_extrapolation_from_real_data
LVA,Latvia,2029,75.93,76.73,75.13,0,trend_extrapolation_from_real_data
LVA,Latvia,2030,75.97,76.82,75.12,0,trend_extrapolation_from_real_data
LVA,Latvia,2031,76.01,76.91,75.11,0,trend_extrapolation_from_real_data
LVA,Latvia,2032,76.05,77.0,75.1,0,trend_extrapolation_from_real_data
LVA,Latvia,2033,76.09,77.09,75.09,0,trend_extrapolation_from_real_data
LVA,Latvia,2034,76.14,77.19,75.09,0,trend_extrapolation_from_real_data
LVA,Latvia,2035,76.18,77.28,75.08,0,trend_extrapolation_from_real_data
LVA,Latvia,2036,76.22,77.37,75.07,0,trend_extrapolation_from_real_data
LVA,Latvia,2037,76.26,77.46,75.06,0,trend_extrapolation_from_real_data
LVA,Latvia,2038,76.3,77.55,75.05,0,trend_extrapolation_from_real_data
LVA,Latvia,2039,76.34,77.64,75.04,0,trend_extrapolation_from_real_data
LVA,Latvia,2040,76.38,77.73,75.03,0,trend_extrapolation_from_real_data
LVA,Latvia,2041,76.43,77.83,75.03,0,trend_extrapolation_from_real_data
LVA,Latvia,2042,76.47,77.92,75.02,0,trend_extrapolation_from_real_data
LVA,Latvia,2043,76.51,78.01,75.01,0,trend_extrapolation_from_real_data
LVA,Latvia,2044,76.55,78.1,75.0,0,trend_extrapolation_from_real_data
LVA,Latvia,2045,76.59,78.19,74.99,0,trend_extrapolation_from_real_data
LVA,Latvia,2046,76.63,78.28,74.98,0,trend_extrapolation_from_real_data
LVA,Latvia,2047,76.68,78.38,74.98,0,trend_extrapolation_from_real_data
LVA,Latvia,2048,76.72,78.47,74.97,0,trend_extrapolation_from_real_data
LVA,Latvia,2049,76.76,78.56,74.96,0,trend_extrapolation_from_real_data
LVA,Latvia,2050,76.8,78.65,74.95,0,trend_extrapolation_from_real_data
LVA,Latvia,2051,76.84,78.74,74.94,0,trend_extrapolation_from_real_data
LVA,Latvia,2052,76.88,78.83,74.93,0,trend_extrapolation_from_real_data
LVA,Latvia,2053,76.92,78.92,74.92,0,trend_extrapolation_from_real_data
LVA,Latvia,2054,76.97,79.02,74.92,0,trend_extrapolation_from_real_data
LVA,Latvia,2055,77.01,79.11,74.91,0,trend_extrapolation_from_real_data
LVA,Latvia,2056,77.05,79.2,74.9,0,trend_extrapolation_from_real_data
LVA,Latvia,2057,77.09,79.29,74.89,0,trend_extrapolation_from_real_data
LVA,Latvia,2058,77.13,79.38,74.88,0,trend_extrapolation_from_real_data
LVA,Latvia,2059,77.17,79.47,74.87,0,trend_extrapolation_from_real_data
LVA,Latvia,2060,77.22,79.57,74.87,0,trend_extrapolation_from_real_data
LVA,Latvia,2061,77.26,79.66,74.86,0,trend_extrapolation_from_real_data
LVA,Latvia,2062,77.3,79.75,74.85,0,trend_extrapolation_from_real_data
LVA,Latvia,2063,77.34,79.84,74.84,0,trend_extrapolation_from_real_data
LVA,Latvia,2064,77.38,79.93,74.83,0,trend_extrapolation_from_real_data
LVA,Latvia,2065,77.42,80.02,74.82,0,trend_extrapolation_from_real_data
LVA,Latvia,2066,77.46,80.11,74.81,0,trend_extrapolation_from_real_data
LVA,Latvia,2067,77.51,80.21,74.81,0,trend_extrapolation_from_real_data
LVA,Latvia,2068,77.55,80.3,74.8,0,trend_extrapolation_from_real_data
LVA,Latvia,2069,77.59,80.39,74.79,0,trend_extrapolation_from_real_data
LVA,Latvia,2070,77.63,80.48,74.78,0,trend_extrapolation_from_real_data
LVA,Latvia,2071,77.67,80.57,74.77,0,trend_extrapolation_from_real_data
LVA,Latvia,2072,77.71,80.66,74.76,0,trend_extrapolation_from_real_data
LVA,Latvia,2073,77.76,80.76,74.76,0,trend_extrapolation_from_real_data
LVA,Latvia,2074,77.8,80.85,74.75,0,trend_extrapolation_from_real_data
LVA,Latvia,2075,77.84,80.94,74.74,0,trend_extrapolation_from_real_data
LVA,Latvia,2076,77.88,81.03,74.73,0,trend_extrapolation_from_real_data
LVA,Latvia,2077,77.92,81.12,74.72,0,trend_extrapolation_from_real_data
LVA,Latvia,2078,77.96,81.21,74.71,0,trend_extrapolation_from_real_data
LVA,Latvia,2079,78.0,81.3,74.7,0,trend_extrapolation_from_real_data
LVA,Latvia,2080,78.05,81.4,74.7,0,trend_extrapolation_from_real_data
LVA,Latvia,2081,78.09,81.49,74.69,0,trend_extrapolation_from_real_data
LVA,Latvia,2082,78.13,81.58,74.68,0,trend_extrapolation_from_real_data
LVA,Latvia,2083,78.17,81.67,74.67,0,trend_extrapolation_from_real_data
LVA,Latvia,2084,78.21,81.76,74.66,0,trend_extrapolation_from_real_data
LVA,Latvia,2085,78.25,81.85,74.65,0,trend_extrapolation_from_real_data
LVA,Latvia,2086,78.3,81.95,74.65,0,trend_extrapolation_from_real_data
LVA,Latvia,2087,78.34,82.04,74.64,0,trend_extrapolation_from_real_data
LVA,Latvia,2088,78.38,82.13,74.63,0,trend_extrapolation_from_real_data
LVA,Latvia,2089,78.42,82.22,74.62,0,trend_extrapolation_from_real_data
LVA,Latvia,2090,78.46,82.31,74.61,0,trend_extrapolation_from_real_data
LVA,Latvia,2091,78.5,82.4,74.6,0,trend_extrapolation_from_real_data
LVA,Latvia,2092,78.54,82.49,74.59,0,trend_extrapolation_from_real_data
LVA,Latvia,2093,78.59,82.59,74.59,0,trend_extrapolation_from_real_data
LVA,Latvia,2094,78.63,82.68,74.58,0,trend_extrapolation_from_real_data
LVA,Latvia,2095,78.67,82.77,74.57,0,trend_extrapolation_from_real_data
LVA,Latvia,2096,78.71,82.86,74.56,0,trend_extrapolation_from_real_data
LVA,Latvia,2097,78.75,82.95,74.55,0,trend_extrapolation_from_real_data
LVA,Latvia,2098,78.79,83.04,74.54,0,trend_extrapolation_from_real_data
LVA,Latvia,2099,78.84,83.14,74.54,0,trend_extrapolation_from_real_data
LVA,Latvia,2100,78.88,83.23,74.53,0,trend_extrapolation_from_real_data
MAR,Morocco,2024,75.39,75.94,74.84,0,trend_extrapolation_from_real_data
MAR,Morocco,2025,75.46,76.06,74.86,0,trend_extrapolation_from_real_data
MAR,Morocco,2026,75.53,76.18,74.88,0,trend_extrapolation_from_real_data
MAR,Morocco,2027,75.61,76.31,74.91,0,trend_extrapolation_from_real_data
MAR,Morocco,2028,75.68,76.43,74.93,0,trend_extrapolation_from_real_data
MAR,Morocco,2029,75.75,76.55,74.95,0,trend_extrapolation_from_real_data
MAR,Morocco,2030,75.82,76.67,74.97,0,trend_extrapolation_from_real_data
MAR,Morocco,2031,75.9,76.8,75.0,0,trend_extrapolation_from_real_data
MAR,Morocco,2032,75.97,76.92,75.02,0,trend_extrapolation_from_real_data
MAR,Morocco,2033,76.04,77.04,75.04,0,trend_extrapolation_from_real_data
MAR,Morocco,2034,76.12,77.17,75.07,0,trend_extrapolation_from_real_data
MAR,Morocco,2035,76.19,77.29,75.09,0,trend_extrapolation_from_real_data
MAR,Morocco,2036,76.26,77.41,75.11,0,trend_extrapolation_from_real_data
MAR,Morocco,2037,76.34,77.54,75.14,0,trend_extrapolation_from_real_data
MAR,Morocco,2038,76.41,77.66,75.16,0,trend_extrapolation_from_real_data
MAR,Morocco,2039,76.48,77.78,75.18,0,trend_extrapolation_from_real_data
MAR,Morocco,2040,76.56,77.91,75.21,0,trend_extrapolation_from_real_data
MAR,Morocco,2041,76.63,78.03,75.23,0,trend_extrapolation_from_real_data
MAR,Morocco,2042,76.7,78.15,75.25,0,trend_extrapolation_from_real_data
MAR,Morocco,2043,76.78,78.28,75.28,0,trend_extrapolation_from_real_data
MAR,Morocco,2044,76.85,78.4,75.3,0,trend_extrapolation_from_real_data
MAR,Morocco,2045,76.92,78.52,75.32,0,trend_extrapolation_from_real_data
MAR,Morocco,2046,76.99,78.64,75.34,0,trend_extrapolation_from_real_data
MAR,Morocco,2047,77.07,78.77,75.37,0,trend_extrapolation_from_real_data
MAR,Morocco,2048,77.14,78.89,75.39,0,trend_extrapolation_from_real_data
MAR,Morocco,2049,77.21,79.01,75.41,0,trend_extrapolation_from_real_data
MAR,Morocco,2050,77.29,79.14,75.44,0,trend_extrapolation_from_real_data
MAR,Morocco,2051,77.36,79.26,75.46,0,trend_extrapolation_from_real_data
MAR,Morocco,2052,77.43,79.38,75.48,0,trend_extrapolation_from_real_data
MAR,Morocco,2053,77.51,79.51,75.51,0,trend_extrapolation_from_real_data
MAR,Morocco,2054,77.58,79.63,75.53,0,trend_extrapolation_from_real_data
MAR,Morocco,2055,77.65,79.75,75.55,0,trend_extrapolation_from_real_data
MAR,Morocco,2056,77.73,79.88,75.58,0,trend_extrapolation_from_real_data
MAR,Morocco,2057,77.8,80.0,75.6,0,trend_extrapolation_from_real_data
MAR,Morocco,2058,77.87,80.12,75.62,0,trend_extrapolation_from_real_data
MAR,Morocco,2059,77.94,80.24,75.64,0,trend_extrapolation_from_real_data
MAR,Morocco,2060,78.02,80.37,75.67,0,trend_extrapolation_from_real_data
MAR,Morocco,2061,78.09,80.49,75.69,0,trend_extrapolation_from_real_data
MAR,Morocco,2062,78.16,80.61,75.71,0,trend_extrapolation_from_real_data
MAR,Morocco,2063,78.24,80.74,75.74,0,trend_extrapolation_from_real_data
MAR,Morocco,2064,78.31,80.86,75.76,0,trend_extrapolation_from_real_data
MAR,Morocco,2065,78.38,80.98,75.78,0,trend_extrapolation_from_real_data
MAR,Morocco,2066,78.46,81.11,75.81,0,trend_extrapolation_from_real_data
MAR,Morocco,2067,78.53,81.23,75.83,0,trend_extrapolation_from_real_data
MAR,Morocco,2068,78.6,81.35,75.85,0,trend_extrapolation_from_real_data
MAR,Morocco,2069,78.68,81.48,75.88,0,trend_extrapolation_from_real_data
MAR,Morocco,2070,78.75,81.6,75.9,0,trend_extrapolation_from_real_data
MAR,Morocco,2071,78.82,81.72,75.92,0,trend_extrapolation_from_real_data
MAR,Morocco,2072,78.9,81.85,75.95,0,trend_extrapolation_from_real_data
MAR,Morocco,2073,78.97,81.97,75.97,0,trend_extrapolation_from_real_data
MAR,Morocco,2074,79.04,82.09,75.99,0,trend_extrapolation_from_real_data
MAR,Morocco,2075,79.11,82.21,76.01,0,trend_extrapolation_from_real_data
MAR,Morocco,2076,79.19,82.34,76.04,0,trend_extrapolation_from_real_data
MAR,Morocco,2077,79.26,82.46,76.06,0,trend_extrapolation_from_real_data
MAR,Morocco,2078,79.33,82.58,76.08,0,trend_extrapolation_from_real_data
MAR,Morocco,2079,79.41,82.71,76.11,0,trend_extrapolation_from_real_data
MAR,Morocco,2080,79.48,82.83,76.13,0,trend_extrapolation_from_real_data
MAR,Morocco,2081,79.55,82.95,76.15,0,trend_extrapolation_from_real_data
MAR,Morocco,2082,79.63,83.08,76.18,0,trend_extrapolation_from_real_data
MAR,Morocco,2083,79.7,83.2,76.2,0,trend_extrapolation_from_real_data
MAR,Morocco,2084,79.77,83.32,76.22,0,trend_extrapolation_from_real_data
MAR,Morocco,2085,79.85,83.45,76.25,0,trend_extrapolation_from_real_data
MAR,Morocco,2086,79.92,83.57,76.27,0,trend_extrapolation_from_real_data
MAR,Morocco,2087,79.99,83.69,76.29,0,trend_extrapolation_from_real_data
MAR,Morocco,2088,80.07,83.82,76.32,0,trend_extrapolation_from_real_data
MAR,Morocco,2089,80.14,83.94,76.34,0,trend_extrapolation_from_real_data
MAR,Morocco,2090,80.21,84.06,76.36,0,trend_extrapolation_from_real_data
MAR,Morocco,2091,80.28,84.18,76.38,0,trend_extrapolation_from_real_data
MAR,Morocco,2092,80.36,84.31,76.41,0,trend_extrapolation_from_real_data
MAR,Morocco,2093,80.43,84.43,76.43,0,trend_extrapolation_from_real_data
MAR,Morocco,2094,80.5,84.55,76.45,0,trend_extrapolation_from_real_data
MAR,Morocco,2095,80.58,84.68,76.48,0,trend_extrapolation_from_real_data
MAR,Morocco,2096,80.65,84.8,76.5,0,trend_extrapolation_from_real_data
MAR,Morocco,2097,80.72,84.92,76.52,0,trend_extrapolation_from_real_data
MAR,Morocco,2098,80.8,85.05,76.55,0,trend_extrapolation_from_real_data
MAR,Morocco,2099,80.87,85.17,76.57,0,trend_extrapolation_from_real_data
MAR,Morocco,2100,80.94,85.29,76.59,0,trend_extrapolation_from_real_data
MDG,Madagascar,2024,63.68,64.23,63.13,0,trend_extrapolation_from_real_data
MDG,Madagascar,2025,63.73,64.33,63.13,0,trend_extrapolation_from_real_data
MDG,Madagascar,2026,63.78,64.43,63.13,0,trend_extrapolation_from_real_data
MDG,Madagascar,2027,63.84,64.54,63.14,0,trend_extrapolation_from_real_data
MDG,Madagascar,2028,63.89,64.64,63.14,0,trend_extrapolation_from_real_data
MDG,Madagascar,2029,63.94,64.74,63.14,0,trend_extrapolation_from_real_data
MDG,Madagascar,2030,63.99,64.84,63.14,0,trend_extrapolation_from_real_data
MDG,Madagascar,2031,64.04,64.94,63.14,0,trend_extrapolation_from_real_data
MDG,Madagascar,2032,64.09,65.04,63.14,0,trend_extrapolation_from_real_data
MDG,Madagascar,2033,64.14,65.14,63.14,0,trend_extrapolation_from_real_data
MDG,Madagascar,2034,64.19,65.24,63.14,0,trend_extrapolation_from_real_data
MDG,Madagascar,2035,64.24,65.34,63.14,0,trend_extrapolation_from_real_data
MDG,Madagascar,2036,64.29,65.44,63.14,0,trend_extrapolation_from_real_data
MDG,Madagascar,2037,64.35,65.55,63.15,0,trend_extrapolation_from_real_data
MDG,Madagascar,2038,64.4,65.65,63.15,0,trend_extrapolation_from_real_data
MDG,Madagascar,2039,64.45,65.75,63.15,0,trend_extrapolation_from_real_data
MDG,Madagascar,2040,64.5,65.85,63.15,0,trend_extrapolation_from_real_data
MDG,Madagascar,2041,64.55,65.95,63.15,0,trend_extrapolation_from_real_data
MDG,Madagascar,2042,64.6,66.05,63.15,0,trend_extrapolation_from_real_data
MDG,Madagascar,2043,64.65,66.15,63.15,0,trend_extrapolation_from_real_data
MDG,Madagascar,2044,64.7,66.25,63.15,0,trend_extrapolation_from_real_data
MDG,Madagascar,2045,64.75,66.35,63.15,0,trend_extrapolation_from_real_data
MDG,Madagascar,2046,64.8,66.45,63.15,0,trend_extrapolation_from_real_data
MDG,Madagascar,2047,64.86,66.56,63.16,0,trend_extrapolation_from_real_data
MDG,Madagascar,2048,64.91,66.66,63.16,0,trend_extrapolation_from_real_data
MDG,Madagascar,2049,64.96,66.76,63.16,0,trend_extrapolation_from_real_data
MDG,Madagascar,2050,65.01,66.86,63.16,0,trend_extrapolation_from_real_data
MDG,Madagascar,2051,65.06,66.96,63.16,0,trend_extrapolation_from_real_data
MDG,Madagascar,2052,65.11,67.06,63.16,0,trend_extrapolation_from_real_data
MDG,Madagascar,2053,65.16,67.16,63.16,0,trend_extrapolation_from_real_data
MDG,Madagascar,2054,65.21,67.26,63.16,0,trend_extrapolation_from_real_data
MDG,Madagascar,2055,65.26,67.36,63.16,0,trend_extrapolation_from_real_data
MDG,Madagascar,2056,65.31,67.46,63.16,0,trend_extrapolation_from_real_data
MDG,Madagascar,2057,65.37,67.57,63.17,0,trend_extrapolation_from_real_data
MDG,Madagascar,2058,65.42,67.67,63.17,0,trend_extrapolation_from_real_data
MDG,Madagascar,2059,65.47,67.77,63.17,0,trend_extrapolation_from_real_data
MDG,Madagascar,2060,65.52,67.87,63.17,0,trend_extrapolation_from_real_data
MDG,Madagascar,2061,65.57,67.97,63.17,0,trend_extrapolation_from_real_data
MDG,Madagascar,2062,65.62,68.07,63.17,0,trend_extrapolation_from_real_data
MDG,Madagascar,2063,65.67,68.17,63.17,0,trend_extrapolation_from_real_data
MDG,Madagascar,2064,65.72,68.27,63.17,0,trend_extrapolation_from_real_data
MDG,Madagascar,2065,65.77,68.37,63.17,0,trend_extrapolation_from_real_data
MDG,Madagascar,2066,65.82,68.47,63.17,0,trend_extrapolation_from_real_data
MDG,Madagascar,2067,65.87,68.57,63.17,0,trend_extrapolation_from_real_data
MDG,Madagascar,2068,65.93,68.68,63.18,0,trend_extrapolation_from_real_data
MDG,Madagascar,2069,65.98,68.78,63.18,0,trend_extrapolation_from_real_data
MDG,Madagascar,2070,66.03,68.88,63.18,0,trend_extrapolation_from_real_data
MDG,Madagascar,2071,66.08,68.98,63.18,0,trend_extrapolation_from_real_data
MDG,Madagascar,2072,66.13,69.08,63.18,0,trend_extrapolation_from_real_data
MDG,Madagascar,2073,66.18,69.18,63.18,0,trend_extrapolation_from_real_data
MDG,Madagascar,2074,66.23,69.28,63.18,0,trend_extrapolation_from_real_data
MDG,Madagascar,2075,66.28,69.38,63.18,0,trend_extrapolation_from_real_data
MDG,Madagascar,2076,66.33,69.48,63.18,0,trend_extrapolation_from_real_data
MDG,Madagascar,2077,66.38,69.58,63.18,0,trend_extrapolation_from_real_data
MDG,Madagascar,2078,66.44,69.69,63.19,0,trend_extrapolation_from_real_data
MDG,Madagascar,2079,66.49,69.79,63.19,0,trend_extrapolation_from_real_data
MDG,Madagascar,2080,66.54,69.89,63.19,0,trend_extrapolation_from_real_data
MDG,Madagascar,2081,66.59,69.99,63.19,0,trend_extrapolation_from_real_data
MDG,Madagascar,2082,66.64,70.09,63.19,0,trend_extrapolation_from_real_data
MDG,Madagascar,2083,66.69,70.19,63.19,0,trend_extrapolation_from_real_data
MDG,Madagascar,2084,66.74,70.29,63.19,0,trend_extrapolation_from_real_data
MDG,Madagascar,2085,66.79,70.39,63.19,0,trend_extrapolation_from_real_data
MDG,Madagascar,2086,66.84,70.49,63.19,0,trend_extrapolation_from_real_data
MDG,Madagascar,2087,66.89,70.59,63.19,0,trend_extrapolation_from_real_data
MDG,Madagascar,2088,66.95,70.7,63.2,0,trend_extrapolation_from_real_data
MDG,Madagascar,2089,67.0,70.8,63.2,0,trend_extrapolation_from_real_data
MDG,Madagascar,2090,67.05,70.9,63.2,0,trend_extrapolation_from_real_data
MDG,Madagascar,2091,67.1,71.0,63.2,0,trend_extrapolation_from_real_data
MDG,Madagascar,2092,67.15,71.1,63.2,0,trend_extrapolation_from_real_data
MDG,Madagascar,2093,67.2,71.2,63.2,0,trend_extrapolation_from_real_data
MDG,Madagascar,2094,67.25,71.3,63.2,0,trend_extrapolation_from_real_data
MDG,Madagascar,2095,67.3,71.4,63.2,0,trend_extrapolation_from_real_data
MDG,Madagascar,2096,67.35,71.5,63.2,0,trend_extrapolation_from_real_data
MDG,Madagascar,2097,67.4,71.6,63.2,0,trend_extrapolation_from_real_data
MDG,Madagascar,2098,67.45,71.7,63.2,0,trend_extrapolation_from_real_data
MDG,Madagascar,2099,67.51,71.81,63.21,0,trend_extrapolation_from_real_data
MDG,Madagascar,2100,67.56,71.91,63.21,0,trend_extrapolation_from_real_data
MEX,Mexico,2024,75.06,75.61,74.51,0,trend_extrapolation_from_real_data
MEX,Mexico,2025,75.06,75.66,74.46,0,trend_extrapolation_from_real_data
MEX,Mexico,2026,75.05,75.7,74.4,0,trend_extrapolation_from_real_data
MEX,Mexico,2027,75.05,75.75,74.35,0,trend_extrapolation_from_real_data
MEX,Mexico,2028,75.04,75.79,74.29,0,trend_extrapolation_from_real_data
MEX,Mexico,2029,75.04,75.84,74.24,0,trend_extrapolation_from_real_data
MEX,Mexico,2030,75.03,75.88,74.18,0,trend_extrapolation_from_real_data
MEX,Mexico,2031,75.03,75.93,74.13,0,trend_extrapolation_from_real_data
MEX,Mexico,2032,75.02,75.97,74.07,0,trend_extrapolation_from_real_data
MEX,Mexico,2033,75.02,76.02,74.02,0,trend_extrapolation_from_real_data
MEX,Mexico,2034,75.01,76.06,73.96,0,trend_extrapolation_from_real_data
MEX,Mexico,2035,75.01,76.11,73.91,0,trend_extrapolation_from_real_data
MEX,Mexico,2036,75.0,76.15,73.85,0,trend_extrapolation_from_real_data
MEX,Mexico,2037,75.0,76.2,73.8,0,trend_extrapolation_from_real_data
MEX,Mexico,2038,74.99,76.24,73.74,0,trend_extrapolation_from_real_data
MEX,Mexico,2039,74.99,76.29,73.69,0,trend_extrapolation_from_real_data
MEX,Mexico,2040,74.98,76.33,73.63,0,trend_extrapolation_from_real_data
MEX,Mexico,2041,74.98,76.38,73.58,0,trend_extrapolation_from_real_data
MEX,Mexico,2042,74.97,76.42,73.52,0,trend_extrapolation_from_real_data
MEX,Mexico,2043,74.97,76.47,73.47,0,trend_extrapolation_from_real_data
MEX,Mexico,2044,74.96,76.51,73.41,0,trend_extrapolation_from_real_data
MEX,Mexico,2045,74.96,76.56,73.36,0,trend_extrapolation_from_real_data
MEX,Mexico,2046,74.95,76.6,73.3,0,trend_extrapolation_from_real_data
MEX,Mexico,2047,74.95,76.65,73.25,0,trend_extrapolation_from_real_data
MEX,Mexico,2048,74.94,76.69,73.19,0,trend_extrapolation_from_real_data
MEX,Mexico,2049,74.94,76.74,73.14,0,trend_extrapolation_from_real_data
MEX,Mexico,2050,74.93,76.78,73.08,0,trend_extrapolation_from_real_data
MEX,Mexico,2051,74.93,76.83,73.03,0,trend_extrapolation_from_real_data
MEX,Mexico,2052,74.92,76.87,72.97,0,trend_extrapolation_from_real_data
MEX,Mexico,2053,74.92,76.92,72.92,0,trend_extrapolation_from_real_data
MEX,Mexico,2054,74.91,76.96,72.86,0,trend_extrapolation_from_real_data
MEX,Mexico,2055,74.91,77.01,72.81,0,trend_extrapolation_from_real_data
MEX,Mexico,2056,74.9,77.05,72.75,0,trend_extrapolation_from_real_data
MEX,Mexico,2057,74.9,77.1,72.7,0,trend_extrapolation_from_real_data
MEX,Mexico,2058,74.89,77.14,72.64,0,trend_extrapolation_from_real_data
MEX,Mexico,2059,74.89,77.19,72.59,0,trend_extrapolation_from_real_data
MEX,Mexico,2060,74.88,77.23,72.53,0,trend_extrapolation_from_real_data
MEX,Mexico,2061,74.88,77.28,72.48,0,trend_extrapolation_from_real_data
MEX,Mexico,2062,74.87,77.32,72.42,0,trend_extrapolation_from_real_data
MEX,Mexico,2063,74.87,77.37,72.37,0,trend_extrapolation_from_real_data
MEX,Mexico,2064,74.86,77.41,72.31,0,trend_extrapolation_from_real_data
MEX,Mexico,2065,74.86,77.46,72.26,0,trend_extrapolation_from_real_data
MEX,Mexico,2066,74.85,77.5,72.2,0,trend_extrapolation_from_real_data
MEX,Mexico,2067,74.85,77.55,72.15,0,trend_extrapolation_from_real_data
MEX,Mexico,2068,74.84,77.59,72.09,0,trend_extrapolation_from_real_data
MEX,Mexico,2069,74.84,77.64,72.04,0,trend_extrapolation_from_real_data
MEX,Mexico,2070,74.83,77.68,71.98,0,trend_extrapolation_from_real_data
MEX,Mexico,2071,74.83,77.73,71.93,0,trend_extrapolation_from_real_data
MEX,Mexico,2072,74.82,77.77,71.87,0,trend_extrapolation_from_real_data
MEX,Mexico,2073,74.82,77.82,71.82,0,trend_extrapolation_from_real_data
MEX,Mexico,2074,74.81,77.86,71.76,0,trend_extrapolation_from_real_data
MEX,Mexico,2075,74.81,77.91,71.71,0,trend_extrapolation_from_real_data
MEX,Mexico,2076,74.8,77.95,71.65,0,trend_extrapolation_from_real_data
MEX,Mexico,2077,74.8,78.0,71.6,0,trend_extrapolation_from_real_data
MEX,Mexico,2078,74.79,78.04,71.54,0,trend_extrapolation_from_real_data
MEX,Mexico,2079,74.79,78.09,71.49,0,trend_extrapolation_from_real_data
MEX,Mexico,2080,74.78,78.13,71.43,0,trend_extrapolation_from_real_data
MEX,Mexico,2081,74.78,78.18,71.38,0,trend_extrapolation_from_real_data
MEX,Mexico,2082,74.77,78.22,71.32,0,trend_extrapolation_from_real_data
MEX,Mexico,2083,74.77,78.27,71.27,0,trend_extrapolation_from_real_data
MEX,Mexico,2084,74.76,78.31,71.21,0,trend_extrapolation_from_real_data
MEX,Mexico,2085,74.76,78.36,71.16,0,trend_extrapolation_from_real_data
MEX,Mexico,2086,74.75,78.4,71.1,0,trend_extrapolation_from_real_data
MEX,Mexico,2087,74.75,78.45,71.05,0,trend_extrapolation_from_real_data
MEX,Mexico,2088,74.74,78.49,70.99,0,trend_extrapolation_from_real_data
MEX,Mexico,2089,74.74,78.54,70.94,0,trend_extrapolation_from_real_data
MEX,Mexico,2090,74.73,78.58,70.88,0,trend_extrapolation_from_real_data
MEX,Mexico,2091,74.73,78.63,70.83,0,trend_extrapolation_from_real_data
MEX,Mexico,2092,74.72,78.67,70.77,0,trend_extrapolation_from_real_data
MEX,Mexico,2093,74.72,78.72,70.72,0,trend_extrapolation_from_real_data
MEX,Mexico,2094,74.71,78.76,70.66,0,trend_extrapolation_from_real_data
MEX,Mexico,2095,74.71,78.81,70.61,0,trend_extrapolation_from_real_data
MEX,Mexico,2096,74.7,78.85,70.55,0,trend_extrapolation_from_real_data
MEX,Mexico,2097,74.7,78.9,70.5,0,trend_extrapolation_from_real_data
MEX,Mexico,2098,74.69,78.94,70.44,0,trend_extrapolation_from_real_data
MEX,Mexico,2099,74.69,78.99,70.39,0,trend_extrapolation_from_real_data
MEX,Mexico,2100,74.68,79.03,70.33,0,trend_extrapolation_from_real_data
MKD,North Macedonia,2024,75.33,75.88,74.78,0,trend_extrapolation_from_real_data
MKD,North Macedonia,2025,75.35,75.95,74.75,0,trend_extrapolation_from_real_data
MKD,North Macedonia,2026,75.37,76.02,74.72,0,trend_extrapolation_from_real_data
MKD,North Macedonia,2027,75.39,76.09,74.69,0,trend_extrapolation_from_real_data
MKD,North Macedonia,2028,75.4,76.15,74.65,0,trend_extrapolation_from_real_data
MKD,North Macedonia,2029,75.42,76.22,74.62,0,trend_extrapolation_from_real_data
MKD,North Macedonia,2030,75.44,76.29,74.59,0,trend_extrapolation_from_real_data
MKD,North Macedonia,2031,75.46,76.36,74.56,0,trend_extrapolation_from_real_data
MKD,North Macedonia,2032,75.47,76.42,74.52,0,trend_extrapolation_from_real_data
MKD,North Macedonia,2033,75.49,76.49,74.49,0,trend_extrapolation_from_real_data
MKD,North Macedonia,2034,75.51,76.56,74.46,0,trend_extrapolation_from_real_data
MKD,North Macedonia,2035,75.52,76.62,74.42,0,trend_extrapolation_from_real_data
MKD,North Macedonia,2036,75.54,76.69,74.39,0,trend_extrapolation_from_real_data
MKD,North Macedonia,2037,75.56,76.76,74.36,0,trend_extrapolation_from_real_data
MKD,North Macedonia,2038,75.58,76.83,74.33,0,trend_extrapolation_from_real_data
MKD,North Macedonia,2039,75.59,76.89,74.29,0,trend_extrapolation_from_real_data
MKD,North Macedonia,2040,75.61,76.96,74.26,0,trend_extrapolation_from_real_data
MKD,North Macedonia,2041,75.63,77.03,74.23,0,trend_extrapolation_from_real_data
MKD,North Macedonia,2042,75.65,77.1,74.2,0,trend_extrapolation_from_real_data
MKD,North Macedonia,2043,75.66,77.16,74.16,0,trend_extrapolation_from_real_data
MKD,North Macedonia,2044,75.68,77.23,74.13,0,trend_extrapolation_from_real_data
MKD,North Macedonia,2045,75.7,77.3,74.1,0,trend_extrapolation_from_real_data
MKD,North Macedonia,2046,75.72,77.37,74.07,0,trend_extrapolation_from_real_data
MKD,North Macedonia,2047,75.73,77.43,74.03,0,trend_extrapolation_from_real_data
MKD,North Macedonia,2048,75.75,77.5,74.0,0,trend_extrapolation_from_real_data
MKD,North Macedonia,2049,75.77,77.57,73.97,0,trend_extrapolation_from_real_data
MKD,North Macedonia,2050,75.78,77.63,73.93,0,trend_extrapolation_from_real_data
MKD,North Macedonia,2051,75.8,77.7,73.9,0,trend_extrapolation_from_real_data
MKD,North Macedonia,2052,75.82,77.77,73.87,0,trend_extrapolation_from_real_data
MKD,North Macedonia,2053,75.84,77.84,73.84,0,trend_extrapolation_from_real_data
MKD,North Macedonia,2054,75.85,77.9,73.8,0,trend_extrapolation_from_real_data
MKD,North Macedonia,2055,75.87,77.97,73.77,0,trend_extrapolation_from_real_data
MKD,North Macedonia,2056,75.89,78.04,73.74,0,trend_extrapolation_from_real_data
MKD,North Macedonia,2057,75.91,78.11,73.71,0,trend_extrapolation_from_real_data
MKD,North Macedonia,2058,75.92,78.17,73.67,0,trend_extrapolation_from_real_data
MKD,North Macedonia,2059,75.94,78.24,73.64,0,trend_extrapolation_from_real_data
MKD,North Macedonia,2060,75.96,78.31,73.61,0,trend_extrapolation_from_real_data
MKD,North Macedonia,2061,75.98,78.38,73.58,0,trend_extrapolation_from_real_data
MKD,North Macedonia,2062,75.99,78.44,73.54,0,trend_extrapolation_from_real_data
MKD,North Macedonia,2063,76.01,78.51,73.51,0,trend_extrapolation_from_real_data
MKD,North Macedonia,2064,76.03,78.58,73.48,0,trend_extrapolation_from_real_data
MKD,North Macedonia,2065,76.05,78.65,73.45,0,trend_extrapolation_from_real_data
MKD,North Macedonia,2066,76.06,78.71,73.41,0,trend_extrapolation_from_real_data
MKD,North Macedonia,2067,76.08,78.78,73.38,0,trend_extrapolation_from_real_data
MKD,North Macedonia,2068,76.1,78.85,73.35,0,trend_extrapolation_from_real_data
MKD,North Macedonia,2069,76.11,78.91,73.31,0,trend_extrapolation_from_real_data
MKD,North Macedonia,2070,76.13,78.98,73.28,0,trend_extrapolation_from_real_data
MKD,North Macedonia,2071,76.15,79.05,73.25,0,trend_extrapolation_from_real_data
MKD,North Macedonia,2072,76.17,79.12,73.22,0,trend_extrapolation_from_real_data
MKD,North Macedonia,2073,76.18,79.18,73.18,0,trend_extrapolation_from_real_data
MKD,North Macedonia,2074,76.2,79.25,73.15,0,trend_extrapolation_from_real_data
MKD,North Macedonia,2075,76.22,79.32,73.12,0,trend_extrapolation_from_real_data
MKD,North Macedonia,2076,76.24,79.39,73.09,0,trend_extrapolation_from_real_data
MKD,North Macedonia,2077,76.25,79.45,73.05,0,trend_extrapolation_from_real_data
MKD,North Macedonia,2078,76.27,79.52,73.02,0,trend_extrapolation_from_real_data
MKD,North Macedonia,2079,76.29,79.59,72.99,0,trend_extrapolation_from_real_data
MKD,North Macedonia,2080,76.31,79.66,72.96,0,trend_extrapolation_from_real_data
MKD,North Macedonia,2081,76.32,79.72,72.92,0,trend_extrapolation_from_real_data
MKD,North Macedonia,2082,76.34,79.79,72.89,0,trend_extrapolation_from_real_data
MKD,North Macedonia,2083,76.36,79.86,72.86,0,trend_extrapolation_from_real_data
MKD,North Macedonia,2084,76.38,79.93,72.83,0,trend_extrapolation_from_real_data
MKD,North Macedonia,2085,76.39,79.99,72.79,0,trend_extrapolation_from_real_data
MKD,North Macedonia,2086,76.41,80.06,72.76,0,trend_extrapolation_from_real_data
MKD,North Macedonia,2087,76.43,80.13,72.73,0,trend_extrapolation_from_real_data
MKD,North Macedonia,2088,76.44,80.19,72.69,0,trend_extrapolation_from_real_data
MKD,North Macedonia,2089,76.46,80.26,72.66,0,trend_extrapolation_from_real_data
MKD,North Macedonia,2090,76.48,80.33,72.63,0,trend_extrapolation_from_real_data
MKD,North Macedonia,2091,76.5,80.4,72.6,0,trend_extrapolation_from_real_data
MKD,North Macedonia,2092,76.51,80.46,72.56,0,trend_extrapolation_from_real_data
MKD,North Macedonia,2093,76.53,80.53,72.53,0,trend_extrapolation_from_real_data
MKD,North Macedonia,2094,76.55,80.6,72.5,0,trend_extrapolation_from_real_data
MKD,North Macedonia,2095,76.57,80.67,72.47,0,trend_extrapolation_from_real_data
MKD,North Macedonia,2096,76.58,80.73,72.43,0,trend_extrapolation_from_real_data
MKD,North Macedonia,2097,76.6,80.8,72.4,0,trend_extrapolation_from_real_data
MKD,North Macedonia,2098,76.62,80.87,72.37,0,trend_extrapolation_from_real_data
MKD,North Macedonia,2099,76.64,80.94,72.34,0,trend_extrapolation_from_real_data
MKD,North Macedonia,2100,76.65,81.0,72.3,0,trend_extrapolation_from_real_data
MMR,Myanmar,2024,66.99,67.54,66.44,0,trend_extrapolation_from_real_data
MMR,Myanmar,2025,67.09,67.69,66.49,0,trend_extrapolation_from_real_data
MMR,Myanmar,2026,67.19,67.84,66.54,0,trend_extrapolation_from_real_data
MMR,Myanmar,2027,67.29,67.99,66.59,0,trend_extrapolation_from_real_data
MMR,Myanmar,2028,67.39,68.14,66.64,0,trend_extrapolation_from_real_data
MMR,Myanmar,2029,67.49,68.29,66.69,0,trend_extrapolation_from_real_data
MMR,Myanmar,2030,67.59,68.44,66.74,0,trend_extrapolation_from_real_data
MMR,Myanmar,2031,67.69,68.59,66.79,0,trend_extrapolation_from_real_data
MMR,Myanmar,2032,67.79,68.74,66.84,0,trend_extrapolation_from_real_data
MMR,Myanmar,2033,67.89,68.89,66.89,0,trend_extrapolation_from_real_data
MMR,Myanmar,2034,67.99,69.04,66.94,0,trend_extrapolation_from_real_data
MMR,Myanmar,2035,68.09,69.19,66.99,0,trend_extrapolation_from_real_data
MMR,Myanmar,2036,68.19,69.34,67.04,0,trend_extrapolation_from_real_data
MMR,Myanmar,2037,68.29,69.49,67.09,0,trend_extrapolation_from_real_data
MMR,Myanmar,2038,68.39,69.64,67.14,0,trend_extrapolation_from_real_data
MMR,Myanmar,2039,68.49,69.79,67.19,0,trend_extrapolation_from_real_data
MMR,Myanmar,2040,68.59,69.94,67.24,0,trend_extrapolation_from_real_data
MMR,Myanmar,2041,68.69,70.09,67.29,0,trend_extrapolation_from_real_data
MMR,Myanmar,2042,68.79,70.24,67.34,0,trend_extrapolation_from_real_data
MMR,Myanmar,2043,68.89,70.39,67.39,0,trend_extrapolation_from_real_data
MMR,Myanmar,2044,68.99,70.54,67.44,0,trend_extrapolation_from_real_data
MMR,Myanmar,2045,69.09,70.69,67.49,0,trend_extrapolation_from_real_data
MMR,Myanmar,2046,69.19,70.84,67.54,0,trend_extrapolation_from_real_data
MMR,Myanmar,2047,69.29,70.99,67.59,0,trend_extrapolation_from_real_data
MMR,Myanmar,2048,69.39,71.14,67.64,0,trend_extrapolation_from_real_data
MMR,Myanmar,2049,69.49,71.29,67.69,0,trend_extrapolation_from_real_data
MMR,Myanmar,2050,69.59,71.44,67.74,0,trend_extrapolation_from_real_data
MMR,Myanmar,2051,69.69,71.59,67.79,0,trend_extrapolation_from_real_data
MMR,Myanmar,2052,69.79,71.74,67.84,0,trend_extrapolation_from_real_data
MMR,Myanmar,2053,69.89,71.89,67.89,0,trend_extrapolation_from_real_data
MMR,Myanmar,2054,69.99,72.04,67.94,0,trend_extrapolation_from_real_data
MMR,Myanmar,2055,70.09,72.19,67.99,0,trend_extrapolation_from_real_data
MMR,Myanmar,2056,70.19,72.34,68.04,0,trend_extrapolation_from_real_data
MMR,Myanmar,2057,70.29,72.49,68.09,0,trend_extrapolation_from_real_data
MMR,Myanmar,2058,70.39,72.64,68.14,0,trend_extrapolation_from_real_data
MMR,Myanmar,2059,70.49,72.79,68.19,0,trend_extrapolation_from_real_data
MMR,Myanmar,2060,70.59,72.94,68.24,0,trend_extrapolation_from_real_data
MMR,Myanmar,2061,70.69,73.09,68.29,0,trend_extrapolation_from_real_data
MMR,Myanmar,2062,70.79,73.24,68.34,0,trend_extrapolation_from_real_data
MMR,Myanmar,2063,70.89,73.39,68.39,0,trend_extrapolation_from_real_data
MMR,Myanmar,2064,70.99,73.54,68.44,0,trend_extrapolation_from_real_data
MMR,Myanmar,2065,71.09,73.69,68.49,0,trend_extrapolation_from_real_data
MMR,Myanmar,2066,71.19,73.84,68.54,0,trend_extrapolation_from_real_data
MMR,Myanmar,2067,71.29,73.99,68.59,0,trend_extrapolation_from_real_data
MMR,Myanmar,2068,71.39,74.14,68.64,0,trend_extrapolation_from_real_data
MMR,Myanmar,2069,71.49,74.29,68.69,0,trend_extrapolation_from_real_data
MMR,Myanmar,2070,71.59,74.44,68.74,0,trend_extrapolation_from_real_data
MMR,Myanmar,2071,71.69,74.59,68.79,0,trend_extrapolation_from_real_data
MMR,Myanmar,2072,71.79,74.74,68.84,0,trend_extrapolation_from_real_data
MMR,Myanmar,2073,71.89,74.89,68.89,0,trend_extrapolation_from_real_data
MMR,Myanmar,2074,71.99,75.04,68.94,0,trend_extrapolation_from_real_data
MMR,Myanmar,2075,72.09,75.19,68.99,0,trend_extrapolation_from_real_data
MMR,Myanmar,2076,72.19,75.34,69.04,0,trend_extrapolation_from_real_data
MMR,Myanmar,2077,72.29,75.49,69.09,0,trend_extrapolation_from_real_data
MMR,Myanmar,2078,72.39,75.64,69.14,0,trend_extrapolation_from_real_data
MMR,Myanmar,2079,72.49,75.79,69.19,0,trend_extrapolation_from_real_data
MMR,Myanmar,2080,72.59,75.94,69.24,0,trend_extrapolation_from_real_data
MMR,Myanmar,2081,72.69,76.09,69.29,0,trend_extrapolation_from_real_data
MMR,Myanmar,2082,72.79,76.24,69.34,0,trend_extrapolation_from_real_data
MMR,Myanmar,2083,72.9,76.4,69.4,0,trend_extrapolation_from_real_data
MMR,Myanmar,2084,73.0,76.55,69.45,0,trend_extrapolation_from_real_data
MMR,Myanmar,2085,73.1,76.7,69.5,0,trend_extrapolation_from_real_data
MMR,Myanmar,2086,73.2,76.85,69.55,0,trend_extrapolation_from_real_data
MMR,Myanmar,2087,73.3,77.0,69.6,0,trend_extrapolation_from_real_data
MMR,Myanmar,2088,73.4,77.15,69.65,0,trend_extrapolation_from_real_data
MMR,Myanmar,2089,73.5,77.3,69.7,0,trend_extrapolation_from_real_data
MMR,Myanmar,2090,73.6,77.45,69.75,0,trend_extrapolation_from_real_data
MMR,Myanmar,2091,73.7,77.6,69.8,0,trend_extrapolation_from_real_data
MMR,Myanmar,2092,73.8,77.75,69.85,0,trend_extrapolation_from_real_data
MMR,Myanmar,2093,73.9,77.9,69.9,0,trend_extrapolation_from_real_data
MMR,Myanmar,2094,74.0,78.05,69.95,0,trend_extrapolation_from_real_data
MMR,Myanmar,2095,74.1,78.2,70.0,0,trend_extrapolation_from_real_data
MMR,Myanmar,2096,74.2,78.35,70.05,0,trend_extrapolation_from_real_data
MMR,Myanmar,2097,74.3,78.5,70.1,0,trend_extrapolation_from_real_data
MMR,Myanmar,2098,74.4,78.65,70.15,0,trend_extrapolation_from_real_data
MMR,Myanmar,2099,74.5,78.8,70.2,0,trend_extrapolation_from_real_data
MMR,Myanmar,2100,74.6,78.95,70.25,0,trend_extrapolation_from_real_data
MNE,Montenegro,2024,77.61,78.16,77.06,0,trend_extrapolation_from_real_data
MNE,Montenegro,2025,77.64,78.24,77.04,0,trend_extrapolation_from_real_data
MNE,Montenegro,2026,77.66,78.31,77.01,0,trend_extrapolation_from_real_data
MNE,Montenegro,2027,77.69,78.39,76.99,0,trend_extrapolation_from_real_data
MNE,Montenegro,2028,77.71,78.46,76.96,0,trend_extrapolation_from_real_data
MNE,Montenegro,2029,77.74,78.54,76.94,0,trend_extrapolation_from_real_data
MNE,Montenegro,2030,77.76,78.61,76.91,0,trend_extrapolation_from_real_data
MNE,Montenegro,2031,77.78,78.68,76.88,0,trend_extrapolation_from_real_data
MNE,Montenegro,2032,77.81,78.76,76.86,0,trend_extrapolation_from_real_data
MNE,Montenegro,2033,77.83,78.83,76.83,0,trend_extrapolation_from_real_data
MNE,Montenegro,2034,77.86,78.91,76.81,0,trend_extrapolation_from_real_data
MNE,Montenegro,2035,77.88,78.98,76.78,0,trend_extrapolation_from_real_data
MNE,Montenegro,2036,77.91,79.06,76.76,0,trend_extrapolation_from_real_data
MNE,Montenegro,2037,77.93,79.13,76.73,0,trend_extrapolation_from_real_data
MNE,Montenegro,2038,77.96,79.21,76.71,0,trend_extrapolation_from_real_data
MNE,Montenegro,2039,77.98,79.28,76.68,0,trend_extrapolation_from_real_data
MNE,Montenegro,2040,78.01,79.36,76.66,0,trend_extrapolation_from_real_data
MNE,Montenegro,2041,78.03,79.43,76.63,0,trend_extrapolation_from_real_data
MNE,Montenegro,2042,78.05,79.5,76.6,0,trend_extrapolation_from_real_data
MNE,Montenegro,2043,78.08,79.58,76.58,0,trend_extrapolation_from_real_data
MNE,Montenegro,2044,78.1,79.65,76.55,0,trend_extrapolation_from_real_data
MNE,Montenegro,2045,78.13,79.73,76.53,0,trend_extrapolation_from_real_data
MNE,Montenegro,2046,78.15,79.8,76.5,0,trend_extrapolation_from_real_data
MNE,Montenegro,2047,78.18,79.88,76.48,0,trend_extrapolation_from_real_data
MNE,Montenegro,2048,78.2,79.95,76.45,0,trend_extrapolation_from_real_data
MNE,Montenegro,2049,78.23,80.03,76.43,0,trend_extrapolation_from_real_data
MNE,Montenegro,2050,78.25,80.1,76.4,0,trend_extrapolation_from_real_data
MNE,Montenegro,2051,78.28,80.18,76.38,0,trend_extrapolation_from_real_data
MNE,Montenegro,2052,78.3,80.25,76.35,0,trend_extrapolation_from_real_data
MNE,Montenegro,2053,78.33,80.33,76.33,0,trend_extrapolation_from_real_data
MNE,Montenegro,2054,78.35,80.4,76.3,0,trend_extrapolation_from_real_data
MNE,Montenegro,2055,78.37,80.47,76.27,0,trend_extrapolation_from_real_data
MNE,Montenegro,2056,78.4,80.55,76.25,0,trend_extrapolation_from_real_data
MNE,Montenegro,2057,78.42,80.62,76.22,0,trend_extrapolation_from_real_data
MNE,Montenegro,2058,78.45,80.7,76.2,0,trend_extrapolation_from_real_data
MNE,Montenegro,2059,78.47,80.77,76.17,0,trend_extrapolation_from_real_data
MNE,Montenegro,2060,78.5,80.85,76.15,0,trend_extrapolation_from_real_data
MNE,Montenegro,2061,78.52,80.92,76.12,0,trend_extrapolation_from_real_data
MNE,Montenegro,2062,78.55,81.0,76.1,0,trend_extrapolation_from_real_data
MNE,Montenegro,2063,78.57,81.07,76.07,0,trend_extrapolation_from_real_data
MNE,Montenegro,2064,78.6,81.15,76.05,0,trend_extrapolation_from_real_data
MNE,Montenegro,2065,78.62,81.22,76.02,0,trend_extrapolation_from_real_data
MNE,Montenegro,2066,78.64,81.29,75.99,0,trend_extrapolation_from_real_data
MNE,Montenegro,2067,78.67,81.37,75.97,0,trend_extrapolation_from_real_data
MNE,Montenegro,2068,78.69,81.44,75.94,0,trend_extrapolation_from_real_data
MNE,Montenegro,2069,78.72,81.52,75.92,0,trend_extrapolation_from_real_data
MNE,Montenegro,2070,78.74,81.59,75.89,0,trend_extrapolation_from_real_data
MNE,Montenegro,2071,78.77,81.67,75.87,0,trend_extrapolation_from_real_data
MNE,Montenegro,2072,78.79,81.74,75.84,0,trend_extrapolation_from_real_data
MNE,Montenegro,2073,78.82,81.82,75.82,0,trend_extrapolation_from_real_data
MNE,Montenegro,2074,78.84,81.89,75.79,0,trend_extrapolation_from_real_data
MNE,Montenegro,2075,78.87,81.97,75.77,0,trend_extrapolation_from_real_data
MNE,Montenegro,2076,78.89,82.04,75.74,0,trend_extrapolation_from_real_data
MNE,Montenegro,2077,78.91,82.11,75.71,0,trend_extrapolation_from_real_data
MNE,Montenegro,2078,78.94,82.19,75.69,0,trend_extrapolation_from_real_data
MNE,Montenegro,2079,78.96,82.26,75.66,0,trend_extrapolation_from_real_data
MNE,Montenegro,2080,78.99,82.34,75.64,0,trend_extrapolation_from_real_data
MNE,Montenegro,2081,79.01,82.41,75.61,0,trend_extrapolation_from_real_data
MNE,Montenegro,2082,79.04,82.49,75.59,0,trend_extrapolation_from_real_data
MNE,Montenegro,2083,79.06,82.56,75.56,0,trend_extrapolation_from_real_data
MNE,Montenegro,2084,79.09,82.64,75.54,0,trend_extrapolation_from_real_data
MNE,Montenegro,2085,79.11,82.71,75.51,0,trend_extrapolation_from_real_data
MNE,Montenegro,2086,79.14,82.79,75.49,0,trend_extrapolation_from_real_data
MNE,Montenegro,2087,79.16,82.86,75.46,0,trend_extrapolation_from_real_data
MNE,Montenegro,2088,79.19,82.94,75.44,0,trend_extrapolation_from_real_data
MNE,Montenegro,2089,79.21,83.01,75.41,0,trend_extrapolation_from_real_data
MNE,Montenegro,2090,79.23,83.08,75.38,0,trend_extrapolation_from_real_data
MNE,Montenegro,2091,79.26,83.16,75.36,0,trend_extrapolation_from_real_data
MNE,Montenegro,2092,79.28,83.23,75.33,0,trend_extrapolation_from_real_data
MNE,Montenegro,2093,79.31,83.31,75.31,0,trend_extrapolation_from_real_data
MNE,Montenegro,2094,79.33,83.38,75.28,0,trend_extrapolation_from_real_data
MNE,Montenegro,2095,79.36,83.46,75.26,0,trend_extrapolation_from_real_data
MNE,Montenegro,2096,79.38,83.53,75.23,0,trend_extrapolation_from_real_data
MNE,Montenegro,2097,79.41,83.61,75.21,0,trend_extrapolation_from_real_data
MNE,Montenegro,2098,79.43,83.68,75.18,0,trend_extrapolation_from_real_data
MNE,Montenegro,2099,79.46,83.76,75.16,0,trend_extrapolation_from_real_data
MNE,Montenegro,2100,79.48,83.83,75.13,0,trend_extrapolation_from_real_data
MOZ,Mozambique,2024,63.81,64.36,63.26,0,trend_extrapolation_from_real_data
MOZ,Mozambique,2025,64.02,64.62,63.42,0,trend_extrapolation_from_real_data
MOZ,Mozambique,2026,64.22,64.87,63.57,0,trend_extrapolation_from_real_data
MOZ,Mozambique,2027,64.42,65.12,63.72,0,trend_extrapolation_from_real_data
MOZ,Mozambique,2028,64.63,65.38,63.88,0,trend_extrapolation_from_real_data
MOZ,Mozambique,2029,64.83,65.63,64.03,0,trend_extrapolation_from_real_data
MOZ,Mozambique,2030,65.03,65.88,64.18,0,trend_extrapolation_from_real_data
MOZ,Mozambique,2031,65.24,66.14,64.34,0,trend_extrapolation_from_real_data
MOZ,Mozambique,2032,65.44,66.39,64.49,0,trend_extrapolation_from_real_data
MOZ,Mozambique,2033,65.64,66.64,64.64,0,trend_extrapolation_from_real_data
MOZ,Mozambique,2034,65.85,66.9,64.8,0,trend_extrapolation_from_real_data
MOZ,Mozambique,2035,66.05,67.15,64.95,0,trend_extrapolation_from_real_data
MOZ,Mozambique,2036,66.25,67.4,65.1,0,trend_extrapolation_from_real_data
MOZ,Mozambique,2037,66.46,67.66,65.26,0,trend_extrapolation_from_real_data
MOZ,Mozambique,2038,66.66,67.91,65.41,0,trend_extrapolation_from_real_data
MOZ,Mozambique,2039,66.86,68.16,65.56,0,trend_extrapolation_from_real_data
MOZ,Mozambique,2040,67.07,68.42,65.72,0,trend_extrapolation_from_real_data
MOZ,Mozambique,2041,67.27,68.67,65.87,0,trend_extrapolation_from_real_data
MOZ,Mozambique,2042,67.47,68.92,66.02,0,trend_extrapolation_from_real_data
MOZ,Mozambique,2043,67.68,69.18,66.18,0,trend_extrapolation_from_real_data
MOZ,Mozambique,2044,67.88,69.43,66.33,0,trend_extrapolation_from_real_data
MOZ,Mozambique,2045,68.08,69.68,66.48,0,trend_extrapolation_from_real_data
MOZ,Mozambique,2046,68.29,69.94,66.64,0,trend_extrapolation_from_real_data
MOZ,Mozambique,2047,68.49,70.19,66.79,0,trend_extrapolation_from_real_data
MOZ,Mozambique,2048,68.69,70.44,66.94,0,trend_extrapolation_from_real_data
MOZ,Mozambique,2049,68.9,70.7,67.1,0,trend_extrapolation_from_real_data
MOZ,Mozambique,2050,69.1,70.95,67.25,0,trend_extrapolation_from_real_data
MOZ,Mozambique,2051,69.3,71.2,67.4,0,trend_extrapolation_from_real_data
MOZ,Mozambique,2052,69.51,71.46,67.56,0,trend_extrapolation_from_real_data
MOZ,Mozambique,2053,69.71,71.71,67.71,0,trend_extrapolation_from_real_data
MOZ,Mozambique,2054,69.91,71.96,67.86,0,trend_extrapolation_from_real_data
MOZ,Mozambique,2055,70.12,72.22,68.02,0,trend_extrapolation_from_real_data
MOZ,Mozambique,2056,70.32,72.47,68.17,0,trend_extrapolation_from_real_data
MOZ,Mozambique,2057,70.52,72.72,68.32,0,trend_extrapolation_from_real_data
MOZ,Mozambique,2058,70.73,72.98,68.48,0,trend_extrapolation_from_real_data
MOZ,Mozambique,2059,70.93,73.23,68.63,0,trend_extrapolation_from_real_data
MOZ,Mozambique,2060,71.13,73.48,68.78,0,trend_extrapolation_from_real_data
MOZ,Mozambique,2061,71.34,73.74,68.94,0,trend_extrapolation_from_real_data
MOZ,Mozambique,2062,71.54,73.99,69.09,0,trend_extrapolation_from_real_data
MOZ,Mozambique,2063,71.74,74.24,69.24,0,trend_extrapolation_from_real_data
MOZ,Mozambique,2064,71.95,74.5,69.4,0,trend_extrapolation_from_real_data
MOZ,Mozambique,2065,72.15,74.75,69.55,0,trend_extrapolation_from_real_data
MOZ,Mozambique,2066,72.35,75.0,69.7,0,trend_extrapolation_from_real_data
MOZ,Mozambique,2067,72.55,75.25,69.85,0,trend_extrapolation_from_real_data
MOZ,Mozambique,2068,72.76,75.51,70.01,0,trend_extrapolation_from_real_data
MOZ,Mozambique,2069,72.96,75.76,70.16,0,trend_extrapolation_from_real_data
MOZ,Mozambique,2070,73.16,76.01,70.31,0,trend_extrapolation_from_real_data
MOZ,Mozambique,2071,73.37,76.27,70.47,0,trend_extrapolation_from_real_data
MOZ,Mozambique,2072,73.57,76.52,70.62,0,trend_extrapolation_from_real_data
MOZ,Mozambique,2073,73.77,76.77,70.77,0,trend_extrapolation_from_real_data
MOZ,Mozambique,2074,73.98,77.03,70.93,0,trend_extrapolation_from_real_data
MOZ,Mozambique,2075,74.18,77.28,71.08,0,trend_extrapolation_from_real_data
MOZ,Mozambique,2076,74.38,77.53,71.23,0,trend_extrapolation_from_real_data
MOZ,Mozambique,2077,74.59,77.79,71.39,0,trend_extrapolation_from_real_data
MOZ,Mozambique,2078,74.79,78.04,71.54,0,trend_extrapolation_from_real_data
MOZ,Mozambique,2079,74.99,78.29,71.69,0,trend_extrapolation_from_real_data
MOZ,Mozambique,2080,75.2,78.55,71.85,0,trend_extrapolation_from_real_data
MOZ,Mozambique,2081,75.4,78.8,72.0,0,trend_extrapolation_from_real_data
MOZ,Mozambique,2082,75.6,79.05,72.15,0,trend_extrapolation_from_real_data
MOZ,Mozambique,2083,75.81,79.31,72.31,0,trend_extrapolation_from_real_data
MOZ,Mozambique,2084,76.01,79.56,72.46,0,trend_extrapolation_from_real_data
MOZ,Mozambique,2085,76.21,79.81,72.61,0,trend_extrapolation_from_real_data
MOZ,Mozambique,2086,76.42,80.07,72.77,0,trend_extrapolation_from_real_data
MOZ,Mozambique,2087,76.62,80.32,72.92,0,trend_extrapolation_from_real_data
MOZ,Mozambique,2088,76.82,80.57,73.07,0,trend_extrapolation_from_real_data
MOZ,Mozambique,2089,77.03,80.83,73.23,0,trend_extrapolation_from_real_data
MOZ,Mozambique,2090,77.23,81.08,73.38,0,trend_extrapolation_from_real_data
MOZ,Mozambique,2091,77.43,81.33,73.53,0,trend_extrapolation_from_real_data
MOZ,Mozambique,2092,77.64,81.59,73.69,0,trend_extrapolation_from_real_data
MOZ,Mozambique,2093,77.84,81.84,73.84,0,trend_extrapolation_from_real_data
MOZ,Mozambique,2094,78.04,82.09,73.99,0,trend_extrapolation_from_real_data
MOZ,Mozambique,2095,78.25,82.35,74.15,0,trend_extrapolation_from_real_data
MOZ,Mozambique,2096,78.45,82.6,74.3,0,trend_extrapolation_from_real_data
MOZ,Mozambique,2097,78.65,82.85,74.45,0,trend_extrapolation_from_real_data
MOZ,Mozambique,2098,78.86,83.11,74.61,0,trend_extrapolation_from_real_data
MOZ,Mozambique,2099,79.06,83.36,74.76,0,trend_extrapolation_from_real_data
MOZ,Mozambique,2100,79.26,83.61,74.91,0,trend_extrapolation_from_real_data
MYS,Malaysia,2024,76.67,77.22,76.12,0,trend_extrapolation_from_real_data
MYS,Malaysia,2025,76.69,77.29,76.09,0,trend_extrapolation_from_real_data
MYS,Malaysia,2026,76.7,77.35,76.05,0,trend_extrapolation_from_real_data
MYS,Malaysia,2027,76.71,77.41,76.01,0,trend_extrapolation_from_real_data
MYS,Malaysia,2028,76.73,77.48,75.98,0,trend_extrapolation_from_real_data
MYS,Malaysia,2029,76.74,77.54,75.94,0,trend_extrapolation_from_real_data
MYS,Malaysia,2030,76.76,77.61,75.91,0,trend_extrapolation_from_real_data
MYS,Malaysia,2031,76.77,77.67,75.87,0,trend_extrapolation_from_real_data
MYS,Malaysia,2032,76.79,77.74,75.84,0,trend_extrapolation_from_real_data
MYS,Malaysia,2033,76.8,77.8,75.8,0,trend_extrapolation_from_real_data
MYS,Malaysia,2034,76.81,77.86,75.76,0,trend_extrapolation_from_real_data
MYS,Malaysia,2035,76.83,77.93,75.73,0,trend_extrapolation_from_real_data
MYS,Malaysia,2036,76.84,77.99,75.69,0,trend_extrapolation_from_real_data
MYS,Malaysia,2037,76.86,78.06,75.66,0,trend_extrapolation_from_real_data
MYS,Malaysia,2038,76.87,78.12,75.62,0,trend_extrapolation_from_real_data
MYS,Malaysia,2039,76.89,78.19,75.59,0,trend_extrapolation_from_real_data
MYS,Malaysia,2040,76.9,78.25,75.55,0,trend_extrapolation_from_real_data
MYS,Malaysia,2041,76.91,78.31,75.51,0,trend_extrapolation_from_real_data
MYS,Malaysia,2042,76.93,78.38,75.48,0,trend_extrapolation_from_real_data
MYS,Malaysia,2043,76.94,78.44,75.44,0,trend_extrapolation_from_real_data
MYS,Malaysia,2044,76.96,78.51,75.41,0,trend_extrapolation_from_real_data
MYS,Malaysia,2045,76.97,78.57,75.37,0,trend_extrapolation_from_real_data
MYS,Malaysia,2046,76.99,78.64,75.34,0,trend_extrapolation_from_real_data
MYS,Malaysia,2047,77.0,78.7,75.3,0,trend_extrapolation_from_real_data
MYS,Malaysia,2048,77.01,78.76,75.26,0,trend_extrapolation_from_real_data
MYS,Malaysia,2049,77.03,78.83,75.23,0,trend_extrapolation_from_real_data
MYS,Malaysia,2050,77.04,78.89,75.19,0,trend_extrapolation_from_real_data
MYS,Malaysia,2051,77.06,78.96,75.16,0,trend_extrapolation_from_real_data
MYS,Malaysia,2052,77.07,79.02,75.12,0,trend_extrapolation_from_real_data
MYS,Malaysia,2053,77.09,79.09,75.09,0,trend_extrapolation_from_real_data
MYS,Malaysia,2054,77.1,79.15,75.05,0,trend_extrapolation_from_real_data
MYS,Malaysia,2055,77.11,79.21,75.01,0,trend_extrapolation_from_real_data
MYS,Malaysia,2056,77.13,79.28,74.98,0,trend_extrapolation_from_real_data
MYS,Malaysia,2057,77.14,79.34,74.94,0,trend_extrapolation_from_real_data
MYS,Malaysia,2058,77.16,79.41,74.91,0,trend_extrapolation_from_real_data
MYS,Malaysia,2059,77.17,79.47,74.87,0,trend_extrapolation_from_real_data
MYS,Malaysia,2060,77.19,79.54,74.84,0,trend_extrapolation_from_real_data
MYS,Malaysia,2061,77.2,79.6,74.8,0,trend_extrapolation_from_real_data
MYS,Malaysia,2062,77.21,79.66,74.76,0,trend_extrapolation_from_real_data
MYS,Malaysia,2063,77.23,79.73,74.73,0,trend_extrapolation_from_real_data
MYS,Malaysia,2064,77.24,79.79,74.69,0,trend_extrapolation_from_real_data
MYS,Malaysia,2065,77.26,79.86,74.66,0,trend_extrapolation_from_real_data
MYS,Malaysia,2066,77.27,79.92,74.62,0,trend_extrapolation_from_real_data
MYS,Malaysia,2067,77.29,79.99,74.59,0,trend_extrapolation_from_real_data
MYS,Malaysia,2068,77.3,80.05,74.55,0,trend_extrapolation_from_real_data
MYS,Malaysia,2069,77.31,80.11,74.51,0,trend_extrapolation_from_real_data
MYS,Malaysia,2070,77.33,80.18,74.48,0,trend_extrapolation_from_real_data
MYS,Malaysia,2071,77.34,80.24,74.44,0,trend_extrapolation_from_real_data
MYS,Malaysia,2072,77.36,80.31,74.41,0,trend_extrapolation_from_real_data
MYS,Malaysia,2073,77.37,80.37,74.37,0,trend_extrapolation_from_real_data
MYS,Malaysia,2074,77.39,80.44,74.34,0,trend_extrapolation_from_real_data
MYS,Malaysia,2075,77.4,80.5,74.3,0,trend_extrapolation_from_real_data
MYS,Malaysia,2076,77.41,80.56,74.26,0,trend_extrapolation_from_real_data
MYS,Malaysia,2077,77.43,80.63,74.23,0,trend_extrapolation_from_real_data
MYS,Malaysia,2078,77.44,80.69,74.19,0,trend_extrapolation_from_real_data
MYS,Malaysia,2079,77.46,80.76,74.16,0,trend_extrapolation_from_real_data
MYS,Malaysia,2080,77.47,80.82,74.12,0,trend_extrapolation_from_real_data
MYS,Malaysia,2081,77.49,80.89,74.09,0,trend_extrapolation_from_real_data
MYS,Malaysia,2082,77.5,80.95,74.05,0,trend_extrapolation_from_real_data
MYS,Malaysia,2083,77.51,81.01,74.01,0,trend_extrapolation_from_real_data
MYS,Malaysia,2084,77.53,81.08,73.98,0,trend_extrapolation_from_real_data
MYS,Malaysia,2085,77.54,81.14,73.94,0,trend_extrapolation_from_real_data
MYS,Malaysia,2086,77.56,81.21,73.91,0,trend_extrapolation_from_real_data
MYS,Malaysia,2087,77.57,81.27,73.87,0,trend_extrapolation_from_real_data
MYS,Malaysia,2088,77.59,81.34,73.84,0,trend_extrapolation_from_real_data
MYS,Malaysia,2089,77.6,81.4,73.8,0,trend_extrapolation_from_real_data
MYS,Malaysia,2090,77.61,81.46,73.76,0,trend_extrapolation_from_real_data
MYS,Malaysia,2091,77.63,81.53,73.73,0,trend_extrapolation_from_real_data
MYS,Malaysia,2092,77.64,81.59,73.69,0,trend_extrapolation_from_real_data
MYS,Malaysia,2093,77.66,81.66,73.66,0,trend_extrapolation_from_real_data
MYS,Malaysia,2094,77.67,81.72,73.62,0,trend_extrapolation_from_real_data
MYS,Malaysia,2095,77.69,81.79,73.59,0,trend_extrapolation_from_real_data
MYS,Malaysia,2096,77.7,81.85,73.55,0,trend_extrapolation_from_real_data
MYS,Malaysia,2097,77.71,81.91,73.51,0,trend_extrapolation_from_real_data
MYS,Malaysia,2098,77.73,81.98,73.48,0,trend_extrapolation_from_real_data
MYS,Malaysia,2099,77.74,82.04,73.44,0,trend_extrapolation_from_real_data
MYS,Malaysia,2100,77.76,82.11,73.41,0,trend_extrapolation_from_real_data
NAM,Namibia,2024,67.59,68.14,67.04,0,trend_extrapolation_from_real_data
NAM,Namibia,2025,67.8,68.4,67.2,0,trend_extrapolation_from_real_data
NAM,Namibia,2026,68.01,68.66,67.36,0,trend_extrapolation_from_real_data
NAM,Namibia,2027,68.21,68.91,67.51,0,trend_extrapolation_from_real_data
NAM,Namibia,2028,68.42,69.17,67.67,0,trend_extrapolation_from_real_data
NAM,Namibia,2029,68.63,69.43,67.83,0,trend_extrapolation_from_real_data
NAM,Namibia,2030,68.84,69.69,67.99,0,trend_extrapolation_from_real_data
NAM,Namibia,2031,69.04,69.94,68.14,0,trend_extrapolation_from_real_data
NAM,Namibia,2032,69.25,70.2,68.3,0,trend_extrapolation_from_real_data
NAM,Namibia,2033,69.46,70.46,68.46,0,trend_extrapolation_from_real_data
NAM,Namibia,2034,69.67,70.72,68.62,0,trend_extrapolation_from_real_data
NAM,Namibia,2035,69.87,70.97,68.77,0,trend_extrapolation_from_real_data
NAM,Namibia,2036,70.08,71.23,68.93,0,trend_extrapolation_from_real_data
NAM,Namibia,2037,70.29,71.49,69.09,0,trend_extrapolation_from_real_data
NAM,Namibia,2038,70.5,71.75,69.25,0,trend_extrapolation_from_real_data
NAM,Namibia,2039,70.7,72.0,69.4,0,trend_extrapolation_from_real_data
NAM,Namibia,2040,70.91,72.26,69.56,0,trend_extrapolation_from_real_data
NAM,Namibia,2041,71.12,72.52,69.72,0,trend_extrapolation_from_real_data
NAM,Namibia,2042,71.33,72.78,69.88,0,trend_extrapolation_from_real_data
NAM,Namibia,2043,71.53,73.03,70.03,0,trend_extrapolation_from_real_data
NAM,Namibia,2044,71.74,73.29,70.19,0,trend_extrapolation_from_real_data
NAM,Namibia,2045,71.95,73.55,70.35,0,trend_extrapolation_from_real_data
NAM,Namibia,2046,72.16,73.81,70.51,0,trend_extrapolation_from_real_data
NAM,Namibia,2047,72.36,74.06,70.66,0,trend_extrapolation_from_real_data
NAM,Namibia,2048,72.57,74.32,70.82,0,trend_extrapolation_from_real_data
NAM,Namibia,2049,72.78,74.58,70.98,0,trend_extrapolation_from_real_data
NAM,Namibia,2050,72.98,74.83,71.13,0,trend_extrapolation_from_real_data
NAM,Namibia,2051,73.19,75.09,71.29,0,trend_extrapolation_from_real_data
NAM,Namibia,2052,73.4,75.35,71.45,0,trend_extrapolation_from_real_data
NAM,Namibia,2053,73.61,75.61,71.61,0,trend_extrapolation_from_real_data
NAM,Namibia,2054,73.81,75.86,71.76,0,trend_extrapolation_from_real_data
NAM,Namibia,2055,74.02,76.12,71.92,0,trend_extrapolation_from_real_data
NAM,Namibia,2056,74.23,76.38,72.08,0,trend_extrapolation_from_real_data
NAM,Namibia,2057,74.44,76.64,72.24,0,trend_extrapolation_from_real_data
NAM,Namibia,2058,74.64,76.89,72.39,0,trend_extrapolation_from_real_data
NAM,Namibia,2059,74.85,77.15,72.55,0,trend_extrapolation_from_real_data
NAM,Namibia,2060,75.06,77.41,72.71,0,trend_extrapolation_from_real_data
NAM,Namibia,2061,75.27,77.67,72.87,0,trend_extrapolation_from_real_data
NAM,Namibia,2062,75.47,77.92,73.02,0,trend_extrapolation_from_real_data
NAM,Namibia,2063,75.68,78.18,73.18,0,trend_extrapolation_from_real_data
NAM,Namibia,2064,75.89,78.44,73.34,0,trend_extrapolation_from_real_data
NAM,Namibia,2065,76.1,78.7,73.5,0,trend_extrapolation_from_real_data
NAM,Namibia,2066,76.3,78.95,73.65,0,trend_extrapolation_from_real_data
NAM,Namibia,2067,76.51,79.21,73.81,0,trend_extrapolation_from_real_data
NAM,Namibia,2068,76.72,79.47,73.97,0,trend_extrapolation_from_real_data
NAM,Namibia,2069,76.93,79.73,74.13,0,trend_extrapolation_from_real_data
NAM,Namibia,2070,77.13,79.98,74.28,0,trend_extrapolation_from_real_data
NAM,Namibia,2071,77.34,80.24,74.44,0,trend_extrapolation_from_real_data
NAM,Namibia,2072,77.55,80.5,74.6,0,trend_extrapolation_from_real_data
NAM,Namibia,2073,77.76,80.76,74.76,0,trend_extrapolation_from_real_data
NAM,Namibia,2074,77.96,81.01,74.91,0,trend_extrapolation_from_real_data
NAM,Namibia,2075,78.17,81.27,75.07,0,trend_extrapolation_from_real_data
NAM,Namibia,2076,78.38,81.53,75.23,0,trend_extrapolation_from_real_data
NAM,Namibia,2077,78.58,81.78,75.38,0,trend_extrapolation_from_real_data
NAM,Namibia,2078,78.79,82.04,75.54,0,trend_extrapolation_from_real_data
NAM,Namibia,2079,79.0,82.3,75.7,0,trend_extrapolation_from_real_data
NAM,Namibia,2080,79.21,82.56,75.86,0,trend_extrapolation_from_real_data
NAM,Namibia,2081,79.41,82.81,76.01,0,trend_extrapolation_from_real_data
NAM,Namibia,2082,79.62,83.07,76.17,0,trend_extrapolation_from_real_data
NAM,Namibia,2083,79.83,83.33,76.33,0,trend_extrapolation_from_real_data
NAM,Namibia,2084,80.04,83.59,76.49,0,trend_extrapolation_from_real_data
NAM,Namibia,2085,80.24,83.84,76.64,0,trend_extrapolation_from_real_data
NAM,Namibia,2086,80.45,84.1,76.8,0,trend_extrapolation_from_real_data
NAM,Namibia,2087,80.66,84.36,76.96,0,trend_extrapolation_from_real_data
NAM,Namibia,2088,80.87,84.62,77.12,0,trend_extrapolation_from_real_data
NAM,Namibia,2089,81.07,84.87,77.27,0,trend_extrapolation_from_real_data
NAM,Namibia,2090,81.28,85.13,77.43,0,trend_extrapolation_from_real_data
NAM,Namibia,2091,81.49,85.39,77.59,0,trend_extrapolation_from_real_data
NAM,Namibia,2092,81.7,85.65,77.75,0,trend_extrapolation_from_real_data
NAM,Namibia,2093,81.9,85.9,77.9,0,trend_extrapolation_from_real_data
NAM,Namibia,2094,82.11,86.16,78.06,0,trend_extrapolation_from_real_data
NAM,Namibia,2095,82.32,86.42,78.22,0,trend_extrapolation_from_real_data
NAM,Namibia,2096,82.53,86.68,78.38,0,trend_extrapolation_from_real_data
NAM,Namibia,2097,82.73,86.93,78.53,0,trend_extrapolation_from_real_data
NAM,Namibia,2098,82.94,87.19,78.69,0,trend_extrapolation_from_real_data
NAM,Namibia,2099,83.15,87.45,78.85,0,trend_extrapolation_from_real_data
NAM,Namibia,2100,83.35,87.7,79.0,0,trend_extrapolation_from_real_data
NGA,Nigeria,2024,54.57,55.12,54.02,0,trend_extrapolation_from_real_data
NGA,Nigeria,2025,54.67,55.27,54.07,0,trend_extrapolation_from_real_data
NGA,Nigeria,2026,54.78,55.43,54.13,0,trend_extrapolation_from_real_data
NGA,Nigeria,2027,54.89,55.59,54.19,0,trend_extrapolation_from_real_data
NGA,Nigeria,2028,54.99,55.74,54.24,0,trend_extrapolation_from_real_data
NGA,Nigeria,2029,55.1,55.9,54.3,0,trend_extrapolation_from_real_data
NGA,Nigeria,2030,55.2,56.05,54.35,0,trend_extrapolation_from_real_data
NGA,Nigeria,2031,55.31,56.21,54.41,0,trend_extrapolation_from_real_data
NGA,Nigeria,2032,55.41,56.36,54.46,0,trend_extrapolation_from_real_data
NGA,Nigeria,2033,55.52,56.52,54.52,0,trend_extrapolation_from_real_data
NGA,Nigeria,2034,55.63,56.68,54.58,0,trend_extrapolation_from_real_data
NGA,Nigeria,2035,55.73,56.83,54.63,0,trend_extrapolation_from_real_data
NGA,Nigeria,2036,55.84,56.99,54.69,0,trend_extrapolation_from_real_data
NGA,Nigeria,2037,55.94,57.14,54.74,0,trend_extrapolation_from_real_data
NGA,Nigeria,2038,56.05,57.3,54.8,0,trend_extrapolation_from_real_data
NGA,Nigeria,2039,56.16,57.46,54.86,0,trend_extrapolation_from_real_data
NGA,Nigeria,2040,56.26,57.61,54.91,0,trend_extrapolation_from_real_data
NGA,Nigeria,2041,56.37,57.77,54.97,0,trend_extrapolation_from_real_data
NGA,Nigeria,2042,56.47,57.92,55.02,0,trend_extrapolation_from_real_data
NGA,Nigeria,2043,56.58,58.08,55.08,0,trend_extrapolation_from_real_data
NGA,Nigeria,2044,56.68,58.23,55.13,0,trend_extrapolation_from_real_data
NGA,Nigeria,2045,56.79,58.39,55.19,0,trend_extrapolation_from_real_data
NGA,Nigeria,2046,56.9,58.55,55.25,0,trend_extrapolation_from_real_data
NGA,Nigeria,2047,57.0,58.7,55.3,0,trend_extrapolation_from_real_data
NGA,Nigeria,2048,57.11,58.86,55.36,0,trend_extrapolation_from_real_data
NGA,Nigeria,2049,57.21,59.01,55.41,0,trend_extrapolation_from_real_data
NGA,Nigeria,2050,57.32,59.17,55.47,0,trend_extrapolation_from_real_data
NGA,Nigeria,2051,57.42,59.32,55.52,0,trend_extrapolation_from_real_data
NGA,Nigeria,2052,57.53,59.48,55.58,0,trend_extrapolation_from_real_data
NGA,Nigeria,2053,57.64,59.64,55.64,0,trend_extrapolation_from_real_data
NGA,Nigeria,2054,57.74,59.79,55.69,0,trend_extrapolation_from_real_data
NGA,Nigeria,2055,57.85,59.95,55.75,0,trend_extrapolation_from_real_data
NGA,Nigeria,2056,57.95,60.1,55.8,0,trend_extrapolation_from_real_data
NGA,Nigeria,2057,58.06,60.26,55.86,0,trend_extrapolation_from_real_data
NGA,Nigeria,2058,58.17,60.42,55.92,0,trend_extrapolation_from_real_data
NGA,Nigeria,2059,58.27,60.57,55.97,0,trend_extrapolation_from_real_data
NGA,Nigeria,2060,58.38,60.73,56.03,0,trend_extrapolation_from_real_data
NGA,Nigeria,2061,58.48,60.88,56.08,0,trend_extrapolation_from_real_data
NGA,Nigeria,2062,58.59,61.04,56.14,0,trend_extrapolation_from_real_data
NGA,Nigeria,2063,58.69,61.19,56.19,0,trend_extrapolation_from_real_data
NGA,Nigeria,2064,58.8,61.35,56.25,0,trend_extrapolation_from_real_data
NGA,Nigeria,2065,58.91,61.51,56.31,0,trend_extrapolation_from_real_data
NGA,Nigeria,2066,59.01,61.66,56.36,0,trend_extrapolation_from_real_data
NGA,Nigeria,2067,59.12,61.82,56.42,0,trend_extrapolation_from_real_data
NGA,Nigeria,2068,59.22,61.97,56.47,0,trend_extrapolation_from_real_data
NGA,Nigeria,2069,59.33,62.13,56.53,0,trend_extrapolation_from_real_data
NGA,Nigeria,2070,59.44,62.29,56.59,0,trend_extrapolation_from_real_data
NGA,Nigeria,2071,59.54,62.44,56.64,0,trend_extrapolation_from_real_data
NGA,Nigeria,2072,59.65,62.6,56.7,0,trend_extrapolation_from_real_data
NGA,Nigeria,2073,59.75,62.75,56.75,0,trend_extrapolation_from_real_data
NGA,Nigeria,2074,59.86,62.91,56.81,0,trend_extrapolation_from_real_data
NGA,Nigeria,2075,59.96,63.06,56.86,0,trend_extrapolation_from_real_data
NGA,Nigeria,2076,60.07,63.22,56.92,0,trend_extrapolation_from_real_data
NGA,Nigeria,2077,60.18,63.38,56.98,0,trend_extrapolation_from_real_data
NGA,Nigeria,2078,60.28,63.53,57.03,0,trend_extrapolation_from_real_data
NGA,Nigeria,2079,60.39,63.69,57.09,0,trend_extrapolation_from_real_data
NGA,Nigeria,2080,60.49,63.84,57.14,0,trend_extrapolation_from_real_data
NGA,Nigeria,2081,60.6,64.0,57.2,0,trend_extrapolation_from_real_data
NGA,Nigeria,2082,60.71,64.16,57.26,0,trend_extrapolation_from_real_data
NGA,Nigeria,2083,60.81,64.31,57.31,0,trend_extrapolation_from_real_data
NGA,Nigeria,2084,60.92,64.47,57.37,0,trend_extrapolation_from_real_data
NGA,Nigeria,2085,61.02,64.62,57.42,0,trend_extrapolation_from_real_data
NGA,Nigeria,2086,61.13,64.78,57.48,0,trend_extrapolation_from_real_data
NGA,Nigeria,2087,61.23,64.93,57.53,0,trend_extrapolation_from_real_data
NGA,Nigeria,2088,61.34,65.09,57.59,0,trend_extrapolation_from_real_data
NGA,Nigeria,2089,61.45,65.25,57.65,0,trend_extrapolation_from_real_data
NGA,Nigeria,2090,61.55,65.4,57.7,0,trend_extrapolation_from_real_data
NGA,Nigeria,2091,61.66,65.56,57.76,0,trend_extrapolation_from_real_data
NGA,Nigeria,2092,61.76,65.71,57.81,0,trend_extrapolation_from_real_data
NGA,Nigeria,2093,61.87,65.87,57.87,0,trend_extrapolation_from_real_data
NGA,Nigeria,2094,61.97,66.02,57.92,0,trend_extrapolation_from_real_data
NGA,Nigeria,2095,62.08,66.18,57.98,0,trend_extrapolation_from_real_data
NGA,Nigeria,2096,62.19,66.34,58.04,0,trend_extrapolation_from_real_data
NGA,Nigeria,2097,62.29,66.49,58.09,0,trend_extrapolation_from_real_data
NGA,Nigeria,2098,62.4,66.65,58.15,0,trend_extrapolation_from_real_data
NGA,Nigeria,2099,62.5,66.8,58.2,0,trend_extrapolation_from_real_data
NGA,Nigeria,2100,62.61,66.96,58.26,0,trend_extrapolation_from_real_data
NLD,Netherlands,2024,81.93,82.48,81.38,0,trend_extrapolation_from_real_data
NLD,Netherlands,2025,81.95,82.55,81.35,0,trend_extrapolation_from_real_data
NLD,Netherlands,2026,81.98,82.63,81.33,0,trend_extrapolation_from_real_data
NLD,Netherlands,2027,82.0,82.7,81.3,0,trend_extrapolation_from_real_data
NLD,Netherlands,2028,82.02,82.77,81.27,0,trend_extrapolation_from_real_data
NLD,Netherlands,2029,82.04,82.84,81.24,0,trend_extrapolation_from_real_data
NLD,Netherlands,2030,82.06,82.91,81.21,0,trend_extrapolation_from_real_data
NLD,Netherlands,2031,82.08,82.98,81.18,0,trend_extrapolation_from_real_data
NLD,Netherlands,2032,82.1,83.05,81.15,0,trend_extrapolation_from_real_data
NLD,Netherlands,2033,82.12,83.12,81.12,0,trend_extrapolation_from_real_data
NLD,Netherlands,2034,82.14,83.19,81.09,0,trend_extrapolation_from_real_data
NLD,Netherlands,2035,82.16,83.26,81.06,0,trend_extrapolation_from_real_data
NLD,Netherlands,2036,82.18,83.33,81.03,0,trend_extrapolation_from_real_data
NLD,Netherlands,2037,82.2,83.4,81.0,0,trend_extrapolation_from_real_data
NLD,Netherlands,2038,82.22,83.47,80.97,0,trend_extrapolation_from_real_data
NLD,Netherlands,2039,82.24,83.54,80.94,0,trend_extrapolation_from_real_data
NLD,Netherlands,2040,82.26,83.61,80.91,0,trend_extrapolation_from_real_data
NLD,Netherlands,2041,82.28,83.68,80.88,0,trend_extrapolation_from_real_data
NLD,Netherlands,2042,82.3,83.75,80.85,0,trend_extrapolation_from_real_data
NLD,Netherlands,2043,82.32,83.82,80.82,0,trend_extrapolation_from_real_data
NLD,Netherlands,2044,82.34,83.89,80.79,0,trend_extrapolation_from_real_data
NLD,Netherlands,2045,82.36,83.96,80.76,0,trend_extrapolation_from_real_data
NLD,Netherlands,2046,82.38,84.03,80.73,0,trend_extrapolation_from_real_data
NLD,Netherlands,2047,82.4,84.1,80.7,0,trend_extrapolation_from_real_data
NLD,Netherlands,2048,82.42,84.17,80.67,0,trend_extrapolation_from_real_data
NLD,Netherlands,2049,82.44,84.24,80.64,0,trend_extrapolation_from_real_data
NLD,Netherlands,2050,82.46,84.31,80.61,0,trend_extrapolation_from_real_data
NLD,Netherlands,2051,82.48,84.38,80.58,0,trend_extrapolation_from_real_data
NLD,Netherlands,2052,82.5,84.45,80.55,0,trend_extrapolation_from_real_data
NLD,Netherlands,2053,82.52,84.52,80.52,0,trend_extrapolation_from_real_data
NLD,Netherlands,2054,82.54,84.59,80.49,0,trend_extrapolation_from_real_data
NLD,Netherlands,2055,82.56,84.66,80.46,0,trend_extrapolation_from_real_data
NLD,Netherlands,2056,82.58,84.73,80.43,0,trend_extrapolation_from_real_data
NLD,Netherlands,2057,82.6,84.8,80.4,0,trend_extrapolation_from_real_data
NLD,Netherlands,2058,82.62,84.87,80.37,0,trend_extrapolation_from_real_data
NLD,Netherlands,2059,82.64,84.94,80.34,0,trend_extrapolation_from_real_data
NLD,Netherlands,2060,82.66,85.01,80.31,0,trend_extrapolation_from_real_data
NLD,Netherlands,2061,82.68,85.08,80.28,0,trend_extrapolation_from_real_data
NLD,Netherlands,2062,82.7,85.15,80.25,0,trend_extrapolation_from_real_data
NLD,Netherlands,2063,82.72,85.22,80.22,0,trend_extrapolation_from_real_data
NLD,Netherlands,2064,82.74,85.29,80.19,0,trend_extrapolation_from_real_data
NLD,Netherlands,2065,82.76,85.36,80.16,0,trend_extrapolation_from_real_data
NLD,Netherlands,2066,82.78,85.43,80.13,0,trend_extrapolation_from_real_data
NLD,Netherlands,2067,82.8,85.5,80.1,0,trend_extrapolation_from_real_data
NLD,Netherlands,2068,82.82,85.57,80.07,0,trend_extrapolation_from_real_data
NLD,Netherlands,2069,82.84,85.64,80.04,0,trend_extrapolation_from_real_data
NLD,Netherlands,2070,82.86,85.71,80.01,0,trend_extrapolation_from_real_data
NLD,Netherlands,2071,82.88,85.78,79.98,0,trend_extrapolation_from_real_data
NLD,Netherlands,2072,82.9,85.85,79.95,0,trend_extrapolation_from_real_data
NLD,Netherlands,2073,82.92,85.92,79.92,0,trend_extrapolation_from_real_data
NLD,Netherlands,2074,82.94,85.99,79.89,0,trend_extrapolation_from_real_data
NLD,Netherlands,2075,82.96,86.06,79.86,0,trend_extrapolation_from_real_data
NLD,Netherlands,2076,82.98,86.13,79.83,0,trend_extrapolation_from_real_data
NLD,Netherlands,2077,83.0,86.2,79.8,0,trend_extrapolation_from_real_data
NLD,Netherlands,2078,83.02,86.27,79.77,0,trend_extrapolation_from_real_data
NLD,Netherlands,2079,83.04,86.34,79.74,0,trend_extrapolation_from_real_data
NLD,Netherlands,2080,83.06,86.41,79.71,0,trend_extrapolation_from_real_data
NLD,Netherlands,2081,83.08,86.48,79.68,0,trend_extrapolation_from_real_data
NLD,Netherlands,2082,83.1,86.55,79.65,0,trend_extrapolation_from_real_data
NLD,Netherlands,2083,83.12,86.62,79.62,0,trend_extrapolation_from_real_data
NLD,Netherlands,2084,83.15,86.7,79.6,0,trend_extrapolation_from_real_data
NLD,Netherlands,2085,83.17,86.77,79.57,0,trend_extrapolation_from_real_data
NLD,Netherlands,2086,83.19,86.84,79.54,0,trend_extrapolation_from_real_data
NLD,Netherlands,2087,83.21,86.91,79.51,0,trend_extrapolation_from_real_data
NLD,Netherlands,2088,83.23,86.98,79.48,0,trend_extrapolation_from_real_data
NLD,Netherlands,2089,83.25,87.05,79.45,0,trend_extrapolation_from_real_data
NLD,Netherlands,2090,83.27,87.12,79.42,0,trend_extrapolation_from_real_data
NLD,Netherlands,2091,83.29,87.19,79.39,0,trend_extrapolation_from_real_data
NLD,Netherlands,2092,83.31,87.26,79.36,0,trend_extrapolation_from_real_data
NLD,Netherlands,2093,83.33,87.33,79.33,0,trend_extrapolation_from_real_data
NLD,Netherlands,2094,83.35,87.4,79.3,0,trend_extrapolation_from_real_data
NLD,Netherlands,2095,83.37,87.47,79.27,0,trend_extrapolation_from_real_data
NLD,Netherlands,2096,83.39,87.54,79.24,0,trend_extrapolation_from_real_data
NLD,Netherlands,2097,83.41,87.61,79.21,0,trend_extrapolation_from_real_data
NLD,Netherlands,2098,83.43,87.68,79.18,0,trend_extrapolation_from_real_data
NLD,Netherlands,2099,83.45,87.75,79.15,0,trend_extrapolation_from_real_data
NLD,Netherlands,2100,83.47,87.82,79.12,0,trend_extrapolation_from_real_data
NOR,Norway,2024,83.14,83.69,82.59,0,trend_extrapolation_from_real_data
NOR,Norway,2025,83.16,83.76,82.56,0,trend_extrapolation_from_real_data
NOR,Norway,2026,83.18,83.83,82.53,0,trend_extrapolation_from_real_data
NOR,Norway,2027,83.21,83.91,82.51,0,trend_extrapolation_from_real_data
NOR,Norway,2028,83.23,83.98,82.48,0,trend_extrapolation_from_real_data
NOR,Norway,2029,83.26,84.06,82.46,0,trend_extrapolation_from_real_data
NOR,Norway,2030,83.28,84.13,82.43,0,trend_extrapolation_from_real_data
NOR,Norway,2031,83.3,84.2,82.4,0,trend_extrapolation_from_real_data
NOR,Norway,2032,83.33,84.28,82.38,0,trend_extrapolation_from_real_data
NOR,Norway,2033,83.35,84.35,82.35,0,trend_extrapolation_from_real_data
NOR,Norway,2034,83.37,84.42,82.32,0,trend_extrapolation_from_real_data
NOR,Norway,2035,83.4,84.5,82.3,0,trend_extrapolation_from_real_data
NOR,Norway,2036,83.42,84.57,82.27,0,trend_extrapolation_from_real_data
NOR,Norway,2037,83.45,84.65,82.25,0,trend_extrapolation_from_real_data
NOR,Norway,2038,83.47,84.72,82.22,0,trend_extrapolation_from_real_data
NOR,Norway,2039,83.49,84.79,82.19,0,trend_extrapolation_from_real_data
NOR,Norway,2040,83.52,84.87,82.17,0,trend_extrapolation_from_real_data
NOR,Norway,2041,83.54,84.94,82.14,0,trend_extrapolation_from_real_data
NOR,Norway,2042,83.56,85.01,82.11,0,trend_extrapolation_from_real_data
NOR,Norway,2043,83.59,85.09,82.09,0,trend_extrapolation_from_real_data
NOR,Norway,2044,83.61,85.16,82.06,0,trend_extrapolation_from_real_data
NOR,Norway,2045,83.64,85.24,82.04,0,trend_extrapolation_from_real_data
NOR,Norway,2046,83.66,85.31,82.01,0,trend_extrapolation_from_real_data
NOR,Norway,2047,83.68,85.38,81.98,0,trend_extrapolation_from_real_data
NOR,Norway,2048,83.71,85.46,81.96,0,trend_extrapolation_from_real_data
NOR,Norway,2049,83.73,85.53,81.93,0,trend_extrapolation_from_real_data
NOR,Norway,2050,83.76,85.61,81.91,0,trend_extrapolation_from_real_data
NOR,Norway,2051,83.78,85.68,81.88,0,trend_extrapolation_from_real_data
NOR,Norway,2052,83.8,85.75,81.85,0,trend_extrapolation_from_real_data
NOR,Norway,2053,83.83,85.83,81.83,0,trend_extrapolation_from_real_data
NOR,Norway,2054,83.85,85.9,81.8,0,trend_extrapolation_from_real_data
NOR,Norway,2055,83.87,85.97,81.77,0,trend_extrapolation_from_real_data
NOR,Norway,2056,83.9,86.05,81.75,0,trend_extrapolation_from_real_data
NOR,Norway,2057,83.92,86.12,81.72,0,trend_extrapolation_from_real_data
NOR,Norway,2058,83.95,86.2,81.7,0,trend_extrapolation_from_real_data
NOR,Norway,2059,83.97,86.27,81.67,0,trend_extrapolation_from_real_data
NOR,Norway,2060,83.99,86.34,81.64,0,trend_extrapolation_from_real_data
NOR,Norway,2061,84.02,86.42,81.62,0,trend_extrapolation_from_real_data
NOR,Norway,2062,84.04,86.49,81.59,0,trend_extrapolation_from_real_data
NOR,Norway,2063,84.07,86.57,81.57,0,trend_extrapolation_from_real_data
NOR,Norway,2064,84.09,86.64,81.54,0,trend_extrapolation_from_real_data
NOR,Norway,2065,84.11,86.71,81.51,0,trend_extrapolation_from_real_data
NOR,Norway,2066,84.14,86.79,81.49,0,trend_extrapolation_from_real_data
NOR,Norway,2067,84.16,86.86,81.46,0,trend_extrapolation_from_real_data
NOR,Norway,2068,84.18,86.93,81.43,0,trend_extrapolation_from_real_data
NOR,Norway,2069,84.21,87.01,81.41,0,trend_extrapolation_from_real_data
NOR,Norway,2070,84.23,87.08,81.38,0,trend_extrapolation_from_real_data
NOR,Norway,2071,84.26,87.16,81.36,0,trend_extrapolation_from_real_data
NOR,Norway,2072,84.28,87.23,81.33,0,trend_extrapolation_from_real_data
NOR,Norway,2073,84.3,87.3,81.3,0,trend_extrapolation_from_real_data
NOR,Norway,2074,84.33,87.38,81.28,0,trend_extrapolation_from_real_data
NOR,Norway,2075,84.35,87.45,81.25,0,trend_extrapolation_from_real_data
NOR,Norway,2076,84.38,87.53,81.23,0,trend_extrapolation_from_real_data
NOR,Norway,2077,84.4,87.6,81.2,0,trend_extrapolation_from_real_data
NOR,Norway,2078,84.42,87.67,81.17,0,trend_extrapolation_from_real_data
NOR,Norway,2079,84.45,87.75,81.15,0,trend_extrapolation_from_real_data
NOR,Norway,2080,84.47,87.82,81.12,0,trend_extrapolation_from_real_data
NOR,Norway,2081,84.49,87.89,81.09,0,trend_extrapolation_from_real_data
NOR,Norway,2082,84.52,87.97,81.07,0,trend_extrapolation_from_real_data
NOR,Norway,2083,84.54,88.04,81.04,0,trend_extrapolation_from_real_data
NOR,Norway,2084,84.57,88.12,81.02,0,trend_extrapolation_from_real_data
NOR,Norway,2085,84.59,88.19,80.99,0,trend_extrapolation_from_real_data
NOR,Norway,2086,84.61,88.26,80.96,0,trend_extrapolation_from_real_data
NOR,Norway,2087,84.64,88.34,80.94,0,trend_extrapolation_from_real_data
NOR,Norway,2088,84.66,88.41,80.91,0,trend_extrapolation_from_real_data
NOR,Norway,2089,84.68,88.48,80.88,0,trend_extrapolation_from_real_data
NOR,Norway,2090,84.71,88.56,80.86,0,trend_extrapolation_from_real_data
NOR,Norway,2091,84.73,88.63,80.83,0,trend_extrapolation_from_real_data
NOR,Norway,2092,84.76,88.71,80.81,0,trend_extrapolation_from_real_data
NOR,Norway,2093,84.78,88.78,80.78,0,trend_extrapolation_from_real_data
NOR,Norway,2094,84.8,88.85,80.75,0,trend_extrapolation_from_real_data
NOR,Norway,2095,84.83,88.93,80.73,0,trend_extrapolation_from_real_data
NOR,Norway,2096,84.85,89.0,80.7,0,trend_extrapolation_from_real_data
NOR,Norway,2097,84.88,89.08,80.68,0,trend_extrapolation_from_real_data
NOR,Norway,2098,84.9,89.15,80.65,0,trend_extrapolation_from_real_data
NOR,Norway,2099,84.92,89.22,80.62,0,trend_extrapolation_from_real_data
NOR,Norway,2100,84.95,89.3,80.6,0,trend_extrapolation_from_real_data
NZL,New Zealand,2024,83.02,83.57,82.47,0,trend_extrapolation_from_real_data
NZL,New Zealand,2025,83.04,83.64,82.44,0,trend_extrapolation_from_real_data
NZL,New Zealand,2026,83.06,83.71,82.41,0,trend_extrapolation_from_real_data
NZL,New Zealand,2027,83.08,83.78,82.38,0,trend_extrapolation_from_real_data
NZL,New Zealand,2028,83.1,83.85,82.35,0,trend_extrapolation_from_real_data
NZL,New Zealand,2029,83.12,83.92,82.32,0,trend_extrapolation_from_real_data
NZL,New Zealand,2030,83.14,83.99,82.29,0,trend_extrapolation_from_real_data
NZL,New Zealand,2031,83.16,84.06,82.26,0,trend_extrapolation_from_real_data
NZL,New Zealand,2032,83.18,84.13,82.23,0,trend_extrapolation_from_real_data
NZL,New Zealand,2033,83.2,84.2,82.2,0,trend_extrapolation_from_real_data
NZL,New Zealand,2034,83.22,84.27,82.17,0,trend_extrapolation_from_real_data
NZL,New Zealand,2035,83.24,84.34,82.14,0,trend_extrapolation_from_real_data
NZL,New Zealand,2036,83.26,84.41,82.11,0,trend_extrapolation_from_real_data
NZL,New Zealand,2037,83.28,84.48,82.08,0,trend_extrapolation_from_real_data
NZL,New Zealand,2038,83.3,84.55,82.05,0,trend_extrapolation_from_real_data
NZL,New Zealand,2039,83.32,84.62,82.02,0,trend_extrapolation_from_real_data
NZL,New Zealand,2040,83.34,84.69,81.99,0,trend_extrapolation_from_real_data
NZL,New Zealand,2041,83.36,84.76,81.96,0,trend_extrapolation_from_real_data
NZL,New Zealand,2042,83.38,84.83,81.93,0,trend_extrapolation_from_real_data
NZL,New Zealand,2043,83.4,84.9,81.9,0,trend_extrapolation_from_real_data
NZL,New Zealand,2044,83.42,84.97,81.87,0,trend_extrapolation_from_real_data
NZL,New Zealand,2045,83.44,85.04,81.84,0,trend_extrapolation_from_real_data
NZL,New Zealand,2046,83.46,85.11,81.81,0,trend_extrapolation_from_real_data
NZL,New Zealand,2047,83.48,85.18,81.78,0,trend_extrapolation_from_real_data
NZL,New Zealand,2048,83.5,85.25,81.75,0,trend_extrapolation_from_real_data
NZL,New Zealand,2049,83.52,85.32,81.72,0,trend_extrapolation_from_real_data
NZL,New Zealand,2050,83.54,85.39,81.69,0,trend_extrapolation_from_real_data
NZL,New Zealand,2051,83.56,85.46,81.66,0,trend_extrapolation_from_real_data
NZL,New Zealand,2052,83.58,85.53,81.63,0,trend_extrapolation_from_real_data
NZL,New Zealand,2053,83.6,85.6,81.6,0,trend_extrapolation_from_real_data
NZL,New Zealand,2054,83.62,85.67,81.57,0,trend_extrapolation_from_real_data
NZL,New Zealand,2055,83.64,85.74,81.54,0,trend_extrapolation_from_real_data
NZL,New Zealand,2056,83.66,85.81,81.51,0,trend_extrapolation_from_real_data
NZL,New Zealand,2057,83.68,85.88,81.48,0,trend_extrapolation_from_real_data
NZL,New Zealand,2058,83.7,85.95,81.45,0,trend_extrapolation_from_real_data
NZL,New Zealand,2059,83.72,86.02,81.42,0,trend_extrapolation_from_real_data
NZL,New Zealand,2060,83.74,86.09,81.39,0,trend_extrapolation_from_real_data
NZL,New Zealand,2061,83.76,86.16,81.36,0,trend_extrapolation_from_real_data
NZL,New Zealand,2062,83.78,86.23,81.33,0,trend_extrapolation_from_real_data
NZL,New Zealand,2063,83.8,86.3,81.3,0,trend_extrapolation_from_real_data
NZL,New Zealand,2064,83.82,86.37,81.27,0,trend_extrapolation_from_real_data
NZL,New Zealand,2065,83.84,86.44,81.24,0,trend_extrapolation_from_real_data
NZL,New Zealand,2066,83.86,86.51,81.21,0,trend_extrapolation_from_real_data
NZL,New Zealand,2067,83.88,86.58,81.18,0,trend_extrapolation_from_real_data
NZL,New Zealand,2068,83.9,86.65,81.15,0,trend_extrapolation_from_real_data
NZL,New Zealand,2069,83.91,86.71,81.11,0,trend_extrapolation_from_real_data
NZL,New Zealand,2070,83.93,86.78,81.08,0,trend_extrapolation_from_real_data
NZL,New Zealand,2071,83.95,86.85,81.05,0,trend_extrapolation_from_real_data
NZL,New Zealand,2072,83.97,86.92,81.02,0,trend_extrapolation_from_real_data
NZL,New Zealand,2073,83.99,86.99,80.99,0,trend_extrapolation_from_real_data
NZL,New Zealand,2074,84.01,87.06,80.96,0,trend_extrapolation_from_real_data
NZL,New Zealand,2075,84.03,87.13,80.93,0,trend_extrapolation_from_real_data
NZL,New Zealand,2076,84.05,87.2,80.9,0,trend_extrapolation_from_real_data
NZL,New Zealand,2077,84.07,87.27,80.87,0,trend_extrapolation_from_real_data
NZL,New Zealand,2078,84.09,87.34,80.84,0,trend_extrapolation_from_real_data
NZL,New Zealand,2079,84.11,87.41,80.81,0,trend_extrapolation_from_real_data
NZL,New Zealand,2080,84.13,87.48,80.78,0,trend_extrapolation_from_real_data
NZL,New Zealand,2081,84.15,87.55,80.75,0,trend_extrapolation_from_real_data
NZL,New Zealand,2082,84.17,87.62,80.72,0,trend_extrapolation_from_real_data
NZL,New Zealand,2083,84.19,87.69,80.69,0,trend_extrapolation_from_real_data
NZL,New Zealand,2084,84.21,87.76,80.66,0,trend_extrapolation_from_real_data
NZL,New Zealand,2085,84.23,87.83,80.63,0,trend_extrapolation_from_real_data
NZL,New Zealand,2086,84.25,87.9,80.6,0,trend_extrapolation_from_real_data
NZL,New Zealand,2087,84.27,87.97,80.57,0,trend_extrapolation_from_real_data
NZL,New Zealand,2088,84.29,88.04,80.54,0,trend_extrapolation_from_real_data
NZL,New Zealand,2089,84.31,88.11,80.51,0,trend_extrapolation_from_real_data
NZL,New Zealand,2090,84.33,88.18,80.48,0,trend_extrapolation_from_real_data
NZL,New Zealand,2091,84.35,88.25,80.45,0,trend_extrapolation_from_real_data
NZL,New Zealand,2092,84.37,88.32,80.42,0,trend_extrapolation_from_real_data
NZL,New Zealand,2093,84.39,88.39,80.39,0,trend_extrapolation_from_real_data
NZL,New Zealand,2094,84.41,88.46,80.36,0,trend_extrapolation_from_real_data
NZL,New Zealand,2095,84.43,88.53,80.33,0,trend_extrapolation_from_real_data
NZL,New Zealand,2096,84.45,88.6,80.3,0,trend_extrapolation_from_real_data
NZL,New Zealand,2097,84.47,88.67,80.27,0,trend_extrapolation_from_real_data
NZL,New Zealand,2098,84.49,88.74,80.24,0,trend_extrapolation_from_real_data
NZL,New Zealand,2099,84.51,88.81,80.21,0,trend_extrapolation_from_real_data
NZL,New Zealand,2100,84.53,88.88,80.18,0,trend_extrapolation_from_real_data
PAK,Pakistan,2024,67.71,68.26,67.16,0,trend_extrapolation_from_real_data
PAK,Pakistan,2025,67.78,68.38,67.18,0,trend_extrapolation_from_real_data
PAK,Pakistan,2026,67.84,68.49,67.19,0,trend_extrapolation_from_real_data
PAK,Pakistan,2027,67.91,68.61,67.21,0,trend_extrapolation_from_real_data
PAK,Pakistan,2028,67.97,68.72,67.22,0,trend_extrapolation_from_real_data
PAK,Pakistan,2029,68.04,68.84,67.24,0,trend_extrapolation_from_real_data
PAK,Pakistan,2030,68.1,68.95,67.25,0,trend_extrapolation_from_real_data
PAK,Pakistan,2031,68.17,69.07,67.27,0,trend_extrapolation_from_real_data
PAK,Pakistan,2032,68.23,69.18,67.28,0,trend_extrapolation_from_real_data
PAK,Pakistan,2033,68.3,69.3,67.3,0,trend_extrapolation_from_real_data
PAK,Pakistan,2034,68.36,69.41,67.31,0,trend_extrapolation_from_real_data
PAK,Pakistan,2035,68.43,69.53,67.33,0,trend_extrapolation_from_real_data
PAK,Pakistan,2036,68.49,69.64,67.34,0,trend_extrapolation_from_real_data
PAK,Pakistan,2037,68.56,69.76,67.36,0,trend_extrapolation_from_real_data
PAK,Pakistan,2038,68.62,69.87,67.37,0,trend_extrapolation_from_real_data
PAK,Pakistan,2039,68.69,69.99,67.39,0,trend_extrapolation_from_real_data
PAK,Pakistan,2040,68.75,70.1,67.4,0,trend_extrapolation_from_real_data
PAK,Pakistan,2041,68.82,70.22,67.42,0,trend_extrapolation_from_real_data
PAK,Pakistan,2042,68.88,70.33,67.43,0,trend_extrapolation_from_real_data
PAK,Pakistan,2043,68.95,70.45,67.45,0,trend_extrapolation_from_real_data
PAK,Pakistan,2044,69.01,70.56,67.46,0,trend_extrapolation_from_real_data
PAK,Pakistan,2045,69.08,70.68,67.48,0,trend_extrapolation_from_real_data
PAK,Pakistan,2046,69.14,70.79,67.49,0,trend_extrapolation_from_real_data
PAK,Pakistan,2047,69.21,70.91,67.51,0,trend_extrapolation_from_real_data
PAK,Pakistan,2048,69.27,71.02,67.52,0,trend_extrapolation_from_real_data
PAK,Pakistan,2049,69.34,71.14,67.54,0,trend_extrapolation_from_real_data
PAK,Pakistan,2050,69.4,71.25,67.55,0,trend_extrapolation_from_real_data
PAK,Pakistan,2051,69.47,71.37,67.57,0,trend_extrapolation_from_real_data
PAK,Pakistan,2052,69.53,71.48,67.58,0,trend_extrapolation_from_real_data
PAK,Pakistan,2053,69.6,71.6,67.6,0,trend_extrapolation_from_real_data
PAK,Pakistan,2054,69.66,71.71,67.61,0,trend_extrapolation_from_real_data
PAK,Pakistan,2055,69.73,71.83,67.63,0,trend_extrapolation_from_real_data
PAK,Pakistan,2056,69.79,71.94,67.64,0,trend_extrapolation_from_real_data
PAK,Pakistan,2057,69.86,72.06,67.66,0,trend_extrapolation_from_real_data
PAK,Pakistan,2058,69.92,72.17,67.67,0,trend_extrapolation_from_real_data
PAK,Pakistan,2059,69.99,72.29,67.69,0,trend_extrapolation_from_real_data
PAK,Pakistan,2060,70.05,72.4,67.7,0,trend_extrapolation_from_real_data
PAK,Pakistan,2061,70.12,72.52,67.72,0,trend_extrapolation_from_real_data
PAK,Pakistan,2062,70.18,72.63,67.73,0,trend_extrapolation_from_real_data
PAK,Pakistan,2063,70.24,72.74,67.74,0,trend_extrapolation_from_real_data
PAK,Pakistan,2064,70.31,72.86,67.76,0,trend_extrapolation_from_real_data
PAK,Pakistan,2065,70.37,72.97,67.77,0,trend_extrapolation_from_real_data
PAK,Pakistan,2066,70.44,73.09,67.79,0,trend_extrapolation_from_real_data
PAK,Pakistan,2067,70.5,73.2,67.8,0,trend_extrapolation_from_real_data
PAK,Pakistan,2068,70.57,73.32,67.82,0,trend_extrapolation_from_real_data
PAK,Pakistan,2069,70.63,73.43,67.83,0,trend_extrapolation_from_real_data
PAK,Pakistan,2070,70.7,73.55,67.85,0,trend_extrapolation_from_real_data
PAK,Pakistan,2071,70.76,73.66,67.86,0,trend_extrapolation_from_real_data
PAK,Pakistan,2072,70.83,73.78,67.88,0,trend_extrapolation_from_real_data
PAK,Pakistan,2073,70.89,73.89,67.89,0,trend_extrapolation_from_real_data
PAK,Pakistan,2074,70.96,74.01,67.91,0,trend_extrapolation_from_real_data
PAK,Pakistan,2075,71.02,74.12,67.92,0,trend_extrapolation_from_real_data
PAK,Pakistan,2076,71.09,74.24,67.94,0,trend_extrapolation_from_real_data
PAK,Pakistan,2077,71.15,74.35,67.95,0,trend_extrapolation_from_real_data
PAK,Pakistan,2078,71.22,74.47,67.97,0,trend_extrapolation_from_real_data
PAK,Pakistan,2079,71.28,74.58,67.98,0,trend_extrapolation_from_real_data
PAK,Pakistan,2080,71.35,74.7,68.0,0,trend_extrapolation_from_real_data
PAK,Pakistan,2081,71.41,74.81,68.01,0,trend_extrapolation_from_real_data
PAK,Pakistan,2082,71.48,74.93,68.03,0,trend_extrapolation_from_real_data
PAK,Pakistan,2083,71.54,75.04,68.04,0,trend_extrapolation_from_real_data
PAK,Pakistan,2084,71.61,75.16,68.06,0,trend_extrapolation_from_real_data
PAK,Pakistan,2085,71.67,75.27,68.07,0,trend_extrapolation_from_real_data
PAK,Pakistan,2086,71.74,75.39,68.09,0,trend_extrapolation_from_real_data
PAK,Pakistan,2087,71.8,75.5,68.1,0,trend_extrapolation_from_real_data
PAK,Pakistan,2088,71.87,75.62,68.12,0,trend_extrapolation_from_real_data
PAK,Pakistan,2089,71.93,75.73,68.13,0,trend_extrapolation_from_real_data
PAK,Pakistan,2090,72.0,75.85,68.15,0,trend_extrapolation_from_real_data
PAK,Pakistan,2091,72.06,75.96,68.16,0,trend_extrapolation_from_real_data
PAK,Pakistan,2092,72.13,76.08,68.18,0,trend_extrapolation_from_real_data
PAK,Pakistan,2093,72.19,76.19,68.19,0,trend_extrapolation_from_real_data
PAK,Pakistan,2094,72.26,76.31,68.21,0,trend_extrapolation_from_real_data
PAK,Pakistan,2095,72.32,76.42,68.22,0,trend_extrapolation_from_real_data
PAK,Pakistan,2096,72.39,76.54,68.24,0,trend_extrapolation_from_real_data
PAK,Pakistan,2097,72.45,76.65,68.25,0,trend_extrapolation_from_real_data
PAK,Pakistan,2098,72.52,76.77,68.27,0,trend_extrapolation_from_real_data
PAK,Pakistan,2099,72.58,76.88,68.28,0,trend_extrapolation_from_real_data
PAK,Pakistan,2100,72.65,77.0,68.3,0,trend_extrapolation_from_real_data
PER,Peru,2024,77.78,78.33,77.23,0,trend_extrapolation_from_real_data
PER,Peru,2025,77.83,78.43,77.23,0,trend_extrapolation_from_real_data
PER,Peru,2026,77.87,78.52,77.22,0,trend_extrapolation_from_real_data
PER,Peru,2027,77.92,78.62,77.22,0,trend_extrapolation_from_real_data
PER,Peru,2028,77.96,78.71,77.21,0,trend_extrapolation_from_real_data
PER,Peru,2029,78.0,78.8,77.2,0,trend_extrapolation_from_real_data
PER,Peru,2030,78.05,78.9,77.2,0,trend_extrapolation_from_real_data
PER,Peru,2031,78.09,78.99,77.19,0,trend_extrapolation_from_real_data
PER,Peru,2032,78.14,79.09,77.19,0,trend_extrapolation_from_real_data
PER,Peru,2033,78.18,79.18,77.18,0,trend_extrapolation_from_real_data
PER,Peru,2034,78.22,79.27,77.17,0,trend_extrapolation_from_real_data
PER,Peru,2035,78.27,79.37,77.17,0,trend_extrapolation_from_real_data
PER,Peru,2036,78.31,79.46,77.16,0,trend_extrapolation_from_real_data
PER,Peru,2037,78.36,79.56,77.16,0,trend_extrapolation_from_real_data
PER,Peru,2038,78.4,79.65,77.15,0,trend_extrapolation_from_real_data
PER,Peru,2039,78.44,79.74,77.14,0,trend_extrapolation_from_real_data
PER,Peru,2040,78.49,79.84,77.14,0,trend_extrapolation_from_real_data
PER,Peru,2041,78.53,79.93,77.13,0,trend_extrapolation_from_real_data
PER,Peru,2042,78.58,80.03,77.13,0,trend_extrapolation_from_real_data
PER,Peru,2043,78.62,80.12,77.12,0,trend_extrapolation_from_real_data
PER,Peru,2044,78.66,80.21,77.11,0,trend_extrapolation_from_real_data
PER,Peru,2045,78.71,80.31,77.11,0,trend_extrapolation_from_real_data
PER,Peru,2046,78.75,80.4,77.1,0,trend_extrapolation_from_real_data
PER,Peru,2047,78.8,80.5,77.1,0,trend_extrapolation_from_real_data
PER,Peru,2048,78.84,80.59,77.09,0,trend_extrapolation_from_real_data
PER,Peru,2049,78.88,80.68,77.08,0,trend_extrapolation_from_real_data
PER,Peru,2050,78.93,80.78,77.08,0,trend_extrapolation_from_real_data
PER,Peru,2051,78.97,80.87,77.07,0,trend_extrapolation_from_real_data
PER,Peru,2052,79.02,80.97,77.07,0,trend_extrapolation_from_real_data
PER,Peru,2053,79.06,81.06,77.06,0,trend_extrapolation_from_real_data
PER,Peru,2054,79.1,81.15,77.05,0,trend_extrapolation_from_real_data
PER,Peru,2055,79.15,81.25,77.05,0,trend_extrapolation_from_real_data
PER,Peru,2056,79.19,81.34,77.04,0,trend_extrapolation_from_real_data
PER,Peru,2057,79.24,81.44,77.04,0,trend_extrapolation_from_real_data
PER,Peru,2058,79.28,81.53,77.03,0,trend_extrapolation_from_real_data
PER,Peru,2059,79.32,81.62,77.02,0,trend_extrapolation_from_real_data
PER,Peru,2060,79.37,81.72,77.02,0,trend_extrapolation_from_real_data
PER,Peru,2061,79.41,81.81,77.01,0,trend_extrapolation_from_real_data
PER,Peru,2062,79.46,81.91,77.01,0,trend_extrapolation_from_real_data
PER,Peru,2063,79.5,82.0,77.0,0,trend_extrapolation_from_real_data
PER,Peru,2064,79.54,82.09,76.99,0,trend_extrapolation_from_real_data
PER,Peru,2065,79.59,82.19,76.99,0,trend_extrapolation_from_real_data
PER,Peru,2066,79.63,82.28,76.98,0,trend_extrapolation_from_real_data
PER,Peru,2067,79.68,82.38,76.98,0,trend_extrapolation_from_real_data
PER,Peru,2068,79.72,82.47,76.97,0,trend_extrapolation_from_real_data
PER,Peru,2069,79.77,82.57,76.97,0,trend_extrapolation_from_real_data
PER,Peru,2070,79.81,82.66,76.96,0,trend_extrapolation_from_real_data
PER,Peru,2071,79.85,82.75,76.95,0,trend_extrapolation_from_real_data
PER,Peru,2072,79.9,82.85,76.95,0,trend_extrapolation_from_real_data
PER,Peru,2073,79.94,82.94,76.94,0,trend_extrapolation_from_real_data
PER,Peru,2074,79.99,83.04,76.94,0,trend_extrapolation_from_real_data
PER,Peru,2075,80.03,83.13,76.93,0,trend_extrapolation_from_real_data
PER,Peru,2076,80.07,83.22,76.92,0,trend_extrapolation_from_real_data
PER,Peru,2077,80.12,83.32,76.92,0,trend_extrapolation_from_real_data
PER,Peru,2078,80.16,83.41,76.91,0,trend_extrapolation_from_real_data
PER,Peru,2079,80.21,83.51,76.91,0,trend_extrapolation_from_real_data
PER,Peru,2080,80.25,83.6,76.9,0,trend_extrapolation_from_real_data
PER,Peru,2081,80.29,83.69,76.89,0,trend_extrapolation_from_real_data
PER,Peru,2082,80.34,83.79,76.89,0,trend_extrapolation_from_real_data
PER,Peru,2083,80.38,83.88,76.88,0,trend_extrapolation_from_real_data
PER,Peru,2084,80.43,83.98,76.88,0,trend_extrapolation_from_real_data
PER,Peru,2085,80.47,84.07,76.87,0,trend_extrapolation_from_real_data
PER,Peru,2086,80.51,84.16,76.86,0,trend_extrapolation_from_real_data
PER,Peru,2087,80.56,84.26,76.86,0,trend_extrapolation_from_real_data
PER,Peru,2088,80.6,84.35,76.85,0,trend_extrapolation_from_real_data
PER,Peru,2089,80.65,84.45,76.85,0,trend_extrapolation_from_real_data
PER,Peru,2090,80.69,84.54,76.84,0,trend_extrapolation_from_real_data
PER,Peru,2091,80.73,84.63,76.83,0,trend_extrapolation_from_real_data
PER,Peru,2092,80.78,84.73,76.83,0,trend_extrapolation_from_real_data
PER,Peru,2093,80.82,84.82,76.82,0,trend_extrapolation_from_real_data
PER,Peru,2094,80.87,84.92,76.82,0,trend_extrapolation_from_real_data
PER,Peru,2095,80.91,85.01,76.81,0,trend_extrapolation_from_real_data
PER,Peru,2096,80.95,85.1,76.8,0,trend_extrapolation_from_real_data
PER,Peru,2097,81.0,85.2,76.8,0,trend_extrapolation_from_real_data
PER,Peru,2098,81.04,85.29,76.79,0,trend_extrapolation_from_real_data
PER,Peru,2099,81.09,85.39,76.79,0,trend_extrapolation_from_real_data
PER,Peru,2100,81.13,85.48,76.78,0,trend_extrapolation_from_real_data
PHL,Philippines,2024,69.85,70.4,69.3,0,trend_extrapolation_from_real_data
PHL,Philippines,2025,69.87,70.47,69.27,0,trend_extrapolation_from_real_data
PHL,Philippines,2026,69.88,70.53,69.23,0,trend_extrapolation_from_real_data
PHL,Philippines,2027,69.9,70.6,69.2,0,trend_extrapolation_from_real_data
PHL,Philippines,2028,69.92,70.67,69.17,0,trend_extrapolation_from_real_data
PHL,Philippines,2029,69.93,70.73,69.13,0,trend_extrapolation_from_real_data
PHL,Philippines,2030,69.95,70.8,69.1,0,trend_extrapolation_from_real_data
PHL,Philippines,2031,69.97,70.87,69.07,0,trend_extrapolation_from_real_data
PHL,Philippines,2032,69.98,70.93,69.03,0,trend_extrapolation_from_real_data
PHL,Philippines,2033,70.0,71.0,69.0,0,trend_extrapolation_from_real_data
PHL,Philippines,2034,70.02,71.07,68.97,0,trend_extrapolation_from_real_data
PHL,Philippines,2035,70.03,71.13,68.93,0,trend_extrapolation_from_real_data
PHL,Philippines,2036,70.05,71.2,68.9,0,trend_extrapolation_from_real_data
PHL,Philippines,2037,70.07,71.27,68.87,0,trend_extrapolation_from_real_data
PHL,Philippines,2038,70.08,71.33,68.83,0,trend_extrapolation_from_real_data
PHL,Philippines,2039,70.1,71.4,68.8,0,trend_extrapolation_from_real_data
PHL,Philippines,2040,70.11,71.46,68.76,0,trend_extrapolation_from_real_data
PHL,Philippines,2041,70.13,71.53,68.73,0,trend_extrapolation_from_real_data
PHL,Philippines,2042,70.15,71.6,68.7,0,trend_extrapolation_from_real_data
PHL,Philippines,2043,70.16,71.66,68.66,0,trend_extrapolation_from_real_data
PHL,Philippines,2044,70.18,71.73,68.63,0,trend_extrapolation_from_real_data
PHL,Philippines,2045,70.2,71.8,68.6,0,trend_extrapolation_from_real_data
PHL,Philippines,2046,70.21,71.86,68.56,0,trend_extrapolation_from_real_data
PHL,Philippines,2047,70.23,71.93,68.53,0,trend_extrapolation_from_real_data
PHL,Philippines,2048,70.25,72.0,68.5,0,trend_extrapolation_from_real_data
PHL,Philippines,2049,70.26,72.06,68.46,0,trend_extrapolation_from_real_data
PHL,Philippines,2050,70.28,72.13,68.43,0,trend_extrapolation_from_real_data
PHL,Philippines,2051,70.3,72.2,68.4,0,trend_extrapolation_from_real_data
PHL,Philippines,2052,70.31,72.26,68.36,0,trend_extrapolation_from_real_data
PHL,Philippines,2053,70.33,72.33,68.33,0,trend_extrapolation_from_real_data
PHL,Philippines,2054,70.35,72.4,68.3,0,trend_extrapolation_from_real_data
PHL,Philippines,2055,70.36,72.46,68.26,0,trend_extrapolation_from_real_data
PHL,Philippines,2056,70.38,72.53,68.23,0,trend_extrapolation_from_real_data
PHL,Philippines,2057,70.4,72.6,68.2,0,trend_extrapolation_from_real_data
PHL,Philippines,2058,70.41,72.66,68.16,0,trend_extrapolation_from_real_data
PHL,Philippines,2059,70.43,72.73,68.13,0,trend_extrapolation_from_real_data
PHL,Philippines,2060,70.45,72.8,68.1,0,trend_extrapolation_from_real_data
PHL,Philippines,2061,70.46,72.86,68.06,0,trend_extrapolation_from_real_data
PHL,Philippines,2062,70.48,72.93,68.03,0,trend_extrapolation_from_real_data
PHL,Philippines,2063,70.5,73.0,68.0,0,trend_extrapolation_from_real_data
PHL,Philippines,2064,70.51,73.06,67.96,0,trend_extrapolation_from_real_data
PHL,Philippines,2065,70.53,73.13,67.93,0,trend_extrapolation_from_real_data
PHL,Philippines,2066,70.55,73.2,67.9,0,trend_extrapolation_from_real_data
PHL,Philippines,2067,70.56,73.26,67.86,0,trend_extrapolation_from_real_data
PHL,Philippines,2068,70.58,73.33,67.83,0,trend_extrapolation_from_real_data
PHL,Philippines,2069,70.6,73.4,67.8,0,trend_extrapolation_from_real_data
PHL,Philippines,2070,70.61,73.46,67.76,0,trend_extrapolation_from_real_data
PHL,Philippines,2071,70.63,73.53,67.73,0,trend_extrapolation_from_real_data
PHL,Philippines,2072,70.65,73.6,67.7,0,trend_extrapolation_from_real_data
PHL,Philippines,2073,70.66,73.66,67.66,0,trend_extrapolation_from_real_data
PHL,Philippines,2074,70.68,73.73,67.63,0,trend_extrapolation_from_real_data
PHL,Philippines,2075,70.7,73.8,67.6,0,trend_extrapolation_from_real_data
PHL,Philippines,2076,70.71,73.86,67.56,0,trend_extrapolation_from_real_data
PHL,Philippines,2077,70.73,73.93,67.53,0,trend_extrapolation_from_real_data
PHL,Philippines,2078,70.74,73.99,67.49,0,trend_extrapolation_from_real_data
PHL,Philippines,2079,70.76,74.06,67.46,0,trend_extrapolation_from_real_data
PHL,Philippines,2080,70.78,74.13,67.43,0,trend_extrapolation_from_real_data
PHL,Philippines,2081,70.79,74.19,67.39,0,trend_extrapolation_from_real_data
PHL,Philippines,2082,70.81,74.26,67.36,0,trend_extrapolation_from_real_data
PHL,Philippines,2083,70.83,74.33,67.33,0,trend_extrapolation_from_real_data
PHL,Philippines,2084,70.84,74.39,67.29,0,trend_extrapolation_from_real_data
PHL,Philippines,2085,70.86,74.46,67.26,0,trend_extrapolation_from_real_data
PHL,Philippines,2086,70.88,74.53,67.23,0,trend_extrapolation_from_real_data
PHL,Philippines,2087,70.89,74.59,67.19,0,trend_extrapolation_from_real_data
PHL,Philippines,2088,70.91,74.66,67.16,0,trend_extrapolation_from_real_data
PHL,Philippines,2089,70.93,74.73,67.13,0,trend_extrapolation_from_real_data
PHL,Philippines,2090,70.94,74.79,67.09,0,trend_extrapolation_from_real_data
PHL,Philippines,2091,70.96,74.86,67.06,0,trend_extrapolation_from_real_data
PHL,Philippines,2092,70.98,74.93,67.03,0,trend_extrapolation_from_real_data
PHL,Philippines,2093,70.99,74.99,66.99,0,trend_extrapolation_from_real_data
PHL,Philippines,2094,71.01,75.06,66.96,0,trend_extrapolation_from_real_data
PHL,Philippines,2095,71.03,75.13,66.93,0,trend_extrapolation_from_real_data
PHL,Philippines,2096,71.04,75.19,66.89,0,trend_extrapolation_from_real_data
PHL,Philippines,2097,71.06,75.26,66.86,0,trend_extrapolation_from_real_data
PHL,Philippines,2098,71.08,75.33,66.83,0,trend_extrapolation_from_real_data
PHL,Philippines,2099,71.09,75.39,66.79,0,trend_extrapolation_from_real_data
PHL,Philippines,2100,71.11,75.46,66.76,0,trend_extrapolation_from_real_data
PNG,Papua New Guinea,2024,66.2,66.75,65.65,0,trend_extrapolation_from_real_data
PNG,Papua New Guinea,2025,66.26,66.86,65.66,0,trend_extrapolation_from_real_data
PNG,Papua New Guinea,2026,66.33,66.98,65.68,0,trend_extrapolation_from_real_data
PNG,Papua New Guinea,2027,66.39,67.09,65.69,0,trend_extrapolation_from_real_data
PNG,Papua New Guinea,2028,66.46,67.21,65.71,0,trend_extrapolation_from_real_data
PNG,Papua New Guinea,2029,66.52,67.32,65.72,0,trend_extrapolation_from_real_data
PNG,Papua New Guinea,2030,66.59,67.44,65.74,0,trend_extrapolation_from_real_data
PNG,Papua New Guinea,2031,66.65,67.55,65.75,0,trend_extrapolation_from_real_data
PNG,Papua New Guinea,2032,66.72,67.67,65.77,0,trend_extrapolation_from_real_data
PNG,Papua New Guinea,2033,66.78,67.78,65.78,0,trend_extrapolation_from_real_data
PNG,Papua New Guinea,2034,66.85,67.9,65.8,0,trend_extrapolation_from_real_data
PNG,Papua New Guinea,2035,66.91,68.01,65.81,0,trend_extrapolation_from_real_data
PNG,Papua New Guinea,2036,66.98,68.13,65.83,0,trend_extrapolation_from_real_data
PNG,Papua New Guinea,2037,67.04,68.24,65.84,0,trend_extrapolation_from_real_data
PNG,Papua New Guinea,2038,67.11,68.36,65.86,0,trend_extrapolation_from_real_data
PNG,Papua New Guinea,2039,67.17,68.47,65.87,0,trend_extrapolation_from_real_data
PNG,Papua New Guinea,2040,67.24,68.59,65.89,0,trend_extrapolation_from_real_data
PNG,Papua New Guinea,2041,67.3,68.7,65.9,0,trend_extrapolation_from_real_data
PNG,Papua New Guinea,2042,67.37,68.82,65.92,0,trend_extrapolation_from_real_data
PNG,Papua New Guinea,2043,67.43,68.93,65.93,0,trend_extrapolation_from_real_data
PNG,Papua New Guinea,2044,67.5,69.05,65.95,0,trend_extrapolation_from_real_data
PNG,Papua New Guinea,2045,67.56,69.16,65.96,0,trend_extrapolation_from_real_data
PNG,Papua New Guinea,2046,67.63,69.28,65.98,0,trend_extrapolation_from_real_data
PNG,Papua New Guinea,2047,67.69,69.39,65.99,0,trend_extrapolation_from_real_data
PNG,Papua New Guinea,2048,67.76,69.51,66.01,0,trend_extrapolation_from_real_data
PNG,Papua New Guinea,2049,67.82,69.62,66.02,0,trend_extrapolation_from_real_data
PNG,Papua New Guinea,2050,67.89,69.74,66.04,0,trend_extrapolation_from_real_data
PNG,Papua New Guinea,2051,67.95,69.85,66.05,0,trend_extrapolation_from_real_data
PNG,Papua New Guinea,2052,68.02,69.97,66.07,0,trend_extrapolation_from_real_data
PNG,Papua New Guinea,2053,68.08,70.08,66.08,0,trend_extrapolation_from_real_data
PNG,Papua New Guinea,2054,68.15,70.2,66.1,0,trend_extrapolation_from_real_data
PNG,Papua New Guinea,2055,68.21,70.31,66.11,0,trend_extrapolation_from_real_data
PNG,Papua New Guinea,2056,68.28,70.43,66.13,0,trend_extrapolation_from_real_data
PNG,Papua New Guinea,2057,68.34,70.54,66.14,0,trend_extrapolation_from_real_data
PNG,Papua New Guinea,2058,68.41,70.66,66.16,0,trend_extrapolation_from_real_data
PNG,Papua New Guinea,2059,68.47,70.77,66.17,0,trend_extrapolation_from_real_data
PNG,Papua New Guinea,2060,68.54,70.89,66.19,0,trend_extrapolation_from_real_data
PNG,Papua New Guinea,2061,68.6,71.0,66.2,0,trend_extrapolation_from_real_data
PNG,Papua New Guinea,2062,68.67,71.12,66.22,0,trend_extrapolation_from_real_data
PNG,Papua New Guinea,2063,68.73,71.23,66.23,0,trend_extrapolation_from_real_data
PNG,Papua New Guinea,2064,68.8,71.35,66.25,0,trend_extrapolation_from_real_data
PNG,Papua New Guinea,2065,68.86,71.46,66.26,0,trend_extrapolation_from_real_data
PNG,Papua New Guinea,2066,68.93,71.58,66.28,0,trend_extrapolation_from_real_data
PNG,Papua New Guinea,2067,68.99,71.69,66.29,0,trend_extrapolation_from_real_data
PNG,Papua New Guinea,2068,69.06,71.81,66.31,0,trend_extrapolation_from_real_data
PNG,Papua New Guinea,2069,69.12,71.92,66.32,0,trend_extrapolation_from_real_data
PNG,Papua New Guinea,2070,69.19,72.04,66.34,0,trend_extrapolation_from_real_data
PNG,Papua New Guinea,2071,69.25,72.15,66.35,0,trend_extrapolation_from_real_data
PNG,Papua New Guinea,2072,69.32,72.27,66.37,0,trend_extrapolation_from_real_data
PNG,Papua New Guinea,2073,69.38,72.38,66.38,0,trend_extrapolation_from_real_data
PNG,Papua New Guinea,2074,69.45,72.5,66.4,0,trend_extrapolation_from_real_data
PNG,Papua New Guinea,2075,69.51,72.61,66.41,0,trend_extrapolation_from_real_data
PNG,Papua New Guinea,2076,69.58,72.73,66.43,0,trend_extrapolation_from_real_data
PNG,Papua New Guinea,2077,69.64,72.84,66.44,0,trend_extrapolation_from_real_data
PNG,Papua New Guinea,2078,69.71,72.96,66.46,0,trend_extrapolation_from_real_data
PNG,Papua New Guinea,2079,69.77,73.07,66.47,0,trend_extrapolation_from_real_data
PNG,Papua New Guinea,2080,69.84,73.19,66.49,0,trend_extrapolation_from_real_data
PNG,Papua New Guinea,2081,69.9,73.3,66.5,0,trend_extrapolation_from_real_data
PNG,Papua New Guinea,2082,69.97,73.42,66.52,0,trend_extrapolation_from_real_data
PNG,Papua New Guinea,2083,70.03,73.53,66.53,0,trend_extrapolation_from_real_data
PNG,Papua New Guinea,2084,70.1,73.65,66.55,0,trend_extrapolation_from_real_data
PNG,Papua New Guinea,2085,70.16,73.76,66.56,0,trend_extrapolation_from_real_data
PNG,Papua New Guinea,2086,70.23,73.88,66.58,0,trend_extrapolation_from_real_data
PNG,Papua New Guinea,2087,70.29,73.99,66.59,0,trend_extrapolation_from_real_data
PNG,Papua New Guinea,2088,70.36,74.11,66.61,0,trend_extrapolation_from_real_data
PNG,Papua New Guinea,2089,70.42,74.22,66.62,0,trend_extrapolation_from_real_data
PNG,Papua New Guinea,2090,70.49,74.34,66.64,0,trend_extrapolation_from_real_data
PNG,Papua New Guinea,2091,70.55,74.45,66.65,0,trend_extrapolation_from_real_data
PNG,Papua New Guinea,2092,70.62,74.57,66.67,0,trend_extrapolation_from_real_data
PNG,Papua New Guinea,2093,70.68,74.68,66.68,0,trend_extrapolation_from_real_data
PNG,Papua New Guinea,2094,70.74,74.79,66.69,0,trend_extrapolation_from_real_data
PNG,Papua New Guinea,2095,70.81,74.91,66.71,0,trend_extrapolation_from_real_data
PNG,Papua New Guinea,2096,70.87,75.02,66.72,0,trend_extrapolation_from_real_data
PNG,Papua New Guinea,2097,70.94,75.14,66.74,0,trend_extrapolation_from_real_data
PNG,Papua New Guinea,2098,71.0,75.25,66.75,0,trend_extrapolation_from_real_data
PNG,Papua New Guinea,2099,71.07,75.37,66.77,0,trend_extrapolation_from_real_data
PNG,Papua New Guinea,2100,71.13,75.48,66.78,0,trend_extrapolation_from_real_data
POL,Poland,2024,78.53,79.08,77.98,0,trend_extrapolation_from_real_data
POL,Poland,2025,78.56,79.16,77.96,0,trend_extrapolation_from_real_data
POL,Poland,2026,78.58,79.23,77.93,0,trend_extrapolation_from_real_data
POL,Poland,2027,78.61,79.31,77.91,0,trend_extrapolation_from_real_data
POL,Poland,2028,78.63,79.38,77.88,0,trend_extrapolation_from_real_data
POL,Poland,2029,78.66,79.46,77.86,0,trend_extrapolation_from_real_data
POL,Poland,2030,78.69,79.54,77.84,0,trend_extrapolation_from_real_data
POL,Poland,2031,78.71,79.61,77.81,0,trend_extrapolation_from_real_data
POL,Poland,2032,78.74,79.69,77.79,0,trend_extrapolation_from_real_data
POL,Poland,2033,78.76,79.76,77.76,0,trend_extrapolation_from_real_data
POL,Poland,2034,78.79,79.84,77.74,0,trend_extrapolation_from_real_data
POL,Poland,2035,78.81,79.91,77.71,0,trend_extrapolation_from_real_data
POL,Poland,2036,78.84,79.99,77.69,0,trend_extrapolation_from_real_data
POL,Poland,2037,78.86,80.06,77.66,0,trend_extrapolation_from_real_data
POL,Poland,2038,78.89,80.14,77.64,0,trend_extrapolation_from_real_data
POL,Poland,2039,78.92,80.22,77.62,0,trend_extrapolation_from_real_data
POL,Poland,2040,78.94,80.29,77.59,0,trend_extrapolation_from_real_data
POL,Poland,2041,78.97,80.37,77.57,0,trend_extrapolation_from_real_data
POL,Poland,2042,78.99,80.44,77.54,0,trend_extrapolation_from_real_data
POL,Poland,2043,79.02,80.52,77.52,0,trend_extrapolation_from_real_data
POL,Poland,2044,79.04,80.59,77.49,0,trend_extrapolation_from_real_data
POL,Poland,2045,79.07,80.67,77.47,0,trend_extrapolation_from_real_data
POL,Poland,2046,79.09,80.74,77.44,0,trend_extrapolation_from_real_data
POL,Poland,2047,79.12,80.82,77.42,0,trend_extrapolation_from_real_data
POL,Poland,2048,79.15,80.9,77.4,0,trend_extrapolation_from_real_data
POL,Poland,2049,79.17,80.97,77.37,0,trend_extrapolation_from_real_data
POL,Poland,2050,79.2,81.05,77.35,0,trend_extrapolation_from_real_data
POL,Poland,2051,79.22,81.12,77.32,0,trend_extrapolation_from_real_data
POL,Poland,2052,79.25,81.2,77.3,0,trend_extrapolation_from_real_data
POL,Poland,2053,79.27,81.27,77.27,0,trend_extrapolation_from_real_data
POL,Poland,2054,79.3,81.35,77.25,0,trend_extrapolation_from_real_data
POL,Poland,2055,79.32,81.42,77.22,0,trend_extrapolation_from_real_data
POL,Poland,2056,79.35,81.5,77.2,0,trend_extrapolation_from_real_data
POL,Poland,2057,79.38,81.58,77.18,0,trend_extrapolation_from_real_data
POL,Poland,2058,79.4,81.65,77.15,0,trend_extrapolation_from_real_data
POL,Poland,2059,79.43,81.73,77.13,0,trend_extrapolation_from_real_data
POL,Poland,2060,79.45,81.8,77.1,0,trend_extrapolation_from_real_data
POL,Poland,2061,79.48,81.88,77.08,0,trend_extrapolation_from_real_data
POL,Poland,2062,79.5,81.95,77.05,0,trend_extrapolation_from_real_data
POL,Poland,2063,79.53,82.03,77.03,0,trend_extrapolation_from_real_data
POL,Poland,2064,79.55,82.1,77.0,0,trend_extrapolation_from_real_data
POL,Poland,2065,79.58,82.18,76.98,0,trend_extrapolation_from_real_data
POL,Poland,2066,79.6,82.25,76.95,0,trend_extrapolation_from_real_data
POL,Poland,2067,79.63,82.33,76.93,0,trend_extrapolation_from_real_data
POL,Poland,2068,79.66,82.41,76.91,0,trend_extrapolation_from_real_data
POL,Poland,2069,79.68,82.48,76.88,0,trend_extrapolation_from_real_data
POL,Poland,2070,79.71,82.56,76.86,0,trend_extrapolation_from_real_data
POL,Poland,2071,79.73,82.63,76.83,0,trend_extrapolation_from_real_data
POL,Poland,2072,79.76,82.71,76.81,0,trend_extrapolation_from_real_data
POL,Poland,2073,79.78,82.78,76.78,0,trend_extrapolation_from_real_data
POL,Poland,2074,79.81,82.86,76.76,0,trend_extrapolation_from_real_data
POL,Poland,2075,79.83,82.93,76.73,0,trend_extrapolation_from_real_data
POL,Poland,2076,79.86,83.01,76.71,0,trend_extrapolation_from_real_data
POL,Poland,2077,79.89,83.09,76.69,0,trend_extrapolation_from_real_data
POL,Poland,2078,79.91,83.16,76.66,0,trend_extrapolation_from_real_data
POL,Poland,2079,79.94,83.24,76.64,0,trend_extrapolation_from_real_data
POL,Poland,2080,79.96,83.31,76.61,0,trend_extrapolation_from_real_data
POL,Poland,2081,79.99,83.39,76.59,0,trend_extrapolation_from_real_data
POL,Poland,2082,80.01,83.46,76.56,0,trend_extrapolation_from_real_data
POL,Poland,2083,80.04,83.54,76.54,0,trend_extrapolation_from_real_data
POL,Poland,2084,80.06,83.61,76.51,0,trend_extrapolation_from_real_data
POL,Poland,2085,80.09,83.69,76.49,0,trend_extrapolation_from_real_data
POL,Poland,2086,80.12,83.77,76.47,0,trend_extrapolation_from_real_data
POL,Poland,2087,80.14,83.84,76.44,0,trend_extrapolation_from_real_data
POL,Poland,2088,80.17,83.92,76.42,0,trend_extrapolation_from_real_data
POL,Poland,2089,80.19,83.99,76.39,0,trend_extrapolation_from_real_data
POL,Poland,2090,80.22,84.07,76.37,0,trend_extrapolation_from_real_data
POL,Poland,2091,80.24,84.14,76.34,0,trend_extrapolation_from_real_data
POL,Poland,2092,80.27,84.22,76.32,0,trend_extrapolation_from_real_data
POL,Poland,2093,80.29,84.29,76.29,0,trend_extrapolation_from_real_data
POL,Poland,2094,80.32,84.37,76.27,0,trend_extrapolation_from_real_data
POL,Poland,2095,80.34,84.44,76.24,0,trend_extrapolation_from_real_data
POL,Poland,2096,80.37,84.52,76.22,0,trend_extrapolation_from_real_data
POL,Poland,2097,80.4,84.6,76.2,0,trend_extrapolation_from_real_data
POL,Poland,2098,80.42,84.67,76.17,0,trend_extrapolation_from_real_data
POL,Poland,2099,80.45,84.75,76.15,0,trend_extrapolation_from_real_data
POL,Poland,2100,80.47,84.82,76.12,0,trend_extrapolation_from_real_data
PRT,Portugal,2024,82.31,82.86,81.76,0,trend_extrapolation_from_real_data
PRT,Portugal,2025,82.35,82.95,81.75,0,trend_extrapolation_from_real_data
PRT,Portugal,2026,82.38,83.03,81.73,0,trend_extrapolation_from_real_data
PRT,Portugal,2027,82.41,83.11,81.71,0,trend_extrapolation_from_real_data
PRT,Portugal,2028,82.44,83.19,81.69,0,trend_extrapolation_from_real_data
PRT,Portugal,2029,82.47,83.27,81.67,0,trend_extrapolation_from_real_data
PRT,Portugal,2030,82.51,83.36,81.66,0,trend_extrapolation_from_real_data
PRT,Portugal,2031,82.54,83.44,81.64,0,trend_extrapolation_from_real_data
PRT,Portugal,2032,82.57,83.52,81.62,0,trend_extrapolation_from_real_data
PRT,Portugal,2033,82.6,83.6,81.6,0,trend_extrapolation_from_real_data
PRT,Portugal,2034,82.64,83.69,81.59,0,trend_extrapolation_from_real_data
PRT,Portugal,2035,82.67,83.77,81.57,0,trend_extrapolation_from_real_data
PRT,Portugal,2036,82.7,83.85,81.55,0,trend_extrapolation_from_real_data
PRT,Portugal,2037,82.73,83.93,81.53,0,trend_extrapolation_from_real_data
PRT,Portugal,2038,82.77,84.02,81.52,0,trend_extrapolation_from_real_data
PRT,Portugal,2039,82.8,84.1,81.5,0,trend_extrapolation_from_real_data
PRT,Portugal,2040,82.83,84.18,81.48,0,trend_extrapolation_from_real_data
PRT,Portugal,2041,82.86,84.26,81.46,0,trend_extrapolation_from_real_data
PRT,Portugal,2042,82.9,84.35,81.45,0,trend_extrapolation_from_real_data
PRT,Portugal,2043,82.93,84.43,81.43,0,trend_extrapolation_from_real_data
PRT,Portugal,2044,82.96,84.51,81.41,0,trend_extrapolation_from_real_data
PRT,Portugal,2045,82.99,84.59,81.39,0,trend_extrapolation_from_real_data
PRT,Portugal,2046,83.03,84.68,81.38,0,trend_extrapolation_from_real_data
PRT,Portugal,2047,83.06,84.76,81.36,0,trend_extrapolation_from_real_data
PRT,Portugal,2048,83.09,84.84,81.34,0,trend_extrapolation_from_real_data
PRT,Portugal,2049,83.12,84.92,81.32,0,trend_extrapolation_from_real_data
PRT,Portugal,2050,83.16,85.01,81.31,0,trend_extrapolation_from_real_data
PRT,Portugal,2051,83.19,85.09,81.29,0,trend_extrapolation_from_real_data
PRT,Portugal,2052,83.22,85.17,81.27,0,trend_extrapolation_from_real_data
PRT,Portugal,2053,83.25,85.25,81.25,0,trend_extrapolation_from_real_data
PRT,Portugal,2054,83.28,85.33,81.23,0,trend_extrapolation_from_real_data
PRT,Portugal,2055,83.32,85.42,81.22,0,trend_extrapolation_from_real_data
PRT,Portugal,2056,83.35,85.5,81.2,0,trend_extrapolation_from_real_data
PRT,Portugal,2057,83.38,85.58,81.18,0,trend_extrapolation_from_real_data
PRT,Portugal,2058,83.41,85.66,81.16,0,trend_extrapolation_from_real_data
PRT,Portugal,2059,83.45,85.75,81.15,0,trend_extrapolation_from_real_data
PRT,Portugal,2060,83.48,85.83,81.13,0,trend_extrapolation_from_real_data
PRT,Portugal,2061,83.51,85.91,81.11,0,trend_extrapolation_from_real_data
PRT,Portugal,2062,83.54,85.99,81.09,0,trend_extrapolation_from_real_data
PRT,Portugal,2063,83.58,86.08,81.08,0,trend_extrapolation_from_real_data
PRT,Portugal,2064,83.61,86.16,81.06,0,trend_extrapolation_from_real_data
PRT,Portugal,2065,83.64,86.24,81.04,0,trend_extrapolation_from_real_data
PRT,Portugal,2066,83.67,86.32,81.02,0,trend_extrapolation_from_real_data
PRT,Portugal,2067,83.71,86.41,81.01,0,trend_extrapolation_from_real_data
PRT,Portugal,2068,83.74,86.49,80.99,0,trend_extrapolation_from_real_data
PRT,Portugal,2069,83.77,86.57,80.97,0,trend_extrapolation_from_real_data
PRT,Portugal,2070,83.8,86.65,80.95,0,trend_extrapolation_from_real_data
PRT,Portugal,2071,83.84,86.74,80.94,0,trend_extrapolation_from_real_data
PRT,Portugal,2072,83.87,86.82,80.92,0,trend_extrapolation_from_real_data
PRT,Portugal,2073,83.9,86.9,80.9,0,trend_extrapolation_from_real_data
PRT,Portugal,2074,83.93,86.98,80.88,0,trend_extrapolation_from_real_data
PRT,Portugal,2075,83.97,87.07,80.87,0,trend_extrapolation_from_real_data
PRT,Portugal,2076,84.0,87.15,80.85,0,trend_extrapolation_from_real_data
PRT,Portugal,2077,84.03,87.23,80.83,0,trend_extrapolation_from_real_data
PRT,Portugal,2078,84.06,87.31,80.81,0,trend_extrapolation_from_real_data
PRT,Portugal,2079,84.1,87.4,80.8,0,trend_extrapolation_from_real_data
PRT,Portugal,2080,84.13,87.48,80.78,0,trend_extrapolation_from_real_data
PRT,Portugal,2081,84.16,87.56,80.76,0,trend_extrapolation_from_real_data
PRT,Portugal,2082,84.19,87.64,80.74,0,trend_extrapolation_from_real_data
PRT,Portugal,2083,84.22,87.72,80.72,0,trend_extrapolation_from_real_data
PRT,Portugal,2084,84.26,87.81,80.71,0,trend_extrapolation_from_real_data
PRT,Portugal,2085,84.29,87.89,80.69,0,trend_extrapolation_from_real_data
PRT,Portugal,2086,84.32,87.97,80.67,0,trend_extrapolation_from_real_data
PRT,Portugal,2087,84.35,88.05,80.65,0,trend_extrapolation_from_real_data
PRT,Portugal,2088,84.39,88.14,80.64,0,trend_extrapolation_from_real_data
PRT,Portugal,2089,84.42,88.22,80.62,0,trend_extrapolation_from_real_data
PRT,Portugal,2090,84.45,88.3,80.6,0,trend_extrapolation_from_real_data
PRT,Portugal,2091,84.48,88.38,80.58,0,trend_extrapolation_from_real_data
PRT,Portugal,2092,84.52,88.47,80.57,0,trend_extrapolation_from_real_data
PRT,Portugal,2093,84.55,88.55,80.55,0,trend_extrapolation_from_real_data
PRT,Portugal,2094,84.58,88.63,80.53,0,trend_extrapolation_from_real_data
PRT,Portugal,2095,84.61,88.71,80.51,0,trend_extrapolation_from_real_data
PRT,Portugal,2096,84.65,88.8,80.5,0,trend_extrapolation_from_real_data
PRT,Portugal,2097,84.68,88.88,80.48,0,trend_extrapolation_from_real_data
PRT,Portugal,2098,84.71,88.96,80.46,0,trend_extrapolation_from_real_data
PRT,Portugal,2099,84.74,89.04,80.44,0,trend_extrapolation_from_real_data
PRT,Portugal,2100,84.78,89.13,80.43,0,trend_extrapolation_from_real_data
PRY,Paraguay,2024,73.86,74.41,73.31,0,trend_extrapolation_from_real_data
PRY,Paraguay,2025,73.87,74.47,73.27,0,trend_extrapolation_from_real_data
PRY,Paraguay,2026,73.89,74.54,73.24,0,trend_extrapolation_from_real_data
PRY,Paraguay,2027,73.9,74.6,73.2,0,trend_extrapolation_from_real_data
PRY,Paraguay,2028,73.92,74.67,73.17,0,trend_extrapolation_from_real_data
PRY,Paraguay,2029,73.93,74.73,73.13,0,trend_extrapolation_from_real_data
PRY,Paraguay,2030,73.95,74.8,73.1,0,trend_extrapolation_from_real_data
PRY,Paraguay,2031,73.96,74.86,73.06,0,trend_extrapolation_from_real_data
PRY,Paraguay,2032,73.98,74.93,73.03,0,trend_extrapolation_from_real_data
PRY,Paraguay,2033,74.0,75.0,73.0,0,trend_extrapolation_from_real_data
PRY,Paraguay,2034,74.01,75.06,72.96,0,trend_extrapolation_from_real_data
PRY,Paraguay,2035,74.03,75.13,72.93,0,trend_extrapolation_from_real_data
PRY,Paraguay,2036,74.04,75.19,72.89,0,trend_extrapolation_from_real_data
PRY,Paraguay,2037,74.06,75.26,72.86,0,trend_extrapolation_from_real_data
PRY,Paraguay,2038,74.07,75.32,72.82,0,trend_extrapolation_from_real_data
PRY,Paraguay,2039,74.09,75.39,72.79,0,trend_extrapolation_from_real_data
PRY,Paraguay,2040,74.1,75.45,72.75,0,trend_extrapolation_from_real_data
PRY,Paraguay,2041,74.12,75.52,72.72,0,trend_extrapolation_from_real_data
PRY,Paraguay,2042,74.13,75.58,72.68,0,trend_extrapolation_from_real_data
PRY,Paraguay,2043,74.15,75.65,72.65,0,trend_extrapolation_from_real_data
PRY,Paraguay,2044,74.16,75.71,72.61,0,trend_extrapolation_from_real_data
PRY,Paraguay,2045,74.18,75.78,72.58,0,trend_extrapolation_from_real_data
PRY,Paraguay,2046,74.19,75.84,72.54,0,trend_extrapolation_from_real_data
PRY,Paraguay,2047,74.21,75.91,72.51,0,trend_extrapolation_from_real_data
PRY,Paraguay,2048,74.22,75.97,72.47,0,trend_extrapolation_from_real_data
PRY,Paraguay,2049,74.24,76.04,72.44,0,trend_extrapolation_from_real_data
PRY,Paraguay,2050,74.25,76.1,72.4,0,trend_extrapolation_from_real_data
PRY,Paraguay,2051,74.27,76.17,72.37,0,trend_extrapolation_from_real_data
PRY,Paraguay,2052,74.28,76.23,72.33,0,trend_extrapolation_from_real_data
PRY,Paraguay,2053,74.3,76.3,72.3,0,trend_extrapolation_from_real_data
PRY,Paraguay,2054,74.31,76.36,72.26,0,trend_extrapolation_from_real_data
PRY,Paraguay,2055,74.33,76.43,72.23,0,trend_extrapolation_from_real_data
PRY,Paraguay,2056,74.34,76.49,72.19,0,trend_extrapolation_from_real_data
PRY,Paraguay,2057,74.36,76.56,72.16,0,trend_extrapolation_from_real_data
PRY,Paraguay,2058,74.37,76.62,72.12,0,trend_extrapolation_from_real_data
PRY,Paraguay,2059,74.39,76.69,72.09,0,trend_extrapolation_from_real_data
PRY,Paraguay,2060,74.4,76.75,72.05,0,trend_extrapolation_from_real_data
PRY,Paraguay,2061,74.42,76.82,72.02,0,trend_extrapolation_from_real_data
PRY,Paraguay,2062,74.43,76.88,71.98,0,trend_extrapolation_from_real_data
PRY,Paraguay,2063,74.45,76.95,71.95,0,trend_extrapolation_from_real_data
PRY,Paraguay,2064,74.46,77.01,71.91,0,trend_extrapolation_from_real_data
PRY,Paraguay,2065,74.48,77.08,71.88,0,trend_extrapolation_from_real_data
PRY,Paraguay,2066,74.49,77.14,71.84,0,trend_extrapolation_from_real_data
PRY,Paraguay,2067,74.51,77.21,71.81,0,trend_extrapolation_from_real_data
PRY,Paraguay,2068,74.52,77.27,71.77,0,trend_extrapolation_from_real_data
PRY,Paraguay,2069,74.54,77.34,71.74,0,trend_extrapolation_from_real_data
PRY,Paraguay,2070,74.55,77.4,71.7,0,trend_extrapolation_from_real_data
PRY,Paraguay,2071,74.57,77.47,71.67,0,trend_extrapolation_from_real_data
PRY,Paraguay,2072,74.58,77.53,71.63,0,trend_extrapolation_from_real_data
PRY,Paraguay,2073,74.6,77.6,71.6,0,trend_extrapolation_from_real_data
PRY,Paraguay,2074,74.62,77.67,71.57,0,trend_extrapolation_from_real_data
PRY,Paraguay,2075,74.63,77.73,71.53,0,trend_extrapolation_from_real_data
PRY,Paraguay,2076,74.65,77.8,71.5,0,trend_extrapolation_from_real_data
PRY,Paraguay,2077,74.66,77.86,71.46,0,trend_extrapolation_from_real_data
PRY,Paraguay,2078,74.68,77.93,71.43,0,trend_extrapolation_from_real_data
PRY,Paraguay,2079,74.69,77.99,71.39,0,trend_extrapolation_from_real_data
PRY,Paraguay,2080,74.71,78.06,71.36,0,trend_extrapolation_from_real_data
PRY,Paraguay,2081,74.72,78.12,71.32,0,trend_extrapolation_from_real_data
PRY,Paraguay,2082,74.74,78.19,71.29,0,trend_extrapolation_from_real_data
PRY,Paraguay,2083,74.75,78.25,71.25,0,trend_extrapolation_from_real_data
PRY,Paraguay,2084,74.77,78.32,71.22,0,trend_extrapolation_from_real_data
PRY,Paraguay,2085,74.78,78.38,71.18,0,trend_extrapolation_from_real_data
PRY,Paraguay,2086,74.8,78.45,71.15,0,trend_extrapolation_from_real_data
PRY,Paraguay,2087,74.81,78.51,71.11,0,trend_extrapolation_from_real_data
PRY,Paraguay,2088,74.83,78.58,71.08,0,trend_extrapolation_from_real_data
PRY,Paraguay,2089,74.84,78.64,71.04,0,trend_extrapolation_from_real_data
PRY,Paraguay,2090,74.86,78.71,71.01,0,trend_extrapolation_from_real_data
PRY,Paraguay,2091,74.87,78.77,70.97,0,trend_extrapolation_from_real_data
PRY,Paraguay,2092,74.89,78.84,70.94,0,trend_extrapolation_from_real_data
PRY,Paraguay,2093,74.9,78.9,70.9,0,trend_extrapolation_from_real_data
PRY,Paraguay,2094,74.92,78.97,70.87,0,trend_extrapolation_from_real_data
PRY,Paraguay,2095,74.93,79.03,70.83,0,trend_extrapolation_from_real_data
PRY,Paraguay,2096,74.95,79.1,70.8,0,trend_extrapolation_from_real_data
PRY,Paraguay,2097,74.96,79.16,70.76,0,trend_extrapolation_from_real_data
PRY,Paraguay,2098,74.98,79.23,70.73,0,trend_extrapolation_from_real_data
PRY,Paraguay,2099,74.99,79.29,70.69,0,trend_extrapolation_from_real_data
PRY,Paraguay,2100,75.01,79.36,70.66,0,trend_extrapolation_from_real_data
ROU,Romania,2024,76.65,77.2,76.1,0,trend_extrapolation_from_real_data
ROU,Romania,2025,76.68,77.28,76.08,0,trend_extrapolation_from_real_data
ROU,Romania,2026,76.72,77.37,76.07,0,trend_extrapolation_from_real_data
ROU,Romania,2027,76.76,77.46,76.06,0,trend_extrapolation_from_real_data
ROU,Romania,2028,76.8,77.55,76.05,0,trend_extrapolation_from_real_data
ROU,Romania,2029,76.84,77.64,76.04,0,trend_extrapolation_from_real_data
ROU,Romania,2030,76.88,77.73,76.03,0,trend_extrapolation_from_real_data
ROU,Romania,2031,76.92,77.82,76.02,0,trend_extrapolation_from_real_data
ROU,Romania,2032,76.96,77.91,76.01,0,trend_extrapolation_from_real_data
ROU,Romania,2033,76.99,77.99,75.99,0,trend_extrapolation_from_real_data
ROU,Romania,2034,77.03,78.08,75.98,0,trend_extrapolation_from_real_data
ROU,Romania,2035,77.07,78.17,75.97,0,trend_extrapolation_from_real_data
ROU,Romania,2036,77.11,78.26,75.96,0,trend_extrapolation_from_real_data
ROU,Romania,2037,77.15,78.35,75.95,0,trend_extrapolation_from_real_data
ROU,Romania,2038,77.19,78.44,75.94,0,trend_extrapolation_from_real_data
ROU,Romania,2039,77.23,78.53,75.93,0,trend_extrapolation_from_real_data
ROU,Romania,2040,77.26,78.61,75.91,0,trend_extrapolation_from_real_data
ROU,Romania,2041,77.3,78.7,75.9,0,trend_extrapolation_from_real_data
ROU,Romania,2042,77.34,78.79,75.89,0,trend_extrapolation_from_real_data
ROU,Romania,2043,77.38,78.88,75.88,0,trend_extrapolation_from_real_data
ROU,Romania,2044,77.42,78.97,75.87,0,trend_extrapolation_from_real_data
ROU,Romania,2045,77.46,79.06,75.86,0,trend_extrapolation_from_real_data
ROU,Romania,2046,77.5,79.15,75.85,0,trend_extrapolation_from_real_data
ROU,Romania,2047,77.53,79.23,75.83,0,trend_extrapolation_from_real_data
ROU,Romania,2048,77.57,79.32,75.82,0,trend_extrapolation_from_real_data
ROU,Romania,2049,77.61,79.41,75.81,0,trend_extrapolation_from_real_data
ROU,Romania,2050,77.65,79.5,75.8,0,trend_extrapolation_from_real_data
ROU,Romania,2051,77.69,79.59,75.79,0,trend_extrapolation_from_real_data
ROU,Romania,2052,77.73,79.68,75.78,0,trend_extrapolation_from_real_data
ROU,Romania,2053,77.77,79.77,75.77,0,trend_extrapolation_from_real_data
ROU,Romania,2054,77.81,79.86,75.76,0,trend_extrapolation_from_real_data
ROU,Romania,2055,77.84,79.94,75.74,0,trend_extrapolation_from_real_data
ROU,Romania,2056,77.88,80.03,75.73,0,trend_extrapolation_from_real_data
ROU,Romania,2057,77.92,80.12,75.72,0,trend_extrapolation_from_real_data
ROU,Romania,2058,77.96,80.21,75.71,0,trend_extrapolation_from_real_data
ROU,Romania,2059,78.0,80.3,75.7,0,trend_extrapolation_from_real_data
ROU,Romania,2060,78.04,80.39,75.69,0,trend_extrapolation_from_real_data
ROU,Romania,2061,78.08,80.48,75.68,0,trend_extrapolation_from_real_data
ROU,Romania,2062,78.11,80.56,75.66,0,trend_extrapolation_from_real_data
ROU,Romania,2063,78.15,80.65,75.65,0,trend_extrapolation_from_real_data
ROU,Romania,2064,78.19,80.74,75.64,0,trend_extrapolation_from_real_data
ROU,Romania,2065,78.23,80.83,75.63,0,trend_extrapolation_from_real_data
ROU,Romania,2066,78.27,80.92,75.62,0,trend_extrapolation_from_real_data
ROU,Romania,2067,78.31,81.01,75.61,0,trend_extrapolation_from_real_data
ROU,Romania,2068,78.35,81.1,75.6,0,trend_extrapolation_from_real_data
ROU,Romania,2069,78.38,81.18,75.58,0,trend_extrapolation_from_real_data
ROU,Romania,2070,78.42,81.27,75.57,0,trend_extrapolation_from_real_data
ROU,Romania,2071,78.46,81.36,75.56,0,trend_extrapolation_from_real_data
ROU,Romania,2072,78.5,81.45,75.55,0,trend_extrapolation_from_real_data
ROU,Romania,2073,78.54,81.54,75.54,0,trend_extrapolation_from_real_data
ROU,Romania,2074,78.58,81.63,75.53,0,trend_extrapolation_from_real_data
ROU,Romania,2075,78.62,81.72,75.52,0,trend_extrapolation_from_real_data
ROU,Romania,2076,78.66,81.81,75.51,0,trend_extrapolation_from_real_data
ROU,Romania,2077,78.69,81.89,75.49,0,trend_extrapolation_from_real_data
ROU,Romania,2078,78.73,81.98,75.48,0,trend_extrapolation_from_real_data
ROU,Romania,2079,78.77,82.07,75.47,0,trend_extrapolation_from_real_data
ROU,Romania,2080,78.81,82.16,75.46,0,trend_extrapolation_from_real_data
ROU,Romania,2081,78.85,82.25,75.45,0,trend_extrapolation_from_real_data
ROU,Romania,2082,78.89,82.34,75.44,0,trend_extrapolation_from_real_data
ROU,Romania,2083,78.93,82.43,75.43,0,trend_extrapolation_from_real_data
ROU,Romania,2084,78.96,82.51,75.41,0,trend_extrapolation_from_real_data
ROU,Romania,2085,79.0,82.6,75.4,0,trend_extrapolation_from_real_data
ROU,Romania,2086,79.04,82.69,75.39,0,trend_extrapolation_from_real_data
ROU,Romania,2087,79.08,82.78,75.38,0,trend_extrapolation_from_real_data
ROU,Romania,2088,79.12,82.87,75.37,0,trend_extrapolation_from_real_data
ROU,Romania,2089,79.16,82.96,75.36,0,trend_extrapolation_from_real_data
ROU,Romania,2090,79.2,83.05,75.35,0,trend_extrapolation_from_real_data
ROU,Romania,2091,79.24,83.14,75.34,0,trend_extrapolation_from_real_data
ROU,Romania,2092,79.27,83.22,75.32,0,trend_extrapolation_from_real_data
ROU,Romania,2093,79.31,83.31,75.31,0,trend_extrapolation_from_real_data
ROU,Romania,2094,79.35,83.4,75.3,0,trend_extrapolation_from_real_data
ROU,Romania,2095,79.39,83.49,75.29,0,trend_extrapolation_from_real_data
ROU,Romania,2096,79.43,83.58,75.28,0,trend_extrapolation_from_real_data
ROU,Romania,2097,79.47,83.67,75.27,0,trend_extrapolation_from_real_data
ROU,Romania,2098,79.51,83.76,75.26,0,trend_extrapolation_from_real_data
ROU,Romania,2099,79.54,83.84,75.24,0,trend_extrapolation_from_real_data
ROU,Romania,2100,79.58,83.93,75.23,0,trend_extrapolation_from_real_data
RUS,Russia,2024,73.34,73.89,72.79,0,trend_extrapolation_from_real_data
RUS,Russia,2025,73.43,74.03,72.83,0,trend_extrapolation_from_real_data
RUS,Russia,2026,73.52,74.17,72.87,0,trend_extrapolation_from_real_data
RUS,Russia,2027,73.61,74.31,72.91,0,trend_extrapolation_from_real_data
RUS,Russia,2028,73.7,74.45,72.95,0,trend_extrapolation_from_real_data
RUS,Russia,2029,73.78,74.58,72.98,0,trend_extrapolation_from_real_data
RUS,Russia,2030,73.87,74.72,73.02,0,trend_extrapolation_from_real_data
RUS,Russia,2031,73.96,74.86,73.06,0,trend_extrapolation_from_real_data
RUS,Russia,2032,74.05,75.0,73.1,0,trend_extrapolation_from_real_data
RUS,Russia,2033,74.14,75.14,73.14,0,trend_extrapolation_from_real_data
RUS,Russia,2034,74.23,75.28,73.18,0,trend_extrapolation_from_real_data
RUS,Russia,2035,74.31,75.41,73.21,0,trend_extrapolation_from_real_data
RUS,Russia,2036,74.4,75.55,73.25,0,trend_extrapolation_from_real_data
RUS,Russia,2037,74.49,75.69,73.29,0,trend_extrapolation_from_real_data
RUS,Russia,2038,74.58,75.83,73.33,0,trend_extrapolation_from_real_data
RUS,Russia,2039,74.67,75.97,73.37,0,trend_extrapolation_from_real_data
RUS,Russia,2040,74.76,76.11,73.41,0,trend_extrapolation_from_real_data
RUS,Russia,2041,74.84,76.24,73.44,0,trend_extrapolation_from_real_data
RUS,Russia,2042,74.93,76.38,73.48,0,trend_extrapolation_from_real_data
RUS,Russia,2043,75.02,76.52,73.52,0,trend_extrapolation_from_real_data
RUS,Russia,2044,75.11,76.66,73.56,0,trend_extrapolation_from_real_data
RUS,Russia,2045,75.2,76.8,73.6,0,trend_extrapolation_from_real_data
RUS,Russia,2046,75.28,76.93,73.63,0,trend_extrapolation_from_real_data
RUS,Russia,2047,75.37,77.07,73.67,0,trend_extrapolation_from_real_data
RUS,Russia,2048,75.46,77.21,73.71,0,trend_extrapolation_from_real_data
RUS,Russia,2049,75.55,77.35,73.75,0,trend_extrapolation_from_real_data
RUS,Russia,2050,75.64,77.49,73.79,0,trend_extrapolation_from_real_data
RUS,Russia,2051,75.73,77.63,73.83,0,trend_extrapolation_from_real_data
RUS,Russia,2052,75.81,77.76,73.86,0,trend_extrapolation_from_real_data
RUS,Russia,2053,75.9,77.9,73.9,0,trend_extrapolation_from_real_data
RUS,Russia,2054,75.99,78.04,73.94,0,trend_extrapolation_from_real_data
RUS,Russia,2055,76.08,78.18,73.98,0,trend_extrapolation_from_real_data
RUS,Russia,2056,76.17,78.32,74.02,0,trend_extrapolation_from_real_data
RUS,Russia,2057,76.26,78.46,74.06,0,trend_extrapolation_from_real_data
RUS,Russia,2058,76.34,78.59,74.09,0,trend_extrapolation_from_real_data
RUS,Russia,2059,76.43,78.73,74.13,0,trend_extrapolation_from_real_data
RUS,Russia,2060,76.52,78.87,74.17,0,trend_extrapolation_from_real_data
RUS,Russia,2061,76.61,79.01,74.21,0,trend_extrapolation_from_real_data
RUS,Russia,2062,76.7,79.15,74.25,0,trend_extrapolation_from_real_data
RUS,Russia,2063,76.79,79.29,74.29,0,trend_extrapolation_from_real_data
RUS,Russia,2064,76.87,79.42,74.32,0,trend_extrapolation_from_real_data
RUS,Russia,2065,76.96,79.56,74.36,0,trend_extrapolation_from_real_data
RUS,Russia,2066,77.05,79.7,74.4,0,trend_extrapolation_from_real_data
RUS,Russia,2067,77.14,79.84,74.44,0,trend_extrapolation_from_real_data
RUS,Russia,2068,77.23,79.98,74.48,0,trend_extrapolation_from_real_data
RUS,Russia,2069,77.31,80.11,74.51,0,trend_extrapolation_from_real_data
RUS,Russia,2070,77.4,80.25,74.55,0,trend_extrapolation_from_real_data
RUS,Russia,2071,77.49,80.39,74.59,0,trend_extrapolation_from_real_data
RUS,Russia,2072,77.58,80.53,74.63,0,trend_extrapolation_from_real_data
RUS,Russia,2073,77.67,80.67,74.67,0,trend_extrapolation_from_real_data
RUS,Russia,2074,77.76,80.81,74.71,0,trend_extrapolation_from_real_data
RUS,Russia,2075,77.84,80.94,74.74,0,trend_extrapolation_from_real_data
RUS,Russia,2076,77.93,81.08,74.78,0,trend_extrapolation_from_real_data
RUS,Russia,2077,78.02,81.22,74.82,0,trend_extrapolation_from_real_data
RUS,Russia,2078,78.11,81.36,74.86,0,trend_extrapolation_from_real_data
RUS,Russia,2079,78.2,81.5,74.9,0,trend_extrapolation_from_real_data
RUS,Russia,2080,78.29,81.64,74.94,0,trend_extrapolation_from_real_data
RUS,Russia,2081,78.37,81.77,74.97,0,trend_extrapolation_from_real_data
RUS,Russia,2082,78.46,81.91,75.01,0,trend_extrapolation_from_real_data
RUS,Russia,2083,78.55,82.05,75.05,0,trend_extrapolation_from_real_data
RUS,Russia,2084,78.64,82.19,75.09,0,trend_extrapolation_from_real_data
RUS,Russia,2085,78.73,82.33,75.13,0,trend_extrapolation_from_real_data
RUS,Russia,2086,78.81,82.46,75.16,0,trend_extrapolation_from_real_data
RUS,Russia,2087,78.9,82.6,75.2,0,trend_extrapolation_from_real_data
RUS,Russia,2088,78.99,82.74,75.24,0,trend_extrapolation_from_real_data
RUS,Russia,2089,79.08,82.88,75.28,0,trend_extrapolation_from_real_data
RUS,Russia,2090,79.17,83.02,75.32,0,trend_extrapolation_from_real_data
RUS,Russia,2091,79.26,83.16,75.36,0,trend_extrapolation_from_real_data
RUS,Russia,2092,79.34,83.29,75.39,0,trend_extrapolation_from_real_data
RUS,Russia,2093,79.43,83.43,75.43,0,trend_extrapolation_from_real_data
RUS,Russia,2094,79.52,83.57,75.47,0,trend_extrapolation_from_real_data
RUS,Russia,2095,79.61,83.71,75.51,0,trend_extrapolation_from_real_data
RUS,Russia,2096,79.7,83.85,75.55,0,trend_extrapolation_from_real_data
RUS,Russia,2097,79.79,83.99,75.59,0,trend_extrapolation_from_real_data
RUS,Russia,2098,79.87,84.12,75.62,0,trend_extrapolation_from_real_data
RUS,Russia,2099,79.96,84.26,75.66,0,trend_extrapolation_from_real_data
RUS,Russia,2100,80.05,84.4,75.7,0,trend_extrapolation_from_real_data
SAU,Saudi Arabia,2024,78.77,79.32,78.22,0,trend_extrapolation_from_real_data
SAU,Saudi Arabia,2025,78.81,79.41,78.21,0,trend_extrapolation_from_real_data
SAU,Saudi Arabia,2026,78.86,79.51,78.21,0,trend_extrapolation_from_real_data
SAU,Saudi Arabia,2027,78.9,79.6,78.2,0,trend_extrapolation_from_real_data
SAU,Saudi Arabia,2028,78.94,79.69,78.19,0,trend_extrapolation_from_real_data
SAU,Saudi Arabia,2029,78.98,79.78,78.18,0,trend_extrapolation_from_real_data
SAU,Saudi Arabia,2030,79.02,79.87,78.17,0,trend_extrapolation_from_real_data
SAU,Saudi Arabia,2031,79.06,79.96,78.16,0,trend_extrapolation_from_real_data
SAU,Saudi Arabia,2032,79.1,80.05,78.15,0,trend_extrapolation_from_real_data
SAU,Saudi Arabia,2033,79.14,80.14,78.14,0,trend_extrapolation_from_real_data
SAU,Saudi Arabia,2034,79.18,80.23,78.13,0,trend_extrapolation_from_real_data
SAU,Saudi Arabia,2035,79.22,80.32,78.12,0,trend_extrapolation_from_real_data
SAU,Saudi Arabia,2036,79.27,80.42,78.12,0,trend_extrapolation_from_real_data
SAU,Saudi Arabia,2037,79.31,80.51,78.11,0,trend_extrapolation_from_real_data
SAU,Saudi Arabia,2038,79.35,80.6,78.1,0,trend_extrapolation_from_real_data
SAU,Saudi Arabia,2039,79.39,80.69,78.09,0,trend_extrapolation_from_real_data
SAU,Saudi Arabia,2040,79.43,80.78,78.08,0,trend_extrapolation_from_real_data
SAU,Saudi Arabia,2041,79.47,80.87,78.07,0,trend_extrapolation_from_real_data
SAU,Saudi Arabia,2042,79.51,80.96,78.06,0,trend_extrapolation_from_real_data
SAU,Saudi Arabia,2043,79.55,81.05,78.05,0,trend_extrapolation_from_real_data
SAU,Saudi Arabia,2044,79.59,81.14,78.04,0,trend_extrapolation_from_real_data
SAU,Saudi Arabia,2045,79.64,81.24,78.04,0,trend_extrapolation_from_real_data
SAU,Saudi Arabia,2046,79.68,81.33,78.03,0,trend_extrapolation_from_real_data
SAU,Saudi Arabia,2047,79.72,81.42,78.02,0,trend_extrapolation_from_real_data
SAU,Saudi Arabia,2048,79.76,81.51,78.01,0,trend_extrapolation_from_real_data
SAU,Saudi Arabia,2049,79.8,81.6,78.0,0,trend_extrapolation_from_real_data
SAU,Saudi Arabia,2050,79.84,81.69,77.99,0,trend_extrapolation_from_real_data
SAU,Saudi Arabia,2051,79.88,81.78,77.98,0,trend_extrapolation_from_real_data
SAU,Saudi Arabia,2052,79.92,81.87,77.97,0,trend_extrapolation_from_real_data
SAU,Saudi Arabia,2053,79.96,81.96,77.96,0,trend_extrapolation_from_real_data
SAU,Saudi Arabia,2054,80.0,82.05,77.95,0,trend_extrapolation_from_real_data
SAU,Saudi Arabia,2055,80.05,82.15,77.95,0,trend_extrapolation_from_real_data
SAU,Saudi Arabia,2056,80.09,82.24,77.94,0,trend_extrapolation_from_real_data
SAU,Saudi Arabia,2057,80.13,82.33,77.93,0,trend_extrapolation_from_real_data
SAU,Saudi Arabia,2058,80.17,82.42,77.92,0,trend_extrapolation_from_real_data
SAU,Saudi Arabia,2059,80.21,82.51,77.91,0,trend_extrapolation_from_real_data
SAU,Saudi Arabia,2060,80.25,82.6,77.9,0,trend_extrapolation_from_real_data
SAU,Saudi Arabia,2061,80.29,82.69,77.89,0,trend_extrapolation_from_real_data
SAU,Saudi Arabia,2062,80.33,82.78,77.88,0,trend_extrapolation_from_real_data
SAU,Saudi Arabia,2063,80.37,82.87,77.87,0,trend_extrapolation_from_real_data
SAU,Saudi Arabia,2064,80.42,82.97,77.87,0,trend_extrapolation_from_real_data
SAU,Saudi Arabia,2065,80.46,83.06,77.86,0,trend_extrapolation_from_real_data
SAU,Saudi Arabia,2066,80.5,83.15,77.85,0,trend_extrapolation_from_real_data
SAU,Saudi Arabia,2067,80.54,83.24,77.84,0,trend_extrapolation_from_real_data
SAU,Saudi Arabia,2068,80.58,83.33,77.83,0,trend_extrapolation_from_real_data
SAU,Saudi Arabia,2069,80.62,83.42,77.82,0,trend_extrapolation_from_real_data
SAU,Saudi Arabia,2070,80.66,83.51,77.81,0,trend_extrapolation_from_real_data
SAU,Saudi Arabia,2071,80.7,83.6,77.8,0,trend_extrapolation_from_real_data
SAU,Saudi Arabia,2072,80.74,83.69,77.79,0,trend_extrapolation_from_real_data
SAU,Saudi Arabia,2073,80.79,83.79,77.79,0,trend_extrapolation_from_real_data
SAU,Saudi Arabia,2074,80.83,83.88,77.78,0,trend_extrapolation_from_real_data
SAU,Saudi Arabia,2075,80.87,83.97,77.77,0,trend_extrapolation_from_real_data
SAU,Saudi Arabia,2076,80.91,84.06,77.76,0,trend_extrapolation_from_real_data
SAU,Saudi Arabia,2077,80.95,84.15,77.75,0,trend_extrapolation_from_real_data
SAU,Saudi Arabia,2078,80.99,84.24,77.74,0,trend_extrapolation_from_real_data
SAU,Saudi Arabia,2079,81.03,84.33,77.73,0,trend_extrapolation_from_real_data
SAU,Saudi Arabia,2080,81.07,84.42,77.72,0,trend_extrapolation_from_real_data
SAU,Saudi Arabia,2081,81.11,84.51,77.71,0,trend_extrapolation_from_real_data
SAU,Saudi Arabia,2082,81.15,84.6,77.7,0,trend_extrapolation_from_real_data
SAU,Saudi Arabia,2083,81.2,84.7,77.7,0,trend_extrapolation_from_real_data
SAU,Saudi Arabia,2084,81.24,84.79,77.69,0,trend_extrapolation_from_real_data
SAU,Saudi Arabia,2085,81.28,84.88,77.68,0,trend_extrapolation_from_real_data
SAU,Saudi Arabia,2086,81.32,84.97,77.67,0,trend_extrapolation_from_real_data
SAU,Saudi Arabia,2087,81.36,85.06,77.66,0,trend_extrapolation_from_real_data
SAU,Saudi Arabia,2088,81.4,85.15,77.65,0,trend_extrapolation_from_real_data
SAU,Saudi Arabia,2089,81.44,85.24,77.64,0,trend_extrapolation_from_real_data
SAU,Saudi Arabia,2090,81.48,85.33,77.63,0,trend_extrapolation_from_real_data
SAU,Saudi Arabia,2091,81.52,85.42,77.62,0,trend_extrapolation_from_real_data
SAU,Saudi Arabia,2092,81.57,85.52,77.62,0,trend_extrapolation_from_real_data
SAU,Saudi Arabia,2093,81.61,85.61,77.61,0,trend_extrapolation_from_real_data
SAU,Saudi Arabia,2094,81.65,85.7,77.6,0,trend_extrapolation_from_real_data
SAU,Saudi Arabia,2095,81.69,85.79,77.59,0,trend_extrapolation_from_real_data
SAU,Saudi Arabia,2096,81.73,85.88,77.58,0,trend_extrapolation_from_real_data
SAU,Saudi Arabia,2097,81.77,85.97,77.57,0,trend_extrapolation_from_real_data
SAU,Saudi Arabia,2098,81.81,86.06,77.56,0,trend_extrapolation_from_real_data
SAU,Saudi Arabia,2099,81.85,86.15,77.55,0,trend_extrapolation_from_real_data
SAU,Saudi Arabia,2100,81.89,86.24,77.54,0,trend_extrapolation_from_real_data
SGP,Singapore,2024,82.92,83.47,82.37,0,trend_extrapolation_from_real_data
SGP,Singapore,2025,82.95,83.55,82.35,0,trend_extrapolation_from_real_data
SGP,Singapore,2026,82.98,83.63,82.33,0,trend_extrapolation_from_real_data
SGP,Singapore,2027,83.0,83.7,82.3,0,trend_extrapolation_from_real_data
SGP,Singapore,2028,83.03,83.78,82.28,0,trend_extrapolation_from_real_data
SGP,Singapore,2029,83.06,83.86,82.26,0,trend_extrapolation_from_real_data
SGP,Singapore,2030,83.08,83.93,82.23,0,trend_extrapolation_from_real_data
SGP,Singapore,2031,83.11,84.01,82.21,0,trend_extrapolation_from_real_data
SGP,Singapore,2032,83.14,84.09,82.19,0,trend_extrapolation_from_real_data
SGP,Singapore,2033,83.17,84.17,82.17,0,trend_extrapolation_from_real_data
SGP,Singapore,2034,83.19,84.24,82.14,0,trend_extrapolation_from_real_data
SGP,Singapore,2035,83.22,84.32,82.12,0,trend_extrapolation_from_real_data
SGP,Singapore,2036,83.25,84.4,82.1,0,trend_extrapolation_from_real_data
SGP,Singapore,2037,83.27,84.47,82.07,0,trend_extrapolation_from_real_data
SGP,Singapore,2038,83.3,84.55,82.05,0,trend_extrapolation_from_real_data
SGP,Singapore,2039,83.33,84.63,82.03,0,trend_extrapolation_from_real_data
SGP,Singapore,2040,83.35,84.7,82.0,0,trend_extrapolation_from_real_data
SGP,Singapore,2041,83.38,84.78,81.98,0,trend_extrapolation_from_real_data
SGP,Singapore,2042,83.41,84.86,81.96,0,trend_extrapolation_from_real_data
SGP,Singapore,2043,83.44,84.94,81.94,0,trend_extrapolation_from_real_data
SGP,Singapore,2044,83.46,85.01,81.91,0,trend_extrapolation_from_real_data
SGP,Singapore,2045,83.49,85.09,81.89,0,trend_extrapolation_from_real_data
SGP,Singapore,2046,83.52,85.17,81.87,0,trend_extrapolation_from_real_data
SGP,Singapore,2047,83.54,85.24,81.84,0,trend_extrapolation_from_real_data
SGP,Singapore,2048,83.57,85.32,81.82,0,trend_extrapolation_from_real_data
SGP,Singapore,2049,83.6,85.4,81.8,0,trend_extrapolation_from_real_data
SGP,Singapore,2050,83.62,85.47,81.77,0,trend_extrapolation_from_real_data
SGP,Singapore,2051,83.65,85.55,81.75,0,trend_extrapolation_from_real_data
SGP,Singapore,2052,83.68,85.63,81.73,0,trend_extrapolation_from_real_data
SGP,Singapore,2053,83.7,85.7,81.7,0,trend_extrapolation_from_real_data
SGP,Singapore,2054,83.73,85.78,81.68,0,trend_extrapolation_from_real_data
SGP,Singapore,2055,83.76,85.86,81.66,0,trend_extrapolation_from_real_data
SGP,Singapore,2056,83.79,85.94,81.64,0,trend_extrapolation_from_real_data
SGP,Singapore,2057,83.81,86.01,81.61,0,trend_extrapolation_from_real_data
SGP,Singapore,2058,83.84,86.09,81.59,0,trend_extrapolation_from_real_data
SGP,Singapore,2059,83.87,86.17,81.57,0,trend_extrapolation_from_real_data
SGP,Singapore,2060,83.89,86.24,81.54,0,trend_extrapolation_from_real_data
SGP,Singapore,2061,83.92,86.32,81.52,0,trend_extrapolation_from_real_data
SGP,Singapore,2062,83.95,86.4,81.5,0,trend_extrapolation_from_real_data
SGP,Singapore,2063,83.97,86.47,81.47,0,trend_extrapolation_from_real_data
SGP,Singapore,2064,84.0,86.55,81.45,0,trend_extrapolation_from_real_data
SGP,Singapore,2065,84.03,86.63,81.43,0,trend_extrapolation_from_real_data
SGP,Singapore,2066,84.06,86.71,81.41,0,trend_extrapolation_from_real_data
SGP,Singapore,2067,84.08,86.78,81.38,0,trend_extrapolation_from_real_data
SGP,Singapore,2068,84.11,86.86,81.36,0,trend_extrapolation_from_real_data
SGP,Singapore,2069,84.14,86.94,81.34,0,trend_extrapolation_from_real_data
SGP,Singapore,2070,84.16,87.01,81.31,0,trend_extrapolation_from_real_data
SGP,Singapore,2071,84.19,87.09,81.29,0,trend_extrapolation_from_real_data
SGP,Singapore,2072,84.22,87.17,81.27,0,trend_extrapolation_from_real_data
SGP,Singapore,2073,84.24,87.24,81.24,0,trend_extrapolation_from_real_data
SGP,Singapore,2074,84.27,87.32,81.22,0,trend_extrapolation_from_real_data
SGP,Singapore,2075,84.3,87.4,81.2,0,trend_extrapolation_from_real_data
SGP,Singapore,2076,84.33,87.48,81.18,0,trend_extrapolation_from_real_data
SGP,Singapore,2077,84.35,87.55,81.15,0,trend_extrapolation_from_real_data
SGP,Singapore,2078,84.38,87.63,81.13,0,trend_extrapolation_from_real_data
SGP,Singapore,2079,84.41,87.71,81.11,0,trend_extrapolation_from_real_data
SGP,Singapore,2080,84.43,87.78,81.08,0,trend_extrapolation_from_real_data
SGP,Singapore,2081,84.46,87.86,81.06,0,trend_extrapolation_from_real_data
SGP,Singapore,2082,84.49,87.94,81.04,0,trend_extrapolation_from_real_data
SGP,Singapore,2083,84.51,88.01,81.01,0,trend_extrapolation_from_real_data
SGP,Singapore,2084,84.54,88.09,80.99,0,trend_extrapolation_from_real_data
SGP,Singapore,2085,84.57,88.17,80.97,0,trend_extrapolation_from_real_data
SGP,Singapore,2086,84.6,88.25,80.95,0,trend_extrapolation_from_real_data
SGP,Singapore,2087,84.62,88.32,80.92,0,trend_extrapolation_from_real_data
SGP,Singapore,2088,84.65,88.4,80.9,0,trend_extrapolation_from_real_data
SGP,Singapore,2089,84.68,88.48,80.88,0,trend_extrapolation_from_real_data
SGP,Singapore,2090,84.7,88.55,80.85,0,trend_extrapolation_from_real_data
SGP,Singapore,2091,84.73,88.63,80.83,0,trend_extrapolation_from_real_data
SGP,Singapore,2092,84.76,88.71,80.81,0,trend_extrapolation_from_real_data
SGP,Singapore,2093,84.78,88.78,80.78,0,trend_extrapolation_from_real_data
SGP,Singapore,2094,84.81,88.86,80.76,0,trend_extrapolation_from_real_data
SGP,Singapore,2095,84.84,88.94,80.74,0,trend_extrapolation_from_real_data
SGP,Singapore,2096,84.87,89.02,80.72,0,trend_extrapolation_from_real_data
SGP,Singapore,2097,84.89,89.09,80.69,0,trend_extrapolation_from_real_data
SGP,Singapore,2098,84.92,89.17,80.67,0,trend_extrapolation_from_real_data
SGP,Singapore,2099,84.95,89.25,80.65,0,trend_extrapolation_from_real_data
SGP,Singapore,2100,84.97,89.32,80.62,0,trend_extrapolation_from_real_data
SRB,Serbia,2024,76.25,76.8,75.7,0,trend_extrapolation_from_real_data
SRB,Serbia,2025,76.27,76.87,75.67,0,trend_extrapolation_from_real_data
SRB,Serbia,2026,76.3,76.95,75.65,0,trend_extrapolation_from_real_data
SRB,Serbia,2027,76.33,77.03,75.63,0,trend_extrapolation_from_real_data
SRB,Serbia,2028,76.35,77.1,75.6,0,trend_extrapolation_from_real_data
SRB,Serbia,2029,76.38,77.18,75.58,0,trend_extrapolation_from_real_data
SRB,Serbia,2030,76.41,77.26,75.56,0,trend_extrapolation_from_real_data
SRB,Serbia,2031,76.43,77.33,75.53,0,trend_extrapolation_from_real_data
SRB,Serbia,2032,76.46,77.41,75.51,0,trend_extrapolation_from_real_data
SRB,Serbia,2033,76.49,77.49,75.49,0,trend_extrapolation_from_real_data
SRB,Serbia,2034,76.52,77.57,75.47,0,trend_extrapolation_from_real_data
SRB,Serbia,2035,76.54,77.64,75.44,0,trend_extrapolation_from_real_data
SRB,Serbia,2036,76.57,77.72,75.42,0,trend_extrapolation_from_real_data
SRB,Serbia,2037,76.6,77.8,75.4,0,trend_extrapolation_from_real_data
SRB,Serbia,2038,76.62,77.87,75.37,0,trend_extrapolation_from_real_data
SRB,Serbia,2039,76.65,77.95,75.35,0,trend_extrapolation_from_real_data
SRB,Serbia,2040,76.68,78.03,75.33,0,trend_extrapolation_from_real_data
SRB,Serbia,2041,76.7,78.1,75.3,0,trend_extrapolation_from_real_data
SRB,Serbia,2042,76.73,78.18,75.28,0,trend_extrapolation_from_real_data
SRB,Serbia,2043,76.76,78.26,75.26,0,trend_extrapolation_from_real_data
SRB,Serbia,2044,76.78,78.33,75.23,0,trend_extrapolation_from_real_data
SRB,Serbia,2045,76.81,78.41,75.21,0,trend_extrapolation_from_real_data
SRB,Serbia,2046,76.84,78.49,75.19,0,trend_extrapolation_from_real_data
SRB,Serbia,2047,76.86,78.56,75.16,0,trend_extrapolation_from_real_data
SRB,Serbia,2048,76.89,78.64,75.14,0,trend_extrapolation_from_real_data
SRB,Serbia,2049,76.92,78.72,75.12,0,trend_extrapolation_from_real_data
SRB,Serbia,2050,76.94,78.79,75.09,0,trend_extrapolation_from_real_data
SRB,Serbia,2051,76.97,78.87,75.07,0,trend_extrapolation_from_real_data
SRB,Serbia,2052,77.0,78.95,75.05,0,trend_extrapolation_from_real_data
SRB,Serbia,2053,77.02,79.02,75.02,0,trend_extrapolation_from_real_data
SRB,Serbia,2054,77.05,79.1,75.0,0,trend_extrapolation_from_real_data
SRB,Serbia,2055,77.08,79.18,74.98,0,trend_extrapolation_from_real_data
SRB,Serbia,2056,77.1,79.25,74.95,0,trend_extrapolation_from_real_data
SRB,Serbia,2057,77.13,79.33,74.93,0,trend_extrapolation_from_real_data
SRB,Serbia,2058,77.16,79.41,74.91,0,trend_extrapolation_from_real_data
SRB,Serbia,2059,77.18,79.48,74.88,0,trend_extrapolation_from_real_data
SRB,Serbia,2060,77.21,79.56,74.86,0,trend_extrapolation_from_real_data
SRB,Serbia,2061,77.24,79.64,74.84,0,trend_extrapolation_from_real_data
SRB,Serbia,2062,77.26,79.71,74.81,0,trend_extrapolation_from_real_data
SRB,Serbia,2063,77.29,79.79,74.79,0,trend_extrapolation_from_real_data
SRB,Serbia,2064,77.32,79.87,74.77,0,trend_extrapolation_from_real_data
SRB,Serbia,2065,77.34,79.94,74.74,0,trend_extrapolation_from_real_data
SRB,Serbia,2066,77.37,80.02,74.72,0,trend_extrapolation_from_real_data
SRB,Serbia,2067,77.4,80.1,74.7,0,trend_extrapolation_from_real_data
SRB,Serbia,2068,77.42,80.17,74.67,0,trend_extrapolation_from_real_data
SRB,Serbia,2069,77.45,80.25,74.65,0,trend_extrapolation_from_real_data
SRB,Serbia,2070,77.48,80.33,74.63,0,trend_extrapolation_from_real_data
SRB,Serbia,2071,77.5,80.4,74.6,0,trend_extrapolation_from_real_data
SRB,Serbia,2072,77.53,80.48,74.58,0,trend_extrapolation_from_real_data
SRB,Serbia,2073,77.56,80.56,74.56,0,trend_extrapolation_from_real_data
SRB,Serbia,2074,77.58,80.63,74.53,0,trend_extrapolation_from_real_data
SRB,Serbia,2075,77.61,80.71,74.51,0,trend_extrapolation_from_real_data
SRB,Serbia,2076,77.64,80.79,74.49,0,trend_extrapolation_from_real_data
SRB,Serbia,2077,77.67,80.87,74.47,0,trend_extrapolation_from_real_data
SRB,Serbia,2078,77.69,80.94,74.44,0,trend_extrapolation_from_real_data
SRB,Serbia,2079,77.72,81.02,74.42,0,trend_extrapolation_from_real_data
SRB,Serbia,2080,77.75,81.1,74.4,0,trend_extrapolation_from_real_data
SRB,Serbia,2081,77.77,81.17,74.37,0,trend_extrapolation_from_real_data
SRB,Serbia,2082,77.8,81.25,74.35,0,trend_extrapolation_from_real_data
SRB,Serbia,2083,77.83,81.33,74.33,0,trend_extrapolation_from_real_data
SRB,Serbia,2084,77.85,81.4,74.3,0,trend_extrapolation_from_real_data
SRB,Serbia,2085,77.88,81.48,74.28,0,trend_extrapolation_from_real_data
SRB,Serbia,2086,77.91,81.56,74.26,0,trend_extrapolation_from_real_data
SRB,Serbia,2087,77.93,81.63,74.23,0,trend_extrapolation_from_real_data
SRB,Serbia,2088,77.96,81.71,74.21,0,trend_extrapolation_from_real_data
SRB,Serbia,2089,77.99,81.79,74.19,0,trend_extrapolation_from_real_data
SRB,Serbia,2090,78.01,81.86,74.16,0,trend_extrapolation_from_real_data
SRB,Serbia,2091,78.04,81.94,74.14,0,trend_extrapolation_from_real_data
SRB,Serbia,2092,78.07,82.02,74.12,0,trend_extrapolation_from_real_data
SRB,Serbia,2093,78.09,82.09,74.09,0,trend_extrapolation_from_real_data
SRB,Serbia,2094,78.12,82.17,74.07,0,trend_extrapolation_from_real_data
SRB,Serbia,2095,78.15,82.25,74.05,0,trend_extrapolation_from_real_data
SRB,Serbia,2096,78.17,82.32,74.02,0,trend_extrapolation_from_real_data
SRB,Serbia,2097,78.2,82.4,74.0,0,trend_extrapolation_from_real_data
SRB,Serbia,2098,78.23,82.48,73.98,0,trend_extrapolation_from_real_data
SRB,Serbia,2099,78.25,82.55,73.95,0,trend_extrapolation_from_real_data
SRB,Serbia,2100,78.28,82.63,73.93,0,trend_extrapolation_from_real_data
SVK,Slovakia,2024,78.05,78.6,77.5,0,trend_extrapolation_from_real_data
SVK,Slovakia,2025,78.08,78.68,77.48,0,trend_extrapolation_from_real_data
SVK,Slovakia,2026,78.12,78.77,77.47,0,trend_extrapolation_from_real_data
SVK,Slovakia,2027,78.15,78.85,77.45,0,trend_extrapolation_from_real_data
SVK,Slovakia,2028,78.19,78.94,77.44,0,trend_extrapolation_from_real_data
SVK,Slovakia,2029,78.22,79.02,77.42,0,trend_extrapolation_from_real_data
SVK,Slovakia,2030,78.25,79.1,77.4,0,trend_extrapolation_from_real_data
SVK,Slovakia,2031,78.29,79.19,77.39,0,trend_extrapolation_from_real_data
SVK,Slovakia,2032,78.32,79.27,77.37,0,trend_extrapolation_from_real_data
SVK,Slovakia,2033,78.36,79.36,77.36,0,trend_extrapolation_from_real_data
SVK,Slovakia,2034,78.39,79.44,77.34,0,trend_extrapolation_from_real_data
SVK,Slovakia,2035,78.42,79.52,77.32,0,trend_extrapolation_from_real_data
SVK,Slovakia,2036,78.46,79.61,77.31,0,trend_extrapolation_from_real_data
SVK,Slovakia,2037,78.49,79.69,77.29,0,trend_extrapolation_from_real_data
SVK,Slovakia,2038,78.53,79.78,77.28,0,trend_extrapolation_from_real_data
SVK,Slovakia,2039,78.56,79.86,77.26,0,trend_extrapolation_from_real_data
SVK,Slovakia,2040,78.59,79.94,77.24,0,trend_extrapolation_from_real_data
SVK,Slovakia,2041,78.63,80.03,77.23,0,trend_extrapolation_from_real_data
SVK,Slovakia,2042,78.66,80.11,77.21,0,trend_extrapolation_from_real_data
SVK,Slovakia,2043,78.7,80.2,77.2,0,trend_extrapolation_from_real_data
SVK,Slovakia,2044,78.73,80.28,77.18,0,trend_extrapolation_from_real_data
SVK,Slovakia,2045,78.76,80.36,77.16,0,trend_extrapolation_from_real_data
SVK,Slovakia,2046,78.8,80.45,77.15,0,trend_extrapolation_from_real_data
SVK,Slovakia,2047,78.83,80.53,77.13,0,trend_extrapolation_from_real_data
SVK,Slovakia,2048,78.87,80.62,77.12,0,trend_extrapolation_from_real_data
SVK,Slovakia,2049,78.9,80.7,77.1,0,trend_extrapolation_from_real_data
SVK,Slovakia,2050,78.93,80.78,77.08,0,trend_extrapolation_from_real_data
SVK,Slovakia,2051,78.97,80.87,77.07,0,trend_extrapolation_from_real_data
SVK,Slovakia,2052,79.0,80.95,77.05,0,trend_extrapolation_from_real_data
SVK,Slovakia,2053,79.03,81.03,77.03,0,trend_extrapolation_from_real_data
SVK,Slovakia,2054,79.07,81.12,77.02,0,trend_extrapolation_from_real_data
SVK,Slovakia,2055,79.1,81.2,77.0,0,trend_extrapolation_from_real_data
SVK,Slovakia,2056,79.14,81.29,76.99,0,trend_extrapolation_from_real_data
SVK,Slovakia,2057,79.17,81.37,76.97,0,trend_extrapolation_from_real_data
SVK,Slovakia,2058,79.2,81.45,76.95,0,trend_extrapolation_from_real_data
SVK,Slovakia,2059,79.24,81.54,76.94,0,trend_extrapolation_from_real_data
SVK,Slovakia,2060,79.27,81.62,76.92,0,trend_extrapolation_from_real_data
SVK,Slovakia,2061,79.31,81.71,76.91,0,trend_extrapolation_from_real_data
SVK,Slovakia,2062,79.34,81.79,76.89,0,trend_extrapolation_from_real_data
SVK,Slovakia,2063,79.37,81.87,76.87,0,trend_extrapolation_from_real_data
SVK,Slovakia,2064,79.41,81.96,76.86,0,trend_extrapolation_from_real_data
SVK,Slovakia,2065,79.44,82.04,76.84,0,trend_extrapolation_from_real_data
SVK,Slovakia,2066,79.48,82.13,76.83,0,trend_extrapolation_from_real_data
SVK,Slovakia,2067,79.51,82.21,76.81,0,trend_extrapolation_from_real_data
SVK,Slovakia,2068,79.54,82.29,76.79,0,trend_extrapolation_from_real_data
SVK,Slovakia,2069,79.58,82.38,76.78,0,trend_extrapolation_from_real_data
SVK,Slovakia,2070,79.61,82.46,76.76,0,trend_extrapolation_from_real_data
SVK,Slovakia,2071,79.65,82.55,76.75,0,trend_extrapolation_from_real_data
SVK,Slovakia,2072,79.68,82.63,76.73,0,trend_extrapolation_from_real_data
SVK,Slovakia,2073,79.71,82.71,76.71,0,trend_extrapolation_from_real_data
SVK,Slovakia,2074,79.75,82.8,76.7,0,trend_extrapolation_from_real_data
SVK,Slovakia,2075,79.78,82.88,76.68,0,trend_extrapolation_from_real_data
SVK,Slovakia,2076,79.82,82.97,76.67,0,trend_extrapolation_from_real_data
SVK,Slovakia,2077,79.85,83.05,76.65,0,trend_extrapolation_from_real_data
SVK,Slovakia,2078,79.88,83.13,76.63,0,trend_extrapolation_from_real_data
SVK,Slovakia,2079,79.92,83.22,76.62,0,trend_extrapolation_from_real_data
SVK,Slovakia,2080,79.95,83.3,76.6,0,trend_extrapolation_from_real_data
SVK,Slovakia,2081,79.99,83.39,76.59,0,trend_extrapolation_from_real_data
SVK,Slovakia,2082,80.02,83.47,76.57,0,trend_extrapolation_from_real_data
SVK,Slovakia,2083,80.05,83.55,76.55,0,trend_extrapolation_from_real_data
SVK,Slovakia,2084,80.09,83.64,76.54,0,trend_extrapolation_from_real_data
SVK,Slovakia,2085,80.12,83.72,76.52,0,trend_extrapolation_from_real_data
SVK,Slovakia,2086,80.15,83.8,76.5,0,trend_extrapolation_from_real_data
SVK,Slovakia,2087,80.19,83.89,76.49,0,trend_extrapolation_from_real_data
SVK,Slovakia,2088,80.22,83.97,76.47,0,trend_extrapolation_from_real_data
SVK,Slovakia,2089,80.26,84.06,76.46,0,trend_extrapolation_from_real_data
SVK,Slovakia,2090,80.29,84.14,76.44,0,trend_extrapolation_from_real_data
SVK,Slovakia,2091,80.32,84.22,76.42,0,trend_extrapolation_from_real_data
SVK,Slovakia,2092,80.36,84.31,76.41,0,trend_extrapolation_from_real_data
SVK,Slovakia,2093,80.39,84.39,76.39,0,trend_extrapolation_from_real_data
SVK,Slovakia,2094,80.43,84.48,76.38,0,trend_extrapolation_from_real_data
SVK,Slovakia,2095,80.46,84.56,76.36,0,trend_extrapolation_from_real_data
SVK,Slovakia,2096,80.49,84.64,76.34,0,trend_extrapolation_from_real_data
SVK,Slovakia,2097,80.53,84.73,76.33,0,trend_extrapolation_from_real_data
SVK,Slovakia,2098,80.56,84.81,76.31,0,trend_extrapolation_from_real_data
SVK,Slovakia,2099,80.6,84.9,76.3,0,trend_extrapolation_from_real_data
SVK,Slovakia,2100,80.63,84.98,76.28,0,trend_extrapolation_from_real_data
SVN,Slovenia,2024,82.01,82.56,81.46,0,trend_extrapolation_from_real_data
SVN,Slovenia,2025,82.04,82.64,81.44,0,trend_extrapolation_from_real_data
SVN,Slovenia,2026,82.07,82.72,81.42,0,trend_extrapolation_from_real_data
SVN,Slovenia,2027,82.1,82.8,81.4,0,trend_extrapolation_from_real_data
SVN,Slovenia,2028,82.14,82.89,81.39,0,trend_extrapolation_from_real_data
SVN,Slovenia,2029,82.17,82.97,81.37,0,trend_extrapolation_from_real_data
SVN,Slovenia,2030,82.2,83.05,81.35,0,trend_extrapolation_from_real_data
SVN,Slovenia,2031,82.23,83.13,81.33,0,trend_extrapolation_from_real_data
SVN,Slovenia,2032,82.26,83.21,81.31,0,trend_extrapolation_from_real_data
SVN,Slovenia,2033,82.29,83.29,81.29,0,trend_extrapolation_from_real_data
SVN,Slovenia,2034,82.32,83.37,81.27,0,trend_extrapolation_from_real_data
SVN,Slovenia,2035,82.35,83.45,81.25,0,trend_extrapolation_from_real_data
SVN,Slovenia,2036,82.39,83.54,81.24,0,trend_extrapolation_from_real_data
SVN,Slovenia,2037,82.42,83.62,81.22,0,trend_extrapolation_from_real_data
SVN,Slovenia,2038,82.45,83.7,81.2,0,trend_extrapolation_from_real_data
SVN,Slovenia,2039,82.48,83.78,81.18,0,trend_extrapolation_from_real_data
SVN,Slovenia,2040,82.51,83.86,81.16,0,trend_extrapolation_from_real_data
SVN,Slovenia,2041,82.54,83.94,81.14,0,trend_extrapolation_from_real_data
SVN,Slovenia,2042,82.57,84.02,81.12,0,trend_extrapolation_from_real_data
SVN,Slovenia,2043,82.61,84.11,81.11,0,trend_extrapolation_from_real_data
SVN,Slovenia,2044,82.64,84.19,81.09,0,trend_extrapolation_from_real_data
SVN,Slovenia,2045,82.67,84.27,81.07,0,trend_extrapolation_from_real_data
SVN,Slovenia,2046,82.7,84.35,81.05,0,trend_extrapolation_from_real_data
SVN,Slovenia,2047,82.73,84.43,81.03,0,trend_extrapolation_from_real_data
SVN,Slovenia,2048,82.76,84.51,81.01,0,trend_extrapolation_from_real_data
SVN,Slovenia,2049,82.79,84.59,80.99,0,trend_extrapolation_from_real_data
SVN,Slovenia,2050,82.83,84.68,80.98,0,trend_extrapolation_from_real_data
SVN,Slovenia,2051,82.86,84.76,80.96,0,trend_extrapolation_from_real_data
SVN,Slovenia,2052,82.89,84.84,80.94,0,trend_extrapolation_from_real_data
SVN,Slovenia,2053,82.92,84.92,80.92,0,trend_extrapolation_from_real_data
SVN,Slovenia,2054,82.95,85.0,80.9,0,trend_extrapolation_from_real_data
SVN,Slovenia,2055,82.98,85.08,80.88,0,trend_extrapolation_from_real_data
SVN,Slovenia,2056,83.01,85.16,80.86,0,trend_extrapolation_from_real_data
SVN,Slovenia,2057,83.05,85.25,80.85,0,trend_extrapolation_from_real_data
SVN,Slovenia,2058,83.08,85.33,80.83,0,trend_extrapolation_from_real_data
SVN,Slovenia,2059,83.11,85.41,80.81,0,trend_extrapolation_from_real_data
SVN,Slovenia,2060,83.14,85.49,80.79,0,trend_extrapolation_from_real_data
SVN,Slovenia,2061,83.17,85.57,80.77,0,trend_extrapolation_from_real_data
SVN,Slovenia,2062,83.2,85.65,80.75,0,trend_extrapolation_from_real_data
SVN,Slovenia,2063,83.23,85.73,80.73,0,trend_extrapolation_from_real_data
SVN,Slovenia,2064,83.27,85.82,80.72,0,trend_extrapolation_from_real_data
SVN,Slovenia,2065,83.3,85.9,80.7,0,trend_extrapolation_from_real_data
SVN,Slovenia,2066,83.33,85.98,80.68,0,trend_extrapolation_from_real_data
SVN,Slovenia,2067,83.36,86.06,80.66,0,trend_extrapolation_from_real_data
SVN,Slovenia,2068,83.39,86.14,80.64,0,trend_extrapolation_from_real_data
SVN,Slovenia,2069,83.42,86.22,80.62,0,trend_extrapolation_from_real_data
SVN,Slovenia,2070,83.45,86.3,80.6,0,trend_extrapolation_from_real_data
SVN,Slovenia,2071,83.49,86.39,80.59,0,trend_extrapolation_from_real_data
SVN,Slovenia,2072,83.52,86.47,80.57,0,trend_extrapolation_from_real_data
SVN,Slovenia,2073,83.55,86.55,80.55,0,trend_extrapolation_from_real_data
SVN,Slovenia,2074,83.58,86.63,80.53,0,trend_extrapolation_from_real_data
SVN,Slovenia,2075,83.61,86.71,80.51,0,trend_extrapolation_from_real_data
SVN,Slovenia,2076,83.64,86.79,80.49,0,trend_extrapolation_from_real_data
SVN,Slovenia,2077,83.67,86.87,80.47,0,trend_extrapolation_from_real_data
SVN,Slovenia,2078,83.71,86.96,80.46,0,trend_extrapolation_from_real_data
SVN,Slovenia,2079,83.74,87.04,80.44,0,trend_extrapolation_from_real_data
SVN,Slovenia,2080,83.77,87.12,80.42,0,trend_extrapolation_from_real_data
SVN,Slovenia,2081,83.8,87.2,80.4,0,trend_extrapolation_from_real_data
SVN,Slovenia,2082,83.83,87.28,80.38,0,trend_extrapolation_from_real_data
SVN,Slovenia,2083,83.86,87.36,80.36,0,trend_extrapolation_from_real_data
SVN,Slovenia,2084,83.89,87.44,80.34,0,trend_extrapolation_from_real_data
SVN,Slovenia,2085,83.93,87.53,80.33,0,trend_extrapolation_from_real_data
SVN,Slovenia,2086,83.96,87.61,80.31,0,trend_extrapolation_from_real_data
SVN,Slovenia,2087,83.99,87.69,80.29,0,trend_extrapolation_from_real_data
SVN,Slovenia,2088,84.02,87.77,80.27,0,trend_extrapolation_from_real_data
SVN,Slovenia,2089,84.05,87.85,80.25,0,trend_extrapolation_from_real_data
SVN,Slovenia,2090,84.08,87.93,80.23,0,trend_extrapolation_from_real_data
SVN,Slovenia,2091,84.11,88.01,80.21,0,trend_extrapolation_from_real_data
SVN,Slovenia,2092,84.15,88.1,80.2,0,trend_extrapolation_from_real_data
SVN,Slovenia,2093,84.18,88.18,80.18,0,trend_extrapolation_from_real_data
SVN,Slovenia,2094,84.21,88.26,80.16,0,trend_extrapolation_from_real_data
SVN,Slovenia,2095,84.24,88.34,80.14,0,trend_extrapolation_from_real_data
SVN,Slovenia,2096,84.27,88.42,80.12,0,trend_extrapolation_from_real_data
SVN,Slovenia,2097,84.3,88.5,80.1,0,trend_extrapolation_from_real_data
SVN,Slovenia,2098,84.33,88.58,80.08,0,trend_extrapolation_from_real_data
SVN,Slovenia,2099,84.36,88.66,80.06,0,trend_extrapolation_from_real_data
SVN,Slovenia,2100,84.4,88.75,80.05,0,trend_extrapolation_from_real_data
SWE,Sweden,2024,83.33,83.88,82.78,0,trend_extrapolation_from_real_data
SWE,Sweden,2025,83.35,83.95,82.75,0,trend_extrapolation_from_real_data
SWE,Sweden,2026,83.37,84.02,82.72,0,trend_extrapolation_from_real_data
SWE,Sweden,2027,83.38,84.08,82.68,0,trend_extrapolation_from_real_data
SWE,Sweden,2028,83.4,84.15,82.65,0,trend_extrapolation_from_real_data
SWE,Sweden,2029,83.42,84.22,82.62,0,trend_extrapolation_from_real_data
SWE,Sweden,2030,83.44,84.29,82.59,0,trend_extrapolation_from_real_data
SWE,Sweden,2031,83.46,84.36,82.56,0,trend_extrapolation_from_real_data
SWE,Sweden,2032,83.48,84.43,82.53,0,trend_extrapolation_from_real_data
SWE,Sweden,2033,83.49,84.49,82.49,0,trend_extrapolation_from_real_data
SWE,Sweden,2034,83.51,84.56,82.46,0,trend_extrapolation_from_real_data
SWE,Sweden,2035,83.53,84.63,82.43,0,trend_extrapolation_from_real_data
SWE,Sweden,2036,83.55,84.7,82.4,0,trend_extrapolation_from_real_data
SWE,Sweden,2037,83.57,84.77,82.37,0,trend_extrapolation_from_real_data
SWE,Sweden,2038,83.59,84.84,82.34,0,trend_extrapolation_from_real_data
SWE,Sweden,2039,83.6,84.9,82.3,0,trend_extrapolation_from_real_data
SWE,Sweden,2040,83.62,84.97,82.27,0,trend_extrapolation_from_real_data
SWE,Sweden,2041,83.64,85.04,82.24,0,trend_extrapolation_from_real_data
SWE,Sweden,2042,83.66,85.11,82.21,0,trend_extrapolation_from_real_data
SWE,Sweden,2043,83.68,85.18,82.18,0,trend_extrapolation_from_real_data
SWE,Sweden,2044,83.7,85.25,82.15,0,trend_extrapolation_from_real_data
SWE,Sweden,2045,83.71,85.31,82.11,0,trend_extrapolation_from_real_data
SWE,Sweden,2046,83.73,85.38,82.08,0,trend_extrapolation_from_real_data
SWE,Sweden,2047,83.75,85.45,82.05,0,trend_extrapolation_from_real_data
SWE,Sweden,2048,83.77,85.52,82.02,0,trend_extrapolation_from_real_data
SWE,Sweden,2049,83.79,85.59,81.99,0,trend_extrapolation_from_real_data
SWE,Sweden,2050,83.81,85.66,81.96,0,trend_extrapolation_from_real_data
SWE,Sweden,2051,83.83,85.73,81.93,0,trend_extrapolation_from_real_data
SWE,Sweden,2052,83.84,85.79,81.89,0,trend_extrapolation_from_real_data
SWE,Sweden,2053,83.86,85.86,81.86,0,trend_extrapolation_from_real_data
SWE,Sweden,2054,83.88,85.93,81.83,0,trend_extrapolation_from_real_data
SWE,Sweden,2055,83.9,86.0,81.8,0,trend_extrapolation_from_real_data
SWE,Sweden,2056,83.92,86.07,81.77,0,trend_extrapolation_from_real_data
SWE,Sweden,2057,83.94,86.14,81.74,0,trend_extrapolation_from_real_data
SWE,Sweden,2058,83.95,86.2,81.7,0,trend_extrapolation_from_real_data
SWE,Sweden,2059,83.97,86.27,81.67,0,trend_extrapolation_from_real_data
SWE,Sweden,2060,83.99,86.34,81.64,0,trend_extrapolation_from_real_data
SWE,Sweden,2061,84.01,86.41,81.61,0,trend_extrapolation_from_real_data
SWE,Sweden,2062,84.03,86.48,81.58,0,trend_extrapolation_from_real_data
SWE,Sweden,2063,84.05,86.55,81.55,0,trend_extrapolation_from_real_data
SWE,Sweden,2064,84.06,86.61,81.51,0,trend_extrapolation_from_real_data
SWE,Sweden,2065,84.08,86.68,81.48,0,trend_extrapolation_from_real_data
SWE,Sweden,2066,84.1,86.75,81.45,0,trend_extrapolation_from_real_data
SWE,Sweden,2067,84.12,86.82,81.42,0,trend_extrapolation_from_real_data
SWE,Sweden,2068,84.14,86.89,81.39,0,trend_extrapolation_from_real_data
SWE,Sweden,2069,84.16,86.96,81.36,0,trend_extrapolation_from_real_data
SWE,Sweden,2070,84.18,87.03,81.33,0,trend_extrapolation_from_real_data
SWE,Sweden,2071,84.19,87.09,81.29,0,trend_extrapolation_from_real_data
SWE,Sweden,2072,84.21,87.16,81.26,0,trend_extrapolation_from_real_data
SWE,Sweden,2073,84.23,87.23,81.23,0,trend_extrapolation_from_real_data
SWE,Sweden,2074,84.25,87.3,81.2,0,trend_extrapolation_from_real_data
SWE,Sweden,2075,84.27,87.37,81.17,0,trend_extrapolation_from_real_data
SWE,Sweden,2076,84.29,87.44,81.14,0,trend_extrapolation_from_real_data
SWE,Sweden,2077,84.3,87.5,81.1,0,trend_extrapolation_from_real_data
SWE,Sweden,2078,84.32,87.57,81.07,0,trend_extrapolation_from_real_data
SWE,Sweden,2079,84.34,87.64,81.04,0,trend_extrapolation_from_real_data
SWE,Sweden,2080,84.36,87.71,81.01,0,trend_extrapolation_from_real_data
SWE,Sweden,2081,84.38,87.78,80.98,0,trend_extrapolation_from_real_data
SWE,Sweden,2082,84.4,87.85,80.95,0,trend_extrapolation_from_real_data
SWE,Sweden,2083,84.41,87.91,80.91,0,trend_extrapolation_from_real_data
SWE,Sweden,2084,84.43,87.98,80.88,0,trend_extrapolation_from_real_data
SWE,Sweden,2085,84.45,88.05,80.85,0,trend_extrapolation_from_real_data
SWE,Sweden,2086,84.47,88.12,80.82,0,trend_extrapolation_from_real_data
SWE,Sweden,2087,84.49,88.19,80.79,0,trend_extrapolation_from_real_data
SWE,Sweden,2088,84.51,88.26,80.76,0,trend_extrapolation_from_real_data
SWE,Sweden,2089,84.53,88.33,80.73,0,trend_extrapolation_from_real_data
SWE,Sweden,2090,84.54,88.39,80.69,0,trend_extrapolation_from_real_data
SWE,Sweden,2091,84.56,88.46,80.66,0,trend_extrapolation_from_real_data
SWE,Sweden,2092,84.58,88.53,80.63,0,trend_extrapolation_from_real_data
SWE,Sweden,2093,84.6,88.6,80.6,0,trend_extrapolation_from_real_data
SWE,Sweden,2094,84.62,88.67,80.57,0,trend_extrapolation_from_real_data
SWE,Sweden,2095,84.64,88.74,80.54,0,trend_extrapolation_from_real_data
SWE,Sweden,2096,84.65,88.8,80.5,0,trend_extrapolation_from_real_data
SWE,Sweden,2097,84.67,88.87,80.47,0,trend_extrapolation_from_real_data
SWE,Sweden,2098,84.69,88.94,80.44,0,trend_extrapolation_from_real_data
SWE,Sweden,2099,84.71,89.01,80.41,0,trend_extrapolation_from_real_data
SWE,Sweden,2100,84.73,89.08,80.38,0,trend_extrapolation_from_real_data
SYR,Syria,2024,72.08,72.63,71.53,0,trend_extrapolation_from_real_data
SYR,Syria,2025,72.04,72.64,71.44,0,trend_extrapolation_from_real_data
SYR,Syria,2026,72.0,72.65,71.35,0,trend_extrapolation_from_real_data
SYR,Syria,2027,71.96,72.66,71.26,0,trend_extrapolation_from_real_data
SYR,Syria,2028,71.92,72.67,71.17,0,trend_extrapolation_from_real_data
SYR,Syria,2029,71.88,72.68,71.08,0,trend_extrapolation_from_real_data
SYR,Syria,2030,71.84,72.69,70.99,0,trend_extrapolation_from_real_data
SYR,Syria,2031,71.8,72.7,70.9,0,trend_extrapolation_from_real_data
SYR,Syria,2032,71.76,72.71,70.81,0,trend_extrapolation_from_real_data
SYR,Syria,2033,71.72,72.72,70.72,0,trend_extrapolation_from_real_data
SYR,Syria,2034,71.68,72.73,70.63,0,trend_extrapolation_from_real_data
SYR,Syria,2035,71.64,72.74,70.54,0,trend_extrapolation_from_real_data
SYR,Syria,2036,71.6,72.75,70.45,0,trend_extrapolation_from_real_data
SYR,Syria,2037,71.56,72.76,70.36,0,trend_extrapolation_from_real_data
SYR,Syria,2038,71.52,72.77,70.27,0,trend_extrapolation_from_real_data
SYR,Syria,2039,71.48,72.78,70.18,0,trend_extrapolation_from_real_data
SYR,Syria,2040,71.44,72.79,70.09,0,trend_extrapolation_from_real_data
SYR,Syria,2041,71.4,72.8,70.0,0,trend_extrapolation_from_real_data
SYR,Syria,2042,71.36,72.81,69.91,0,trend_extrapolation_from_real_data
SYR,Syria,2043,71.32,72.82,69.82,0,trend_extrapolation_from_real_data
SYR,Syria,2044,71.28,72.83,69.73,0,trend_extrapolation_from_real_data
SYR,Syria,2045,71.24,72.84,69.64,0,trend_extrapolation_from_real_data
SYR,Syria,2046,71.2,72.85,69.55,0,trend_extrapolation_from_real_data
SYR,Syria,2047,71.16,72.86,69.46,0,trend_extrapolation_from_real_data
SYR,Syria,2048,71.12,72.87,69.37,0,trend_extrapolation_from_real_data
SYR,Syria,2049,71.08,72.88,69.28,0,trend_extrapolation_from_real_data
SYR,Syria,2050,71.04,72.89,69.19,0,trend_extrapolation_from_real_data
SYR,Syria,2051,71.0,72.9,69.1,0,trend_extrapolation_from_real_data
SYR,Syria,2052,70.96,72.91,69.01,0,trend_extrapolation_from_real_data
SYR,Syria,2053,70.92,72.92,68.92,0,trend_extrapolation_from_real_data
SYR,Syria,2054,70.88,72.93,68.83,0,trend_extrapolation_from_real_data
SYR,Syria,2055,70.84,72.94,68.74,0,trend_extrapolation_from_real_data
SYR,Syria,2056,70.8,72.95,68.65,0,trend_extrapolation_from_real_data
SYR,Syria,2057,70.76,72.96,68.56,0,trend_extrapolation_from_real_data
SYR,Syria,2058,70.72,72.97,68.47,0,trend_extrapolation_from_real_data
SYR,Syria,2059,70.68,72.98,68.38,0,trend_extrapolation_from_real_data
SYR,Syria,2060,70.64,72.99,68.29,0,trend_extrapolation_from_real_data
SYR,Syria,2061,70.6,73.0,68.2,0,trend_extrapolation_from_real_data
SYR,Syria,2062,70.56,73.01,68.11,0,trend_extrapolation_from_real_data
SYR,Syria,2063,70.52,73.02,68.02,0,trend_extrapolation_from_real_data
SYR,Syria,2064,70.48,73.03,67.93,0,trend_extrapolation_from_real_data
SYR,Syria,2065,70.44,73.04,67.84,0,trend_extrapolation_from_real_data
SYR,Syria,2066,70.4,73.05,67.75,0,trend_extrapolation_from_real_data
SYR,Syria,2067,70.36,73.06,67.66,0,trend_extrapolation_from_real_data
SYR,Syria,2068,70.32,73.07,67.57,0,trend_extrapolation_from_real_data
SYR,Syria,2069,70.28,73.08,67.48,0,trend_extrapolation_from_real_data
SYR,Syria,2070,70.24,73.09,67.39,0,trend_extrapolation_from_real_data
SYR,Syria,2071,70.2,73.1,67.3,0,trend_extrapolation_from_real_data
SYR,Syria,2072,70.16,73.11,67.21,0,trend_extrapolation_from_real_data
SYR,Syria,2073,70.13,73.13,67.13,0,trend_extrapolation_from_real_data
SYR,Syria,2074,70.09,73.14,67.04,0,trend_extrapolation_from_real_data
SYR,Syria,2075,70.05,73.15,66.95,0,trend_extrapolation_from_real_data
SYR,Syria,2076,70.01,73.16,66.86,0,trend_extrapolation_from_real_data
SYR,Syria,2077,69.97,73.17,66.77,0,trend_extrapolation_from_real_data
SYR,Syria,2078,69.93,73.18,66.68,0,trend_extrapolation_from_real_data
SYR,Syria,2079,69.89,73.19,66.59,0,trend_extrapolation_from_real_data
SYR,Syria,2080,69.85,73.2,66.5,0,trend_extrapolation_from_real_data
SYR,Syria,2081,69.81,73.21,66.41,0,trend_extrapolation_from_real_data
SYR,Syria,2082,69.77,73.22,66.32,0,trend_extrapolation_from_real_data
SYR,Syria,2083,69.73,73.23,66.23,0,trend_extrapolation_from_real_data
SYR,Syria,2084,69.69,73.24,66.14,0,trend_extrapolation_from_real_data
SYR,Syria,2085,69.65,73.25,66.05,0,trend_extrapolation_from_real_data
SYR,Syria,2086,69.61,73.26,65.96,0,trend_extrapolation_from_real_data
SYR,Syria,2087,69.57,73.27,65.87,0,trend_extrapolation_from_real_data
SYR,Syria,2088,69.53,73.28,65.78,0,trend_extrapolation_from_real_data
SYR,Syria,2089,69.49,73.29,65.69,0,trend_extrapolation_from_real_data
SYR,Syria,2090,69.45,73.3,65.6,0,trend_extrapolation_from_real_data
SYR,Syria,2091,69.41,73.31,65.51,0,trend_extrapolation_from_real_data
SYR,Syria,2092,69.37,73.32,65.42,0,trend_extrapolation_from_real_data
SYR,Syria,2093,69.33,73.33,65.33,0,trend_extrapolation_from_real_data
SYR,Syria,2094,69.29,73.34,65.24,0,trend_extrapolation_from_real_data
SYR,Syria,2095,69.25,73.35,65.15,0,trend_extrapolation_from_real_data
SYR,Syria,2096,69.21,73.36,65.06,0,trend_extrapolation_from_real_data
SYR,Syria,2097,69.17,73.37,64.97,0,trend_extrapolation_from_real_data
SYR,Syria,2098,69.13,73.38,64.88,0,trend_extrapolation_from_real_data
SYR,Syria,2099,69.09,73.39,64.79,0,trend_extrapolation_from_real_data
SYR,Syria,2100,69.05,73.4,64.7,0,trend_extrapolation_from_real_data
THA,Thailand,2024,76.46,77.01,75.91,0,trend_extrapolation_from_real_data
THA,Thailand,2025,76.51,77.11,75.91,0,trend_extrapolation_from_real_data
THA,Thailand,2026,76.56,77.21,75.91,0,trend_extrapolation_from_real_data
THA,Thailand,2027,76.61,77.31,75.91,0,trend_extrapolation_from_real_data
THA,Thailand,2028,76.65,77.4,75.9,0,trend_extrapolation_from_real_data
THA,Thailand,2029,76.7,77.5,75.9,0,trend_extrapolation_from_real_data
THA,Thailand,2030,76.75,77.6,75.9,0,trend_extrapolation_from_real_data
THA,Thailand,2031,76.8,77.7,75.9,0,trend_extrapolation_from_real_data
THA,Thailand,2032,76.85,77.8,75.9,0,trend_extrapolation_from_real_data
THA,Thailand,2033,76.9,77.9,75.9,0,trend_extrapolation_from_real_data
THA,Thailand,2034,76.94,77.99,75.89,0,trend_extrapolation_from_real_data
THA,Thailand,2035,76.99,78.09,75.89,0,trend_extrapolation_from_real_data
THA,Thailand,2036,77.04,78.19,75.89,0,trend_extrapolation_from_real_data
THA,Thailand,2037,77.09,78.29,75.89,0,trend_extrapolation_from_real_data
THA,Thailand,2038,77.14,78.39,75.89,0,trend_extrapolation_from_real_data
THA,Thailand,2039,77.19,78.49,75.89,0,trend_extrapolation_from_real_data
THA,Thailand,2040,77.24,78.59,75.89,0,trend_extrapolation_from_real_data
THA,Thailand,2041,77.28,78.68,75.88,0,trend_extrapolation_from_real_data
THA,Thailand,2042,77.33,78.78,75.88,0,trend_extrapolation_from_real_data
THA,Thailand,2043,77.38,78.88,75.88,0,trend_extrapolation_from_real_data
THA,Thailand,2044,77.43,78.98,75.88,0,trend_extrapolation_from_real_data
THA,Thailand,2045,77.48,79.08,75.88,0,trend_extrapolation_from_real_data
THA,Thailand,2046,77.53,79.18,75.88,0,trend_extrapolation_from_real_data
THA,Thailand,2047,77.57,79.27,75.87,0,trend_extrapolation_from_real_data
THA,Thailand,2048,77.62,79.37,75.87,0,trend_extrapolation_from_real_data
THA,Thailand,2049,77.67,79.47,75.87,0,trend_extrapolation_from_real_data
THA,Thailand,2050,77.72,79.57,75.87,0,trend_extrapolation_from_real_data
THA,Thailand,2051,77.77,79.67,75.87,0,trend_extrapolation_from_real_data
THA,Thailand,2052,77.82,79.77,75.87,0,trend_extrapolation_from_real_data
THA,Thailand,2053,77.86,79.86,75.86,0,trend_extrapolation_from_real_data
THA,Thailand,2054,77.91,79.96,75.86,0,trend_extrapolation_from_real_data
THA,Thailand,2055,77.96,80.06,75.86,0,trend_extrapolation_from_real_data
THA,Thailand,2056,78.01,80.16,75.86,0,trend_extrapolation_from_real_data
THA,Thailand,2057,78.06,80.26,75.86,0,trend_extrapolation_from_real_data
THA,Thailand,2058,78.11,80.36,75.86,0,trend_extrapolation_from_real_data
THA,Thailand,2059,78.16,80.46,75.86,0,trend_extrapolation_from_real_data
THA,Thailand,2060,78.2,80.55,75.85,0,trend_extrapolation_from_real_data
THA,Thailand,2061,78.25,80.65,75.85,0,trend_extrapolation_from_real_data
THA,Thailand,2062,78.3,80.75,75.85,0,trend_extrapolation_from_real_data
THA,Thailand,2063,78.35,80.85,75.85,0,trend_extrapolation_from_real_data
THA,Thailand,2064,78.4,80.95,75.85,0,trend_extrapolation_from_real_data
THA,Thailand,2065,78.45,81.05,75.85,0,trend_extrapolation_from_real_data
THA,Thailand,2066,78.49,81.14,75.84,0,trend_extrapolation_from_real_data
THA,Thailand,2067,78.54,81.24,75.84,0,trend_extrapolation_from_real_data
THA,Thailand,2068,78.59,81.34,75.84,0,trend_extrapolation_from_real_data
THA,Thailand,2069,78.64,81.44,75.84,0,trend_extrapolation_from_real_data
THA,Thailand,2070,78.69,81.54,75.84,0,trend_extrapolation_from_real_data
THA,Thailand,2071,78.74,81.64,75.84,0,trend_extrapolation_from_real_data
THA,Thailand,2072,78.78,81.73,75.83,0,trend_extrapolation_from_real_data
THA,Thailand,2073,78.83,81.83,75.83,0,trend_extrapolation_from_real_data
THA,Thailand,2074,78.88,81.93,75.83,0,trend_extrapolation_from_real_data
THA,Thailand,2075,78.93,82.03,75.83,0,trend_extrapolation_from_real_data
THA,Thailand,2076,78.98,82.13,75.83,0,trend_extrapolation_from_real_data
THA,Thailand,2077,79.03,82.23,75.83,0,trend_extrapolation_from_real_data
THA,Thailand,2078,79.08,82.33,75.83,0,trend_extrapolation_from_real_data
THA,Thailand,2079,79.12,82.42,75.82,0,trend_extrapolation_from_real_data
THA,Thailand,2080,79.17,82.52,75.82,0,trend_extrapolation_from_real_data
THA,Thailand,2081,79.22,82.62,75.82,0,trend_extrapolation_from_real_data
THA,Thailand,2082,79.27,82.72,75.82,0,trend_extrapolation_from_real_data
THA,Thailand,2083,79.32,82.82,75.82,0,trend_extrapolation_from_real_data
THA,Thailand,2084,79.37,82.92,75.82,0,trend_extrapolation_from_real_data
THA,Thailand,2085,79.41,83.01,75.81,0,trend_extrapolation_from_real_data
THA,Thailand,2086,79.46,83.11,75.81,0,trend_extrapolation_from_real_data
THA,Thailand,2087,79.51,83.21,75.81,0,trend_extrapolation_from_real_data
THA,Thailand,2088,79.56,83.31,75.81,0,trend_extrapolation_from_real_data
THA,Thailand,2089,79.61,83.41,75.81,0,trend_extrapolation_from_real_data
THA,Thailand,2090,79.66,83.51,75.81,0,trend_extrapolation_from_real_data
THA,Thailand,2091,79.7,83.6,75.8,0,trend_extrapolation_from_real_data
THA,Thailand,2092,79.75,83.7,75.8,0,trend_extrapolation_from_real_data
THA,Thailand,2093,79.8,83.8,75.8,0,trend_extrapolation_from_real_data
THA,Thailand,2094,79.85,83.9,75.8,0,trend_extrapolation_from_real_data
THA,Thailand,2095,79.9,84.0,75.8,0,trend_extrapolation_from_real_data
THA,Thailand,2096,79.95,84.1,75.8,0,trend_extrapolation_from_real_data
THA,Thailand,2097,80.0,84.2,75.8,0,trend_extrapolation_from_real_data
THA,Thailand,2098,80.04,84.29,75.79,0,trend_extrapolation_from_real_data
THA,Thailand,2099,80.09,84.39,75.79,0,trend_extrapolation_from_real_data
THA,Thailand,2100,80.14,84.49,75.79,0,trend_extrapolation_from_real_data
TUN,Tunisia,2024,76.53,77.08,75.98,0,trend_extrapolation_from_real_data
TUN,Tunisia,2025,76.55,77.15,75.95,0,trend_extrapolation_from_real_data
TUN,Tunisia,2026,76.57,77.22,75.92,0,trend_extrapolation_from_real_data
TUN,Tunisia,2027,76.59,77.29,75.89,0,trend_extrapolation_from_real_data
TUN,Tunisia,2028,76.61,77.36,75.86,0,trend_extrapolation_from_real_data
TUN,Tunisia,2029,76.63,77.43,75.83,0,trend_extrapolation_from_real_data
TUN,Tunisia,2030,76.65,77.5,75.8,0,trend_extrapolation_from_real_data
TUN,Tunisia,2031,76.66,77.56,75.76,0,trend_extrapolation_from_real_data
TUN,Tunisia,2032,76.68,77.63,75.73,0,trend_extrapolation_from_real_data
TUN,Tunisia,2033,76.7,77.7,75.7,0,trend_extrapolation_from_real_data
TUN,Tunisia,2034,76.72,77.77,75.67,0,trend_extrapolation_from_real_data
TUN,Tunisia,2035,76.74,77.84,75.64,0,trend_extrapolation_from_real_data
TUN,Tunisia,2036,76.76,77.91,75.61,0,trend_extrapolation_from_real_data
TUN,Tunisia,2037,76.78,77.98,75.58,0,trend_extrapolation_from_real_data
TUN,Tunisia,2038,76.8,78.05,75.55,0,trend_extrapolation_from_real_data
TUN,Tunisia,2039,76.82,78.12,75.52,0,trend_extrapolation_from_real_data
TUN,Tunisia,2040,76.84,78.19,75.49,0,trend_extrapolation_from_real_data
TUN,Tunisia,2041,76.86,78.26,75.46,0,trend_extrapolation_from_real_data
TUN,Tunisia,2042,76.88,78.33,75.43,0,trend_extrapolation_from_real_data
TUN,Tunisia,2043,76.9,78.4,75.4,0,trend_extrapolation_from_real_data
TUN,Tunisia,2044,76.92,78.47,75.37,0,trend_extrapolation_from_real_data
TUN,Tunisia,2045,76.94,78.54,75.34,0,trend_extrapolation_from_real_data
TUN,Tunisia,2046,76.96,78.61,75.31,0,trend_extrapolation_from_real_data
TUN,Tunisia,2047,76.98,78.68,75.28,0,trend_extrapolation_from_real_data
TUN,Tunisia,2048,77.0,78.75,75.25,0,trend_extrapolation_from_real_data
TUN,Tunisia,2049,77.02,78.82,75.22,0,trend_extrapolation_from_real_data
TUN,Tunisia,2050,77.04,78.89,75.19,0,trend_extrapolation_from_real_data
TUN,Tunisia,2051,77.06,78.96,75.16,0,trend_extrapolation_from_real_data
TUN,Tunisia,2052,77.08,79.03,75.13,0,trend_extrapolation_from_real_data
TUN,Tunisia,2053,77.1,79.1,75.1,0,trend_extrapolation_from_real_data
TUN,Tunisia,2054,77.12,79.17,75.07,0,trend_extrapolation_from_real_data
TUN,Tunisia,2055,77.13,79.23,75.03,0,trend_extrapolation_from_real_data
TUN,Tunisia,2056,77.15,79.3,75.0,0,trend_extrapolation_from_real_data
TUN,Tunisia,2057,77.17,79.37,74.97,0,trend_extrapolation_from_real_data
TUN,Tunisia,2058,77.19,79.44,74.94,0,trend_extrapolation_from_real_data
TUN,Tunisia,2059,77.21,79.51,74.91,0,trend_extrapolation_from_real_data
TUN,Tunisia,2060,77.23,79.58,74.88,0,trend_extrapolation_from_real_data
TUN,Tunisia,2061,77.25,79.65,74.85,0,trend_extrapolation_from_real_data
TUN,Tunisia,2062,77.27,79.72,74.82,0,trend_extrapolation_from_real_data
TUN,Tunisia,2063,77.29,79.79,74.79,0,trend_extrapolation_from_real_data
TUN,Tunisia,2064,77.31,79.86,74.76,0,trend_extrapolation_from_real_data
TUN,Tunisia,2065,77.33,79.93,74.73,0,trend_extrapolation_from_real_data
TUN,Tunisia,2066,77.35,80.0,74.7,0,trend_extrapolation_from_real_data
TUN,Tunisia,2067,77.37,80.07,74.67,0,trend_extrapolation_from_real_data
TUN,Tunisia,2068,77.39,80.14,74.64,0,trend_extrapolation_from_real_data
TUN,Tunisia,2069,77.41,80.21,74.61,0,trend_extrapolation_from_real_data
TUN,Tunisia,2070,77.43,80.28,74.58,0,trend_extrapolation_from_real_data
TUN,Tunisia,2071,77.45,80.35,74.55,0,trend_extrapolation_from_real_data
TUN,Tunisia,2072,77.47,80.42,74.52,0,trend_extrapolation_from_real_data
TUN,Tunisia,2073,77.49,80.49,74.49,0,trend_extrapolation_from_real_data
TUN,Tunisia,2074,77.51,80.56,74.46,0,trend_extrapolation_from_real_data
TUN,Tunisia,2075,77.53,80.63,74.43,0,trend_extrapolation_from_real_data
TUN,Tunisia,2076,77.55,80.7,74.4,0,trend_extrapolation_from_real_data
TUN,Tunisia,2077,77.57,80.77,74.37,0,trend_extrapolation_from_real_data
TUN,Tunisia,2078,77.58,80.83,74.33,0,trend_extrapolation_from_real_data
TUN,Tunisia,2079,77.6,80.9,74.3,0,trend_extrapolation_from_real_data
TUN,Tunisia,2080,77.62,80.97,74.27,0,trend_extrapolation_from_real_data
TUN,Tunisia,2081,77.64,81.04,74.24,0,trend_extrapolation_from_real_data
TUN,Tunisia,2082,77.66,81.11,74.21,0,trend_extrapolation_from_real_data
TUN,Tunisia,2083,77.68,81.18,74.18,0,trend_extrapolation_from_real_data
TUN,Tunisia,2084,77.7,81.25,74.15,0,trend_extrapolation_from_real_data
TUN,Tunisia,2085,77.72,81.32,74.12,0,trend_extrapolation_from_real_data
TUN,Tunisia,2086,77.74,81.39,74.09,0,trend_extrapolation_from_real_data
TUN,Tunisia,2087,77.76,81.46,74.06,0,trend_extrapolation_from_real_data
TUN,Tunisia,2088,77.78,81.53,74.03,0,trend_extrapolation_from_real_data
TUN,Tunisia,2089,77.8,81.6,74.0,0,trend_extrapolation_from_real_data
TUN,Tunisia,2090,77.82,81.67,73.97,0,trend_extrapolation_from_real_data
TUN,Tunisia,2091,77.84,81.74,73.94,0,trend_extrapolation_from_real_data
TUN,Tunisia,2092,77.86,81.81,73.91,0,trend_extrapolation_from_real_data
TUN,Tunisia,2093,77.88,81.88,73.88,0,trend_extrapolation_from_real_data
TUN,Tunisia,2094,77.9,81.95,73.85,0,trend_extrapolation_from_real_data
TUN,Tunisia,2095,77.92,82.02,73.82,0,trend_extrapolation_from_real_data
TUN,Tunisia,2096,77.94,82.09,73.79,0,trend_extrapolation_from_real_data
TUN,Tunisia,2097,77.96,82.16,73.76,0,trend_extrapolation_from_real_data
TUN,Tunisia,2098,77.98,82.23,73.73,0,trend_extrapolation_from_real_data
TUN,Tunisia,2099,78.0,82.3,73.7,0,trend_extrapolation_from_real_data
TUN,Tunisia,2100,78.02,82.37,73.67,0,trend_extrapolation_from_real_data
TUR,Turkey,2024,77.2,77.75,76.65,0,trend_extrapolation_from_real_data
TUR,Turkey,2025,77.24,77.84,76.64,0,trend_extrapolation_from_real_data
TUR,Turkey,2026,77.28,77.93,76.63,0,trend_extrapolation_from_real_data
TUR,Turkey,2027,77.33,78.03,76.63,0,trend_extrapolation_from_real_data
TUR,Turkey,2028,77.37,78.12,76.62,0,trend_extrapolation_from_real_data
TUR,Turkey,2029,77.41,78.21,76.61,0,trend_extrapolation_from_real_data
TUR,Turkey,2030,77.45,78.3,76.6,0,trend_extrapolation_from_real_data
TUR,Turkey,2031,77.5,78.4,76.6,0,trend_extrapolation_from_real_data
TUR,Turkey,2032,77.54,78.49,76.59,0,trend_extrapolation_from_real_data
TUR,Turkey,2033,77.58,78.58,76.58,0,trend_extrapolation_from_real_data
TUR,Turkey,2034,77.62,78.67,76.57,0,trend_extrapolation_from_real_data
TUR,Turkey,2035,77.67,78.77,76.57,0,trend_extrapolation_from_real_data
TUR,Turkey,2036,77.71,78.86,76.56,0,trend_extrapolation_from_real_data
TUR,Turkey,2037,77.75,78.95,76.55,0,trend_extrapolation_from_real_data
TUR,Turkey,2038,77.79,79.04,76.54,0,trend_extrapolation_from_real_data
TUR,Turkey,2039,77.84,79.14,76.54,0,trend_extrapolation_from_real_data
TUR,Turkey,2040,77.88,79.23,76.53,0,trend_extrapolation_from_real_data
TUR,Turkey,2041,77.92,79.32,76.52,0,trend_extrapolation_from_real_data
TUR,Turkey,2042,77.96,79.41,76.51,0,trend_extrapolation_from_real_data
TUR,Turkey,2043,78.01,79.51,76.51,0,trend_extrapolation_from_real_data
TUR,Turkey,2044,78.05,79.6,76.5,0,trend_extrapolation_from_real_data
TUR,Turkey,2045,78.09,79.69,76.49,0,trend_extrapolation_from_real_data
TUR,Turkey,2046,78.13,79.78,76.48,0,trend_extrapolation_from_real_data
TUR,Turkey,2047,78.18,79.88,76.48,0,trend_extrapolation_from_real_data
TUR,Turkey,2048,78.22,79.97,76.47,0,trend_extrapolation_from_real_data
TUR,Turkey,2049,78.26,80.06,76.46,0,trend_extrapolation_from_real_data
TUR,Turkey,2050,78.3,80.15,76.45,0,trend_extrapolation_from_real_data
TUR,Turkey,2051,78.35,80.25,76.45,0,trend_extrapolation_from_real_data
TUR,Turkey,2052,78.39,80.34,76.44,0,trend_extrapolation_from_real_data
TUR,Turkey,2053,78.43,80.43,76.43,0,trend_extrapolation_from_real_data
TUR,Turkey,2054,78.47,80.52,76.42,0,trend_extrapolation_from_real_data
TUR,Turkey,2055,78.52,80.62,76.42,0,trend_extrapolation_from_real_data
TUR,Turkey,2056,78.56,80.71,76.41,0,trend_extrapolation_from_real_data
TUR,Turkey,2057,78.6,80.8,76.4,0,trend_extrapolation_from_real_data
TUR,Turkey,2058,78.64,80.89,76.39,0,trend_extrapolation_from_real_data
TUR,Turkey,2059,78.69,80.99,76.39,0,trend_extrapolation_from_real_data
TUR,Turkey,2060,78.73,81.08,76.38,0,trend_extrapolation_from_real_data
TUR,Turkey,2061,78.77,81.17,76.37,0,trend_extrapolation_from_real_data
TUR,Turkey,2062,78.81,81.26,76.36,0,trend_extrapolation_from_real_data
TUR,Turkey,2063,78.86,81.36,76.36,0,trend_extrapolation_from_real_data
TUR,Turkey,2064,78.9,81.45,76.35,0,trend_extrapolation_from_real_data
TUR,Turkey,2065,78.94,81.54,76.34,0,trend_extrapolation_from_real_data
TUR,Turkey,2066,78.98,81.63,76.33,0,trend_extrapolation_from_real_data
TUR,Turkey,2067,79.03,81.73,76.33,0,trend_extrapolation_from_real_data
TUR,Turkey,2068,79.07,81.82,76.32,0,trend_extrapolation_from_real_data
TUR,Turkey,2069,79.11,81.91,76.31,0,trend_extrapolation_from_real_data
TUR,Turkey,2070,79.15,82.0,76.3,0,trend_extrapolation_from_real_data
TUR,Turkey,2071,79.2,82.1,76.3,0,trend_extrapolation_from_real_data
TUR,Turkey,2072,79.24,82.19,76.29,0,trend_extrapolation_from_real_data
TUR,Turkey,2073,79.28,82.28,76.28,0,trend_extrapolation_from_real_data
TUR,Turkey,2074,79.32,82.37,76.27,0,trend_extrapolation_from_real_data
TUR,Turkey,2075,79.37,82.47,76.27,0,trend_extrapolation_from_real_data
TUR,Turkey,2076,79.41,82.56,76.26,0,trend_extrapolation_from_real_data
TUR,Turkey,2077,79.45,82.65,76.25,0,trend_extrapolation_from_real_data
TUR,Turkey,2078,79.49,82.74,76.24,0,trend_extrapolation_from_real_data
TUR,Turkey,2079,79.54,82.84,76.24,0,trend_extrapolation_from_real_data
TUR,Turkey,2080,79.58,82.93,76.23,0,trend_extrapolation_from_real_data
TUR,Turkey,2081,79.62,83.02,76.22,0,trend_extrapolation_from_real_data
TUR,Turkey,2082,79.66,83.11,76.21,0,trend_extrapolation_from_real_data
TUR,Turkey,2083,79.71,83.21,76.21,0,trend_extrapolation_from_real_data
TUR,Turkey,2084,79.75,83.3,76.2,0,trend_extrapolation_from_real_data
TUR,Turkey,2085,79.79,83.39,76.19,0,trend_extrapolation_from_real_data
TUR,Turkey,2086,79.83,83.48,76.18,0,trend_extrapolation_from_real_data
TUR,Turkey,2087,79.88,83.58,76.18,0,trend_extrapolation_from_real_data
TUR,Turkey,2088,79.92,83.67,76.17,0,trend_extrapolation_from_real_data
TUR,Turkey,2089,79.96,83.76,76.16,0,trend_extrapolation_from_real_data
TUR,Turkey,2090,80.0,83.85,76.15,0,trend_extrapolation_from_real_data
TUR,Turkey,2091,80.05,83.95,76.15,0,trend_extrapolation_from_real_data
TUR,Turkey,2092,80.09,84.04,76.14,0,trend_extrapolation_from_real_data
TUR,Turkey,2093,80.13,84.13,76.13,0,trend_extrapolation_from_real_data
TUR,Turkey,2094,80.17,84.22,76.12,0,trend_extrapolation_from_real_data
TUR,Turkey,2095,80.22,84.32,76.12,0,trend_extrapolation_from_real_data
TUR,Turkey,2096,80.26,84.41,76.11,0,trend_extrapolation_from_real_data
TUR,Turkey,2097,80.3,84.5,76.1,0,trend_extrapolation_from_real_data
TUR,Turkey,2098,80.34,84.59,76.09,0,trend_extrapolation_from_real_data
TUR,Turkey,2099,80.39,84.69,76.09,0,trend_extrapolation_from_real_data
TUR,Turkey,2100,80.43,84.78,76.08,0,trend_extrapolation_from_real_data
TZA,Tanzania,2024,67.16,67.71,66.61,0,trend_extrapolation_from_real_data
TZA,Tanzania,2025,67.32,67.92,66.72,0,trend_extrapolation_from_real_data
TZA,Tanzania,2026,67.49,68.14,66.84,0,trend_extrapolation_from_real_data
TZA,Tanzania,2027,67.65,68.35,66.95,0,trend_extrapolation_from_real_data
TZA,Tanzania,2028,67.81,68.56,67.06,0,trend_extrapolation_from_real_data
TZA,Tanzania,2029,67.98,68.78,67.18,0,trend_extrapolation_from_real_data
TZA,Tanzania,2030,68.14,68.99,67.29,0,trend_extrapolation_from_real_data
TZA,Tanzania,2031,68.31,69.21,67.41,0,trend_extrapolation_from_real_data
TZA,Tanzania,2032,68.47,69.42,67.52,0,trend_extrapolation_from_real_data
TZA,Tanzania,2033,68.63,69.63,67.63,0,trend_extrapolation_from_real_data
TZA,Tanzania,2034,68.8,69.85,67.75,0,trend_extrapolation_from_real_data
TZA,Tanzania,2035,68.96,70.06,67.86,0,trend_extrapolation_from_real_data
TZA,Tanzania,2036,69.13,70.28,67.98,0,trend_extrapolation_from_real_data
TZA,Tanzania,2037,69.29,70.49,68.09,0,trend_extrapolation_from_real_data
TZA,Tanzania,2038,69.45,70.7,68.2,0,trend_extrapolation_from_real_data
TZA,Tanzania,2039,69.62,70.92,68.32,0,trend_extrapolation_from_real_data
TZA,Tanzania,2040,69.78,71.13,68.43,0,trend_extrapolation_from_real_data
TZA,Tanzania,2041,69.95,71.35,68.55,0,trend_extrapolation_from_real_data
TZA,Tanzania,2042,70.11,71.56,68.66,0,trend_extrapolation_from_real_data
TZA,Tanzania,2043,70.27,71.77,68.77,0,trend_extrapolation_from_real_data
TZA,Tanzania,2044,70.44,71.99,68.89,0,trend_extrapolation_from_real_data
TZA,Tanzania,2045,70.6,72.2,69.0,0,trend_extrapolation_from_real_data
TZA,Tanzania,2046,70.77,72.42,69.12,0,trend_extrapolation_from_real_data
TZA,Tanzania,2047,70.93,72.63,69.23,0,trend_extrapolation_from_real_data
TZA,Tanzania,2048,71.09,72.84,69.34,0,trend_extrapolation_from_real_data
TZA,Tanzania,2049,71.26,73.06,69.46,0,trend_extrapolation_from_real_data
TZA,Tanzania,2050,71.42,73.27,69.57,0,trend_extrapolation_from_real_data
TZA,Tanzania,2051,71.59,73.49,69.69,0,trend_extrapolation_from_real_data
TZA,Tanzania,2052,71.75,73.7,69.8,0,trend_extrapolation_from_real_data
TZA,Tanzania,2053,71.91,73.91,69.91,0,trend_extrapolation_from_real_data
TZA,Tanzania,2054,72.08,74.13,70.03,0,trend_extrapolation_from_real_data
TZA,Tanzania,2055,72.24,74.34,70.14,0,trend_extrapolation_from_real_data
TZA,Tanzania,2056,72.41,74.56,70.26,0,trend_extrapolation_from_real_data
TZA,Tanzania,2057,72.57,74.77,70.37,0,trend_extrapolation_from_real_data
TZA,Tanzania,2058,72.73,74.98,70.48,0,trend_extrapolation_from_real_data
TZA,Tanzania,2059,72.9,75.2,70.6,0,trend_extrapolation_from_real_data
TZA,Tanzania,2060,73.06,75.41,70.71,0,trend_extrapolation_from_real_data
TZA,Tanzania,2061,73.23,75.63,70.83,0,trend_extrapolation_from_real_data
TZA,Tanzania,2062,73.39,75.84,70.94,0,trend_extrapolation_from_real_data
TZA,Tanzania,2063,73.55,76.05,71.05,0,trend_extrapolation_from_real_data
TZA,Tanzania,2064,73.72,76.27,71.17,0,trend_extrapolation_from_real_data
TZA,Tanzania,2065,73.88,76.48,71.28,0,trend_extrapolation_from_real_data
TZA,Tanzania,2066,74.05,76.7,71.4,0,trend_extrapolation_from_real_data
TZA,Tanzania,2067,74.21,76.91,71.51,0,trend_extrapolation_from_real_data
TZA,Tanzania,2068,74.37,77.12,71.62,0,trend_extrapolation_from_real_data
TZA,Tanzania,2069,74.54,77.34,71.74,0,trend_extrapolation_from_real_data
TZA,Tanzania,2070,74.7,77.55,71.85,0,trend_extrapolation_from_real_data
TZA,Tanzania,2071,74.87,77.77,71.97,0,trend_extrapolation_from_real_data
TZA,Tanzania,2072,75.03,77.98,72.08,0,trend_extrapolation_from_real_data
TZA,Tanzania,2073,75.19,78.19,72.19,0,trend_extrapolation_from_real_data
TZA,Tanzania,2074,75.36,78.41,72.31,0,trend_extrapolation_from_real_data
TZA,Tanzania,2075,75.52,78.62,72.42,0,trend_extrapolation_from_real_data
TZA,Tanzania,2076,75.69,78.84,72.54,0,trend_extrapolation_from_real_data
TZA,Tanzania,2077,75.85,79.05,72.65,0,trend_extrapolation_from_real_data
TZA,Tanzania,2078,76.01,79.26,72.76,0,trend_extrapolation_from_real_data
TZA,Tanzania,2079,76.18,79.48,72.88,0,trend_extrapolation_from_real_data
TZA,Tanzania,2080,76.34,79.69,72.99,0,trend_extrapolation_from_real_data
TZA,Tanzania,2081,76.51,79.91,73.11,0,trend_extrapolation_from_real_data
TZA,Tanzania,2082,76.67,80.12,73.22,0,trend_extrapolation_from_real_data
TZA,Tanzania,2083,76.83,80.33,73.33,0,trend_extrapolation_from_real_data
TZA,Tanzania,2084,77.0,80.55,73.45,0,trend_extrapolation_from_real_data
TZA,Tanzania,2085,77.16,80.76,73.56,0,trend_extrapolation_from_real_data
TZA,Tanzania,2086,77.33,80.98,73.68,0,trend_extrapolation_from_real_data
TZA,Tanzania,2087,77.49,81.19,73.79,0,trend_extrapolation_from_real_data
TZA,Tanzania,2088,77.65,81.4,73.9,0,trend_extrapolation_from_real_data
TZA,Tanzania,2089,77.82,81.62,74.02,0,trend_extrapolation_from_real_data
TZA,Tanzania,2090,77.98,81.83,74.13,0,trend_extrapolation_from_real_data
TZA,Tanzania,2091,78.15,82.05,74.25,0,trend_extrapolation_from_real_data
TZA,Tanzania,2092,78.31,82.26,74.36,0,trend_extrapolation_from_real_data
TZA,Tanzania,2093,78.47,82.47,74.47,0,trend_extrapolation_from_real_data
TZA,Tanzania,2094,78.64,82.69,74.59,0,trend_extrapolation_from_real_data
TZA,Tanzania,2095,78.8,82.9,74.7,0,trend_extrapolation_from_real_data
TZA,Tanzania,2096,78.97,83.12,74.82,0,trend_extrapolation_from_real_data
TZA,Tanzania,2097,79.13,83.33,74.93,0,trend_extrapolation_from_real_data
TZA,Tanzania,2098,79.29,83.54,75.04,0,trend_extrapolation_from_real_data
TZA,Tanzania,2099,79.46,83.76,75.16,0,trend_extrapolation_from_real_data
TZA,Tanzania,2100,79.62,83.97,75.27,0,trend_extrapolation_from_real_data
UGA,Uganda,2024,68.47,69.02,67.92,0,trend_extrapolation_from_real_data
UGA,Uganda,2025,68.68,69.28,68.08,0,trend_extrapolation_from_real_data
UGA,Uganda,2026,68.89,69.54,68.24,0,trend_extrapolation_from_real_data
UGA,Uganda,2027,69.11,69.81,68.41,0,trend_extrapolation_from_real_data
UGA,Uganda,2028,69.32,70.07,68.57,0,trend_extrapolation_from_real_data
UGA,Uganda,2029,69.54,70.34,68.74,0,trend_extrapolation_from_real_data
UGA,Uganda,2030,69.75,70.6,68.9,0,trend_extrapolation_from_real_data
UGA,Uganda,2031,69.97,70.87,69.07,0,trend_extrapolation_from_real_data
UGA,Uganda,2032,70.18,71.13,69.23,0,trend_extrapolation_from_real_data
UGA,Uganda,2033,70.39,71.39,69.39,0,trend_extrapolation_from_real_data
UGA,Uganda,2034,70.61,71.66,69.56,0,trend_extrapolation_from_real_data
UGA,Uganda,2035,70.82,71.92,69.72,0,trend_extrapolation_from_real_data
UGA,Uganda,2036,71.04,72.19,69.89,0,trend_extrapolation_from_real_data
UGA,Uganda,2037,71.25,72.45,70.05,0,trend_extrapolation_from_real_data
UGA,Uganda,2038,71.47,72.72,70.22,0,trend_extrapolation_from_real_data
UGA,Uganda,2039,71.68,72.98,70.38,0,trend_extrapolation_from_real_data
UGA,Uganda,2040,71.89,73.24,70.54,0,trend_extrapolation_from_real_data
UGA,Uganda,2041,72.11,73.51,70.71,0,trend_extrapolation_from_real_data
UGA,Uganda,2042,72.32,73.77,70.87,0,trend_extrapolation_from_real_data
UGA,Uganda,2043,72.54,74.04,71.04,0,trend_extrapolation_from_real_data
UGA,Uganda,2044,72.75,74.3,71.2,0,trend_extrapolation_from_real_data
UGA,Uganda,2045,72.97,74.57,71.37,0,trend_extrapolation_from_real_data
UGA,Uganda,2046,73.18,74.83,71.53,0,trend_extrapolation_from_real_data
UGA,Uganda,2047,73.39,75.09,71.69,0,trend_extrapolation_from_real_data
UGA,Uganda,2048,73.61,75.36,71.86,0,trend_extrapolation_from_real_data
UGA,Uganda,2049,73.82,75.62,72.02,0,trend_extrapolation_from_real_data
UGA,Uganda,2050,74.04,75.89,72.19,0,trend_extrapolation_from_real_data
UGA,Uganda,2051,74.25,76.15,72.35,0,trend_extrapolation_from_real_data
UGA,Uganda,2052,74.46,76.41,72.51,0,trend_extrapolation_from_real_data
UGA,Uganda,2053,74.68,76.68,72.68,0,trend_extrapolation_from_real_data
UGA,Uganda,2054,74.89,76.94,72.84,0,trend_extrapolation_from_real_data
UGA,Uganda,2055,75.11,77.21,73.01,0,trend_extrapolation_from_real_data
UGA,Uganda,2056,75.32,77.47,73.17,0,trend_extrapolation_from_real_data
UGA,Uganda,2057,75.54,77.74,73.34,0,trend_extrapolation_from_real_data
UGA,Uganda,2058,75.75,78.0,73.5,0,trend_extrapolation_from_real_data
UGA,Uganda,2059,75.96,78.26,73.66,0,trend_extrapolation_from_real_data
UGA,Uganda,2060,76.18,78.53,73.83,0,trend_extrapolation_from_real_data
UGA,Uganda,2061,76.39,78.79,73.99,0,trend_extrapolation_from_real_data
UGA,Uganda,2062,76.61,79.06,74.16,0,trend_extrapolation_from_real_data
UGA,Uganda,2063,76.82,79.32,74.32,0,trend_extrapolation_from_real_data
UGA,Uganda,2064,77.04,79.59,74.49,0,trend_extrapolation_from_real_data
UGA,Uganda,2065,77.25,79.85,74.65,0,trend_extrapolation_from_real_data
UGA,Uganda,2066,77.46,80.11,74.81,0,trend_extrapolation_from_real_data
UGA,Uganda,2067,77.68,80.38,74.98,0,trend_extrapolation_from_real_data
UGA,Uganda,2068,77.89,80.64,75.14,0,trend_extrapolation_from_real_data
UGA,Uganda,2069,78.11,80.91,75.31,0,trend_extrapolation_from_real_data
UGA,Uganda,2070,78.32,81.17,75.47,0,trend_extrapolation_from_real_data
UGA,Uganda,2071,78.54,81.44,75.64,0,trend_extrapolation_from_real_data
UGA,Uganda,2072,78.75,81.7,75.8,0,trend_extrapolation_from_real_data
UGA,Uganda,2073,78.96,81.96,75.96,0,trend_extrapolation_from_real_data
UGA,Uganda,2074,79.18,82.23,76.13,0,trend_extrapolation_from_real_data
UGA,Uganda,2075,79.39,82.49,76.29,0,trend_extrapolation_from_real_data
UGA,Uganda,2076,79.61,82.76,76.46,0,trend_extrapolation_from_real_data
UGA,Uganda,2077,79.82,83.02,76.62,0,trend_extrapolation_from_real_data
UGA,Uganda,2078,80.03,83.28,76.78,0,trend_extrapolation_from_real_data
UGA,Uganda,2079,80.25,83.55,76.95,0,trend_extrapolation_from_real_data
UGA,Uganda,2080,80.46,83.81,77.11,0,trend_extrapolation_from_real_data
UGA,Uganda,2081,80.68,84.08,77.28,0,trend_extrapolation_from_real_data
UGA,Uganda,2082,80.89,84.34,77.44,0,trend_extrapolation_from_real_data
UGA,Uganda,2083,81.11,84.61,77.61,0,trend_extrapolation_from_real_data
UGA,Uganda,2084,81.32,84.87,77.77,0,trend_extrapolation_from_real_data
UGA,Uganda,2085,81.53,85.13,77.93,0,trend_extrapolation_from_real_data
UGA,Uganda,2086,81.75,85.4,78.1,0,trend_extrapolation_from_real_data
UGA,Uganda,2087,81.96,85.66,78.26,0,trend_extrapolation_from_real_data
UGA,Uganda,2088,82.18,85.93,78.43,0,trend_extrapolation_from_real_data
UGA,Uganda,2089,82.39,86.19,78.59,0,trend_extrapolation_from_real_data
UGA,Uganda,2090,82.61,86.46,78.76,0,trend_extrapolation_from_real_data
UGA,Uganda,2091,82.82,86.72,78.92,0,trend_extrapolation_from_real_data
UGA,Uganda,2092,83.03,86.98,79.08,0,trend_extrapolation_from_real_data
UGA,Uganda,2093,83.25,87.25,79.25,0,trend_extrapolation_from_real_data
UGA,Uganda,2094,83.46,87.51,79.41,0,trend_extrapolation_from_real_data
UGA,Uganda,2095,83.68,87.78,79.58,0,trend_extrapolation_from_real_data
UGA,Uganda,2096,83.89,88.04,79.74,0,trend_extrapolation_from_real_data
UGA,Uganda,2097,84.11,88.31,79.91,0,trend_extrapolation_from_real_data
UGA,Uganda,2098,84.32,88.57,80.07,0,trend_extrapolation_from_real_data
UGA,Uganda,2099,84.53,88.83,80.23,0,trend_extrapolation_from_real_data
UGA,Uganda,2100,84.75,89.1,80.4,0,trend_extrapolation_from_real_data
URY,Uruguay,2024,78.16,78.71,77.61,0,trend_extrapolation_from_real_data
URY,Uruguay,2025,78.17,78.77,77.57,0,trend_extrapolation_from_real_data
URY,Uruguay,2026,78.19,78.84,77.54,0,trend_extrapolation_from_real_data
URY,Uruguay,2027,78.21,78.91,77.51,0,trend_extrapolation_from_real_data
URY,Uruguay,2028,78.23,78.98,77.48,0,trend_extrapolation_from_real_data
URY,Uruguay,2029,78.24,79.04,77.44,0,trend_extrapolation_from_real_data
URY,Uruguay,2030,78.26,79.11,77.41,0,trend_extrapolation_from_real_data
URY,Uruguay,2031,78.28,79.18,77.38,0,trend_extrapolation_from_real_data
URY,Uruguay,2032,78.3,79.25,77.35,0,trend_extrapolation_from_real_data
URY,Uruguay,2033,78.32,79.32,77.32,0,trend_extrapolation_from_real_data
URY,Uruguay,2034,78.33,79.38,77.28,0,trend_extrapolation_from_real_data
URY,Uruguay,2035,78.35,79.45,77.25,0,trend_extrapolation_from_real_data
URY,Uruguay,2036,78.37,79.52,77.22,0,trend_extrapolation_from_real_data
URY,Uruguay,2037,78.39,79.59,77.19,0,trend_extrapolation_from_real_data
URY,Uruguay,2038,78.4,79.65,77.15,0,trend_extrapolation_from_real_data
URY,Uruguay,2039,78.42,79.72,77.12,0,trend_extrapolation_from_real_data
URY,Uruguay,2040,78.44,79.79,77.09,0,trend_extrapolation_from_real_data
URY,Uruguay,2041,78.46,79.86,77.06,0,trend_extrapolation_from_real_data
URY,Uruguay,2042,78.48,79.93,77.03,0,trend_extrapolation_from_real_data
URY,Uruguay,2043,78.49,79.99,76.99,0,trend_extrapolation_from_real_data
URY,Uruguay,2044,78.51,80.06,76.96,0,trend_extrapolation_from_real_data
URY,Uruguay,2045,78.53,80.13,76.93,0,trend_extrapolation_from_real_data
URY,Uruguay,2046,78.55,80.2,76.9,0,trend_extrapolation_from_real_data
URY,Uruguay,2047,78.56,80.26,76.86,0,trend_extrapolation_from_real_data
URY,Uruguay,2048,78.58,80.33,76.83,0,trend_extrapolation_from_real_data
URY,Uruguay,2049,78.6,80.4,76.8,0,trend_extrapolation_from_real_data
URY,Uruguay,2050,78.62,80.47,76.77,0,trend_extrapolation_from_real_data
URY,Uruguay,2051,78.64,80.54,76.74,0,trend_extrapolation_from_real_data
URY,Uruguay,2052,78.65,80.6,76.7,0,trend_extrapolation_from_real_data
URY,Uruguay,2053,78.67,80.67,76.67,0,trend_extrapolation_from_real_data
URY,Uruguay,2054,78.69,80.74,76.64,0,trend_extrapolation_from_real_data
URY,Uruguay,2055,78.71,80.81,76.61,0,trend_extrapolation_from_real_data
URY,Uruguay,2056,78.72,80.87,76.57,0,trend_extrapolation_from_real_data
URY,Uruguay,2057,78.74,80.94,76.54,0,trend_extrapolation_from_real_data
URY,Uruguay,2058,78.76,81.01,76.51,0,trend_extrapolation_from_real_data
URY,Uruguay,2059,78.78,81.08,76.48,0,trend_extrapolation_from_real_data
URY,Uruguay,2060,78.8,81.15,76.45,0,trend_extrapolation_from_real_data
URY,Uruguay,2061,78.81,81.21,76.41,0,trend_extrapolation_from_real_data
URY,Uruguay,2062,78.83,81.28,76.38,0,trend_extrapolation_from_real_data
URY,Uruguay,2063,78.85,81.35,76.35,0,trend_extrapolation_from_real_data
URY,Uruguay,2064,78.87,81.42,76.32,0,trend_extrapolation_from_real_data
URY,Uruguay,2065,78.88,81.48,76.28,0,trend_extrapolation_from_real_data
URY,Uruguay,2066,78.9,81.55,76.25,0,trend_extrapolation_from_real_data
URY,Uruguay,2067,78.92,81.62,76.22,0,trend_extrapolation_from_real_data
URY,Uruguay,2068,78.94,81.69,76.19,0,trend_extrapolation_from_real_data
URY,Uruguay,2069,78.96,81.76,76.16,0,trend_extrapolation_from_real_data
URY,Uruguay,2070,78.97,81.82,76.12,0,trend_extrapolation_from_real_data
URY,Uruguay,2071,78.99,81.89,76.09,0,trend_extrapolation_from_real_data
URY,Uruguay,2072,79.01,81.96,76.06,0,trend_extrapolation_from_real_data
URY,Uruguay,2073,79.03,82.03,76.03,0,trend_extrapolation_from_real_data
URY,Uruguay,2074,79.04,82.09,75.99,0,trend_extrapolation_from_real_data
URY,Uruguay,2075,79.06,82.16,75.96,0,trend_extrapolation_from_real_data
URY,Uruguay,2076,79.08,82.23,75.93,0,trend_extrapolation_from_real_data
URY,Uruguay,2077,79.1,82.3,75.9,0,trend_extrapolation_from_real_data
URY,Uruguay,2078,79.12,82.37,75.87,0,trend_extrapolation_from_real_data
URY,Uruguay,2079,79.13,82.43,75.83,0,trend_extrapolation_from_real_data
URY,Uruguay,2080,79.15,82.5,75.8,0,trend_extrapolation_from_real_data
URY,Uruguay,2081,79.17,82.57,75.77,0,trend_extrapolation_from_real_data
URY,Uruguay,2082,79.19,82.64,75.74,0,trend_extrapolation_from_real_data
URY,Uruguay,2083,79.21,82.71,75.71,0,trend_extrapolation_from_real_data
URY,Uruguay,2084,79.22,82.77,75.67,0,trend_extrapolation_from_real_data
URY,Uruguay,2085,79.24,82.84,75.64,0,trend_extrapolation_from_real_data
URY,Uruguay,2086,79.26,82.91,75.61,0,trend_extrapolation_from_real_data
URY,Uruguay,2087,79.28,82.98,75.58,0,trend_extrapolation_from_real_data
URY,Uruguay,2088,79.29,83.04,75.54,0,trend_extrapolation_from_real_data
URY,Uruguay,2089,79.31,83.11,75.51,0,trend_extrapolation_from_real_data
URY,Uruguay,2090,79.33,83.18,75.48,0,trend_extrapolation_from_real_data
URY,Uruguay,2091,79.35,83.25,75.45,0,trend_extrapolation_from_real_data
URY,Uruguay,2092,79.37,83.32,75.42,0,trend_extrapolation_from_real_data
URY,Uruguay,2093,79.38,83.38,75.38,0,trend_extrapolation_from_real_data
URY,Uruguay,2094,79.4,83.45,75.35,0,trend_extrapolation_from_real_data
URY,Uruguay,2095,79.42,83.52,75.32,0,trend_extrapolation_from_real_data
URY,Uruguay,2096,79.44,83.59,75.29,0,trend_extrapolation_from_real_data
URY,Uruguay,2097,79.45,83.65,75.25,0,trend_extrapolation_from_real_data
URY,Uruguay,2098,79.47,83.72,75.22,0,trend_extrapolation_from_real_data
URY,Uruguay,2099,79.49,83.79,75.19,0,trend_extrapolation_from_real_data
URY,Uruguay,2100,79.51,83.86,75.16,0,trend_extrapolation_from_real_data
USA,United States,2024,78.39,78.94,77.84,1,trend_extrapolation_from_real_data
USA,United States,2025,78.39,78.99,77.79,1,trend_extrapolation_from_real_data
USA,United States,2026,78.39,79.04,77.74,1,trend_extrapolation_from_real_data
USA,United States,2027,78.39,79.09,77.69,1,trend_extrapolation_from_real_data
USA,United States,2028,78.39,79.14,77.64,1,trend_extrapolation_from_real_data
USA,United States,2029,78.4,79.2,77.6,1,trend_extrapolation_from_real_data
USA,United States,2030,78.4,79.25,77.55,1,trend_extrapolation_from_real_data
USA,United States,2031,78.4,79.3,77.5,1,trend_extrapolation_from_real_data
USA,United States,2032,78.4,79.35,77.45,1,trend_extrapolation_from_real_data
USA,United States,2033,78.4,79.4,77.4,1,trend_extrapolation_from_real_data
USA,United States,2034,78.4,79.45,77.35,1,trend_extrapolation_from_real_data
USA,United States,2035,78.41,79.51,77.31,1,trend_extrapolation_from_real_data
USA,United States,2036,78.41,79.56,77.26,1,trend_extrapolation_from_real_data
USA,United States,2037,78.41,79.61,77.21,1,trend_extrapolation_from_real_data
USA,United States,2038,78.41,79.66,77.16,1,trend_extrapolation_from_real_data
USA,United States,2039,78.41,79.71,77.11,1,trend_extrapolation_from_real_data
USA,United States,2040,78.41,79.76,77.06,1,trend_extrapolation_from_real_data
USA,United States,2041,78.42,79.82,77.02,1,trend_extrapolation_from_real_data
USA,United States,2042,78.42,79.87,76.97,1,trend_extrapolation_from_real_data
USA,United States,2043,78.42,79.92,76.92,1,trend_extrapolation_from_real_data
USA,United States,2044,78.42,79.97,76.87,1,trend_extrapolation_from_real_data
USA,United States,2045,78.42,80.02,76.82,1,trend_extrapolation_from_real_data
USA,United States,2046,78.42,80.07,76.77,1,trend_extrapolation_from_real_data
USA,United States,2047,78.43,80.13,76.73,1,trend_extrapolation_from_real_data
USA,United States,2048,78.43,80.18,76.68,1,trend_extrapolation_from_real_data
USA,United States,2049,78.43,80.23,76.63,1,trend_extrapolation_from_real_data
USA,United States,2050,78.43,80.28,76.58,1,trend_extrapolation_from_real_data
USA,United States,2051,78.43,80.33,76.53,1,trend_extrapolation_from_real_data
USA,United States,2052,78.43,80.38,76.48,1,trend_extrapolation_from_real_data
USA,United States,2053,78.44,80.44,76.44,1,trend_extrapolation_from_real_data
USA,United States,2054,78.44,80.49,76.39,1,trend_extrapolation_from_real_data
USA,United States,2055,78.44,80.54,76.34,1,trend_extrapolation_from_real_data
USA,United States,2056,78.44,80.59,76.29,1,trend_extrapolation_from_real_data
USA,United States,2057,78.44,80.64,76.24,1,trend_extrapolation_from_real_data
USA,United States,2058,78.44,80.69,76.19,1,trend_extrapolation_from_real_data
USA,United States,2059,78.45,80.75,76.15,1,trend_extrapolation_from_real_data
USA,United States,2060,78.45,80.8,76.1,1,trend_extrapolation_from_real_data
USA,United States,2061,78.45,80.85,76.05,1,trend_extrapolation_from_real_data
USA,United States,2062,78.45,80.9,76.0,1,trend_extrapolation_from_real_data
USA,United States,2063,78.45,80.95,75.95,1,trend_extrapolation_from_real_data
USA,United States,2064,78.45,81.0,75.9,1,trend_extrapolation_from_real_data
USA,United States,2065,78.46,81.06,75.86,1,trend_extrapolation_from_real_data
USA,United States,2066,78.46,81.11,75.81,1,trend_extrapolation_from_real_data
USA,United States,2067,78.46,81.16,75.76,1,trend_extrapolation_from_real_data
USA,United States,2068,78.46,81.21,75.71,1,trend_extrapolation_from_real_data
USA,United States,2069,78.46,81.26,75.66,1,trend_extrapolation_from_real_data
USA,United States,2070,78.46,81.31,75.61,1,trend_extrapolation_from_real_data
USA,United States,2071,78.47,81.37,75.57,1,trend_extrapolation_from_real_data
USA,United States,2072,78.47,81.42,75.52,1,trend_extrapolation_from_real_data
USA,United States,2073,78.47,81.47,75.47,1,trend_extrapolation_from_real_data
USA,United States,2074,78.47,81.52,75.42,1,trend_extrapolation_from_real_data
USA,United States,2075,78.47,81.57,75.37,1,trend_extrapolation_from_real_data
USA,United States,2076,78.47,81.62,75.32,1,trend_extrapolation_from_real_data
USA,United States,2077,78.48,81.68,75.28,1,trend_extrapolation_from_real_data
USA,United States,2078,78.48,81.73,75.23,1,trend_extrapolation_from_real_data
USA,United States,2079,78.48,81.78,75.18,1,trend_extrapolation_from_real_data
USA,United States,2080,78.48,81.83,75.13,1,trend_extrapolation_from_real_data
USA,United States,2081,78.48,81.88,75.08,1,trend_extrapolation_from_real_data
USA,United States,2082,78.48,81.93,75.03,1,trend_extrapolation_from_real_data
USA,United States,2083,78.49,81.99,74.99,1,trend_extrapolation_from_real_data
USA,United States,2084,78.49,82.04,74.94,1,trend_extrapolation_from_real_data
USA,United States,2085,78.49,82.09,74.89,1,trend_extrapolation_from_real_data
USA,United States,2086,78.49,82.14,74.84,1,trend_extrapolation_from_real_data
USA,United States,2087,78.49,82.19,74.79,1,trend_extrapolation_from_real_data
USA,United States,2088,78.49,82.24,74.74,1,trend_extrapolation_from_real_data
USA,United States,2089,78.5,82.3,74.7,1,trend_extrapolation_from_real_data
USA,United States,2090,78.5,82.35,74.65,1,trend_extrapolation_from_real_data
USA,United States,2091,78.5,82.4,74.6,1,trend_extrapolation_from_real_data
USA,United States,2092,78.5,82.45,74.55,1,trend_extrapolation_from_real_data
USA,United States,2093,78.5,82.5,74.5,1,trend_extrapolation_from_real_data
USA,United States,2094,78.5,82.55,74.45,1,trend_extrapolation_from_real_data
USA,United States,2095,78.51,82.61,74.41,1,trend_extrapolation_from_real_data
USA,United States,2096,78.51,82.66,74.36,1,trend_extrapolation_from_real_data
USA,United States,2097,78.51,82.71,74.31,1,trend_extrapolation_from_real_data
USA,United States,2098,78.51,82.76,74.26,1,trend_extrapolation_from_real_data
USA,United States,2099,78.51,82.81,74.21,1,trend_extrapolation_from_real_data
USA,United States,2100,78.51,82.86,74.16,1,trend_extrapolation_from_real_data
VEN,Venezuela,2024,72.51,73.06,71.96,0,trend_extrapolation_from_real_data
VEN,Venezuela,2025,72.5,73.1,71.9,0,trend_extrapolation_from_real_data
VEN,Venezuela,2026,72.49,73.14,71.84,0,trend_extrapolation_from_real_data
VEN,Venezuela,2027,72.48,73.18,71.78,0,trend_extrapolation_from_real_data
VEN,Venezuela,2028,72.48,73.23,71.73,0,trend_extrapolation_from_real_data
VEN,Venezuela,2029,72.47,73.27,71.67,0,trend_extrapolation_from_real_data
VEN,Venezuela,2030,72.46,73.31,71.61,0,trend_extrapolation_from_real_data
VEN,Venezuela,2031,72.45,73.35,71.55,0,trend_extrapolation_from_real_data
VEN,Venezuela,2032,72.45,73.4,71.5,0,trend_extrapolation_from_real_data
VEN,Venezuela,2033,72.44,73.44,71.44,0,trend_extrapolation_from_real_data
VEN,Venezuela,2034,72.43,73.48,71.38,0,trend_extrapolation_from_real_data
VEN,Venezuela,2035,72.43,73.53,71.33,0,trend_extrapolation_from_real_data
VEN,Venezuela,2036,72.42,73.57,71.27,0,trend_extrapolation_from_real_data
VEN,Venezuela,2037,72.41,73.61,71.21,0,trend_extrapolation_from_real_data
VEN,Venezuela,2038,72.4,73.65,71.15,0,trend_extrapolation_from_real_data
VEN,Venezuela,2039,72.4,73.7,71.1,0,trend_extrapolation_from_real_data
VEN,Venezuela,2040,72.39,73.74,71.04,0,trend_extrapolation_from_real_data
VEN,Venezuela,2041,72.38,73.78,70.98,0,trend_extrapolation_from_real_data
VEN,Venezuela,2042,72.37,73.82,70.92,0,trend_extrapolation_from_real_data
VEN,Venezuela,2043,72.37,73.87,70.87,0,trend_extrapolation_from_real_data
VEN,Venezuela,2044,72.36,73.91,70.81,0,trend_extrapolation_from_real_data
VEN,Venezuela,2045,72.35,73.95,70.75,0,trend_extrapolation_from_real_data
VEN,Venezuela,2046,72.34,73.99,70.69,0,trend_extrapolation_from_real_data
VEN,Venezuela,2047,72.34,74.04,70.64,0,trend_extrapolation_from_real_data
VEN,Venezuela,2048,72.33,74.08,70.58,0,trend_extrapolation_from_real_data
VEN,Venezuela,2049,72.32,74.12,70.52,0,trend_extrapolation_from_real_data
VEN,Venezuela,2050,72.31,74.16,70.46,0,trend_extrapolation_from_real_data
VEN,Venezuela,2051,72.31,74.21,70.41,0,trend_extrapolation_from_real_data
VEN,Venezuela,2052,72.3,74.25,70.35,0,trend_extrapolation_from_real_data
VEN,Venezuela,2053,72.29,74.29,70.29,0,trend_extrapolation_from_real_data
VEN,Venezuela,2054,72.29,74.34,70.24,0,trend_extrapolation_from_real_data
VEN,Venezuela,2055,72.28,74.38,70.18,0,trend_extrapolation_from_real_data
VEN,Venezuela,2056,72.27,74.42,70.12,0,trend_extrapolation_from_real_data
VEN,Venezuela,2057,72.26,74.46,70.06,0,trend_extrapolation_from_real_data
VEN,Venezuela,2058,72.26,74.51,70.01,0,trend_extrapolation_from_real_data
VEN,Venezuela,2059,72.25,74.55,69.95,0,trend_extrapolation_from_real_data
VEN,Venezuela,2060,72.24,74.59,69.89,0,trend_extrapolation_from_real_data
VEN,Venezuela,2061,72.23,74.63,69.83,0,trend_extrapolation_from_real_data
VEN,Venezuela,2062,72.23,74.68,69.78,0,trend_extrapolation_from_real_data
VEN,Venezuela,2063,72.22,74.72,69.72,0,trend_extrapolation_from_real_data
VEN,Venezuela,2064,72.21,74.76,69.66,0,trend_extrapolation_from_real_data
VEN,Venezuela,2065,72.2,74.8,69.6,0,trend_extrapolation_from_real_data
VEN,Venezuela,2066,72.2,74.85,69.55,0,trend_extrapolation_from_real_data
VEN,Venezuela,2067,72.19,74.89,69.49,0,trend_extrapolation_from_real_data
VEN,Venezuela,2068,72.18,74.93,69.43,0,trend_extrapolation_from_real_data
VEN,Venezuela,2069,72.17,74.97,69.37,0,trend_extrapolation_from_real_data
VEN,Venezuela,2070,72.17,75.02,69.32,0,trend_extrapolation_from_real_data
VEN,Venezuela,2071,72.16,75.06,69.26,0,trend_extrapolation_from_real_data
VEN,Venezuela,2072,72.15,75.1,69.2,0,trend_extrapolation_from_real_data
VEN,Venezuela,2073,72.14,75.14,69.14,0,trend_extrapolation_from_real_data
VEN,Venezuela,2074,72.14,75.19,69.09,0,trend_extrapolation_from_real_data
VEN,Venezuela,2075,72.13,75.23,69.03,0,trend_extrapolation_from_real_data
VEN,Venezuela,2076,72.12,75.27,68.97,0,trend_extrapolation_from_real_data
VEN,Venezuela,2077,72.12,75.32,68.92,0,trend_extrapolation_from_real_data
VEN,Venezuela,2078,72.11,75.36,68.86,0,trend_extrapolation_from_real_data
VEN,Venezuela,2079,72.1,75.4,68.8,0,trend_extrapolation_from_real_data
VEN,Venezuela,2080,72.09,75.44,68.74,0,trend_extrapolation_from_real_data
VEN,Venezuela,2081,72.09,75.49,68.69,0,trend_extrapolation_from_real_data
VEN,Venezuela,2082,72.08,75.53,68.63,0,trend_extrapolation_from_real_data
VEN,Venezuela,2083,72.07,75.57,68.57,0,trend_extrapolation_from_real_data
VEN,Venezuela,2084,72.06,75.61,68.51,0,trend_extrapolation_from_real_data
VEN,Venezuela,2085,72.06,75.66,68.46,0,trend_extrapolation_from_real_data
VEN,Venezuela,2086,72.05,75.7,68.4,0,trend_extrapolation_from_real_data
VEN,Venezuela,2087,72.04,75.74,68.34,0,trend_extrapolation_from_real_data
VEN,Venezuela,2088,72.03,75.78,68.28,0,trend_extrapolation_from_real_data
VEN,Venezuela,2089,72.03,75.83,68.23,0,trend_extrapolation_from_real_data
VEN,Venezuela,2090,72.02,75.87,68.17,0,trend_extrapolation_from_real_data
VEN,Venezuela,2091,72.01,75.91,68.11,0,trend_extrapolation_from_real_data
VEN,Venezuela,2092,72.0,75.95,68.05,0,trend_extrapolation_from_real_data
VEN,Venezuela,2093,72.0,76.0,68.0,0,trend_extrapolation_from_real_data
VEN,Venezuela,2094,71.99,76.04,67.94,0,trend_extrapolation_from_real_data
VEN,Venezuela,2095,71.98,76.08,67.88,0,trend_extrapolation_from_real_data
VEN,Venezuela,2096,71.97,76.12,67.82,0,trend_extrapolation_from_real_data
VEN,Venezuela,2097,71.97,76.17,67.77,0,trend_extrapolation_from_real_data
VEN,Venezuela,2098,71.96,76.21,67.71,0,trend_extrapolation_from_real_data
VEN,Venezuela,2099,71.95,76.25,67.65,0,trend_extrapolation_from_real_data
VEN,Venezuela,2100,71.95,76.3,67.6,0,trend_extrapolation_from_real_data
VNM,Vietnam,2024,74.6,75.15,74.05,0,trend_extrapolation_from_real_data
VNM,Vietnam,2025,74.62,75.22,74.02,0,trend_extrapolation_from_real_data
VNM,Vietnam,2026,74.64,75.29,73.99,0,trend_extrapolation_from_real_data
VNM,Vietnam,2027,74.66,75.36,73.96,0,trend_extrapolation_from_real_data
VNM,Vietnam,2028,74.67,75.42,73.92,0,trend_extrapolation_from_real_data
VNM,Vietnam,2029,74.69,75.49,73.89,0,trend_extrapolation_from_real_data
VNM,Vietnam,2030,74.71,75.56,73.86,0,trend_extrapolation_from_real_data
VNM,Vietnam,2031,74.72,75.62,73.82,0,trend_extrapolation_from_real_data
VNM,Vietnam,2032,74.74,75.69,73.79,0,trend_extrapolation_from_real_data
VNM,Vietnam,2033,74.76,75.76,73.76,0,trend_extrapolation_from_real_data
VNM,Vietnam,2034,74.77,75.82,73.72,0,trend_extrapolation_from_real_data
VNM,Vietnam,2035,74.79,75.89,73.69,0,trend_extrapolation_from_real_data
VNM,Vietnam,2036,74.81,75.96,73.66,0,trend_extrapolation_from_real_data
VNM,Vietnam,2037,74.82,76.02,73.62,0,trend_extrapolation_from_real_data
VNM,Vietnam,2038,74.84,76.09,73.59,0,trend_extrapolation_from_real_data
VNM,Vietnam,2039,74.86,76.16,73.56,0,trend_extrapolation_from_real_data
VNM,Vietnam,2040,74.88,76.23,73.53,0,trend_extrapolation_from_real_data
VNM,Vietnam,2041,74.89,76.29,73.49,0,trend_extrapolation_from_real_data
VNM,Vietnam,2042,74.91,76.36,73.46,0,trend_extrapolation_from_real_data
VNM,Vietnam,2043,74.93,76.43,73.43,0,trend_extrapolation_from_real_data
VNM,Vietnam,2044,74.94,76.49,73.39,0,trend_extrapolation_from_real_data
VNM,Vietnam,2045,74.96,76.56,73.36,0,trend_extrapolation_from_real_data
VNM,Vietnam,2046,74.98,76.63,73.33,0,trend_extrapolation_from_real_data
VNM,Vietnam,2047,74.99,76.69,73.29,0,trend_extrapolation_from_real_data
VNM,Vietnam,2048,75.01,76.76,73.26,0,trend_extrapolation_from_real_data
VNM,Vietnam,2049,75.03,76.83,73.23,0,trend_extrapolation_from_real_data
VNM,Vietnam,2050,75.04,76.89,73.19,0,trend_extrapolation_from_real_data
VNM,Vietnam,2051,75.06,76.96,73.16,0,trend_extrapolation_from_real_data
VNM,Vietnam,2052,75.08,77.03,73.13,0,trend_extrapolation_from_real_data
VNM,Vietnam,2053,75.1,77.1,73.1,0,trend_extrapolation_from_real_data
VNM,Vietnam,2054,75.11,77.16,73.06,0,trend_extrapolation_from_real_data
VNM,Vietnam,2055,75.13,77.23,73.03,0,trend_extrapolation_from_real_data
VNM,Vietnam,2056,75.15,77.3,73.0,0,trend_extrapolation_from_real_data
VNM,Vietnam,2057,75.16,77.36,72.96,0,trend_extrapolation_from_real_data
VNM,Vietnam,2058,75.18,77.43,72.93,0,trend_extrapolation_from_real_data
VNM,Vietnam,2059,75.2,77.5,72.9,0,trend_extrapolation_from_real_data
VNM,Vietnam,2060,75.21,77.56,72.86,0,trend_extrapolation_from_real_data
VNM,Vietnam,2061,75.23,77.63,72.83,0,trend_extrapolation_from_real_data
VNM,Vietnam,2062,75.25,77.7,72.8,0,trend_extrapolation_from_real_data
VNM,Vietnam,2063,75.26,77.76,72.76,0,trend_extrapolation_from_real_data
VNM,Vietnam,2064,75.28,77.83,72.73,0,trend_extrapolation_from_real_data
VNM,Vietnam,2065,75.3,77.9,72.7,0,trend_extrapolation_from_real_data
VNM,Vietnam,2066,75.32,77.97,72.67,0,trend_extrapolation_from_real_data
VNM,Vietnam,2067,75.33,78.03,72.63,0,trend_extrapolation_from_real_data
VNM,Vietnam,2068,75.35,78.1,72.6,0,trend_extrapolation_from_real_data
VNM,Vietnam,2069,75.37,78.17,72.57,0,trend_extrapolation_from_real_data
VNM,Vietnam,2070,75.38,78.23,72.53,0,trend_extrapolation_from_real_data
VNM,Vietnam,2071,75.4,78.3,72.5,0,trend_extrapolation_from_real_data
VNM,Vietnam,2072,75.42,78.37,72.47,0,trend_extrapolation_from_real_data
VNM,Vietnam,2073,75.43,78.43,72.43,0,trend_extrapolation_from_real_data
VNM,Vietnam,2074,75.45,78.5,72.4,0,trend_extrapolation_from_real_data
VNM,Vietnam,2075,75.47,78.57,72.37,0,trend_extrapolation_from_real_data
VNM,Vietnam,2076,75.48,78.63,72.33,0,trend_extrapolation_from_real_data
VNM,Vietnam,2077,75.5,78.7,72.3,0,trend_extrapolation_from_real_data
VNM,Vietnam,2078,75.52,78.77,72.27,0,trend_extrapolation_from_real_data
VNM,Vietnam,2079,75.53,78.83,72.23,0,trend_extrapolation_from_real_data
VNM,Vietnam,2080,75.55,78.9,72.2,0,trend_extrapolation_from_real_data
VNM,Vietnam,2081,75.57,78.97,72.17,0,trend_extrapolation_from_real_data
VNM,Vietnam,2082,75.59,79.04,72.14,0,trend_extrapolation_from_real_data
VNM,Vietnam,2083,75.6,79.1,72.1,0,trend_extrapolation_from_real_data
VNM,Vietnam,2084,75.62,79.17,72.07,0,trend_extrapolation_from_real_data
VNM,Vietnam,2085,75.64,79.24,72.04,0,trend_extrapolation_from_real_data
VNM,Vietnam,2086,75.65,79.3,72.0,0,trend_extrapolation_from_real_data
VNM,Vietnam,2087,75.67,79.37,71.97,0,trend_extrapolation_from_real_data
VNM,Vietnam,2088,75.69,79.44,71.94,0,trend_extrapolation_from_real_data
VNM,Vietnam,2089,75.7,79.5,71.9,0,trend_extrapolation_from_real_data
VNM,Vietnam,2090,75.72,79.57,71.87,0,trend_extrapolation_from_real_data
VNM,Vietnam,2091,75.74,79.64,71.84,0,trend_extrapolation_from_real_data
VNM,Vietnam,2092,75.75,79.7,71.8,0,trend_extrapolation_from_real_data
VNM,Vietnam,2093,75.77,79.77,71.77,0,trend_extrapolation_from_real_data
VNM,Vietnam,2094,75.79,79.84,71.74,0,trend_extrapolation_from_real_data
VNM,Vietnam,2095,75.81,79.91,71.71,0,trend_extrapolation_from_real_data
VNM,Vietnam,2096,75.82,79.97,71.67,0,trend_extrapolation_from_real_data
VNM,Vietnam,2097,75.84,80.04,71.64,0,trend_extrapolation_from_real_data
VNM,Vietnam,2098,75.86,80.11,71.61,0,trend_extrapolation_from_real_data
VNM,Vietnam,2099,75.87,80.17,71.57,0,trend_extrapolation_from_real_data
VNM,Vietnam,2100,75.89,80.24,71.54,0,trend_extrapolation_from_real_data
ZAF,South Africa,2024,66.35,66.9,65.8,0,trend_extrapolation_from_real_data
ZAF,South Africa,2025,66.56,67.16,65.96,0,trend_extrapolation_from_real_data
ZAF,South Africa,2026,66.77,67.42,66.12,0,trend_extrapolation_from_real_data
ZAF,South Africa,2027,66.99,67.69,66.29,0,trend_extrapolation_from_real_data
ZAF,South Africa,2028,67.2,67.95,66.45,0,trend_extrapolation_from_real_data
ZAF,South Africa,2029,67.41,68.21,66.61,0,trend_extrapolation_from_real_data
ZAF,South Africa,2030,67.62,68.47,66.77,0,trend_extrapolation_from_real_data
ZAF,South Africa,2031,67.83,68.73,66.93,0,trend_extrapolation_from_real_data
ZAF,South Africa,2032,68.05,69.0,67.1,0,trend_extrapolation_from_real_data
ZAF,South Africa,2033,68.26,69.26,67.26,0,trend_extrapolation_from_real_data
ZAF,South Africa,2034,68.47,69.52,67.42,0,trend_extrapolation_from_real_data
ZAF,South Africa,2035,68.68,69.78,67.58,0,trend_extrapolation_from_real_data
ZAF,South Africa,2036,68.89,70.04,67.74,0,trend_extrapolation_from_real_data
ZAF,South Africa,2037,69.11,70.31,67.91,0,trend_extrapolation_from_real_data
ZAF,South Africa,2038,69.32,70.57,68.07,0,trend_extrapolation_from_real_data
ZAF,South Africa,2039,69.53,70.83,68.23,0,trend_extrapolation_from_real_data
ZAF,South Africa,2040,69.74,71.09,68.39,0,trend_extrapolation_from_real_data
ZAF,South Africa,2041,69.95,71.35,68.55,0,trend_extrapolation_from_real_data
ZAF,South Africa,2042,70.17,71.62,68.72,0,trend_extrapolation_from_real_data
ZAF,South Africa,2043,70.38,71.88,68.88,0,trend_extrapolation_from_real_data
ZAF,South Africa,2044,70.59,72.14,69.04,0,trend_extrapolation_from_real_data
ZAF,South Africa,2045,70.8,72.4,69.2,0,trend_extrapolation_from_real_data
ZAF,South Africa,2046,71.01,72.66,69.36,0,trend_extrapolation_from_real_data
ZAF,South Africa,2047,71.22,72.92,69.52,0,trend_extrapolation_from_real_data
ZAF,South Africa,2048,71.44,73.19,69.69,0,trend_extrapolation_from_real_data
ZAF,South Africa,2049,71.65,73.45,69.85,0,trend_extrapolation_from_real_data
ZAF,South Africa,2050,71.86,73.71,70.01,0,trend_extrapolation_from_real_data
ZAF,South Africa,2051,72.07,73.97,70.17,0,trend_extrapolation_from_real_data
ZAF,South Africa,2052,72.28,74.23,70.33,0,trend_extrapolation_from_real_data
ZAF,South Africa,2053,72.5,74.5,70.5,0,trend_extrapolation_from_real_data
ZAF,South Africa,2054,72.71,74.76,70.66,0,trend_extrapolation_from_real_data
ZAF,South Africa,2055,72.92,75.02,70.82,0,trend_extrapolation_from_real_data
ZAF,South Africa,2056,73.13,75.28,70.98,0,trend_extrapolation_from_real_data
ZAF,South Africa,2057,73.34,75.54,71.14,0,trend_extrapolation_from_real_data
ZAF,South Africa,2058,73.56,75.81,71.31,0,trend_extrapolation_from_real_data
ZAF,South Africa,2059,73.77,76.07,71.47,0,trend_extrapolation_from_real_data
ZAF,South Africa,2060,73.98,76.33,71.63,0,trend_extrapolation_from_real_data
ZAF,South Africa,2061,74.19,76.59,71.79,0,trend_extrapolation_from_real_data
ZAF,South Africa,2062,74.4,76.85,71.95,0,trend_extrapolation_from_real_data
ZAF,South Africa,2063,74.61,77.11,72.11,0,trend_extrapolation_from_real_data
ZAF,South Africa,2064,74.83,77.38,72.28,0,trend_extrapolation_from_real_data
ZAF,South Africa,2065,75.04,77.64,72.44,0,trend_extrapolation_from_real_data
ZAF,South Africa,2066,75.25,77.9,72.6,0,trend_extrapolation_from_real_data
ZAF,South Africa,2067,75.46,78.16,72.76,0,trend_extrapolation_from_real_data
ZAF,South Africa,2068,75.67,78.42,72.92,0,trend_extrapolation_from_real_data
ZAF,South Africa,2069,75.89,78.69,73.09,0,trend_extrapolation_from_real_data
ZAF,South Africa,2070,76.1,78.95,73.25,0,trend_extrapolation_from_real_data
ZAF,South Africa,2071,76.31,79.21,73.41,0,trend_extrapolation_from_real_data
ZAF,South Africa,2072,76.52,79.47,73.57,0,trend_extrapolation_from_real_data
ZAF,South Africa,2073,76.73,79.73,73.73,0,trend_extrapolation_from_real_data
ZAF,South Africa,2074,76.95,80.0,73.9,0,trend_extrapolation_from_real_data
ZAF,South Africa,2075,77.16,80.26,74.06,0,trend_extrapolation_from_real_data
ZAF,South Africa,2076,77.37,80.52,74.22,0,trend_extrapolation_from_real_data
ZAF,South Africa,2077,77.58,80.78,74.38,0,trend_extrapolation_from_real_data
ZAF,South Africa,2078,77.79,81.04,74.54,0,trend_extrapolation_from_real_data
ZAF,South Africa,2079,78.01,81.31,74.71,0,trend_extrapolation_from_real_data
ZAF,South Africa,2080,78.22,81.57,74.87,0,trend_extrapolation_from_real_data
ZAF,South Africa,2081,78.43,81.83,75.03,0,trend_extrapolation_from_real_data
ZAF,South Africa,2082,78.64,82.09,75.19,0,trend_extrapolation_from_real_data
ZAF,South Africa,2083,78.85,82.35,75.35,0,trend_extrapolation_from_real_data
ZAF,South Africa,2084,79.06,82.61,75.51,0,trend_extrapolation_from_real_data
ZAF,South Africa,2085,79.28,82.88,75.68,0,trend_extrapolation_from_real_data
ZAF,South Africa,2086,79.49,83.14,75.84,0,trend_extrapolation_from_real_data
ZAF,South Africa,2087,79.7,83.4,76.0,0,trend_extrapolation_from_real_data
ZAF,South Africa,2088,79.91,83.66,76.16,0,trend_extrapolation_from_real_data
ZAF,South Africa,2089,80.12,83.92,76.32,0,trend_extrapolation_from_real_data
ZAF,South Africa,2090,80.34,84.19,76.49,0,trend_extrapolation_from_real_data
ZAF,South Africa,2091,80.55,84.45,76.65,0,trend_extrapolation_from_real_data
ZAF,South Africa,2092,80.76,84.71,76.81,0,trend_extrapolation_from_real_data
ZAF,South Africa,2093,80.97,84.97,76.97,0,trend_extrapolation_from_real_data
ZAF,South Africa,2094,81.18,85.23,77.13,0,trend_extrapolation_from_real_data
ZAF,South Africa,2095,81.4,85.5,77.3,0,trend_extrapolation_from_real_data
ZAF,South Africa,2096,81.61,85.76,77.46,0,trend_extrapolation_from_real_data
ZAF,South Africa,2097,81.82,86.02,77.62,0,trend_extrapolation_from_real_data
ZAF,South Africa,2098,82.03,86.28,77.78,0,trend_extrapolation_from_real_data
ZAF,South Africa,2099,82.24,86.54,77.94,0,trend_extrapolation_from_real_data
ZAF,South Africa,2100,82.46,86.81,78.11,0,trend_extrapolation_from_real_data
ZMB,Zambia,2024,66.58,67.13,66.03,0,trend_extrapolation_from_real_data
ZMB,Zambia,2025,66.81,67.41,66.21,0,trend_extrapolation_from_real_data
ZMB,Zambia,2026,67.05,67.7,66.4,0,trend_extrapolation_from_real_data
ZMB,Zambia,2027,67.28,67.98,66.58,0,trend_extrapolation_from_real_data
ZMB,Zambia,2028,67.51,68.26,66.76,0,trend_extrapolation_from_real_data
ZMB,Zambia,2029,67.75,68.55,66.95,0,trend_extrapolation_from_real_data
ZMB,Zambia,2030,67.98,68.83,67.13,0,trend_extrapolation_from_real_data
ZMB,Zambia,2031,68.21,69.11,67.31,0,trend_extrapolation_from_real_data
ZMB,Zambia,2032,68.45,69.4,67.5,0,trend_extrapolation_from_real_data
ZMB,Zambia,2033,68.68,69.68,67.68,0,trend_extrapolation_from_real_data
ZMB,Zambia,2034,68.91,69.96,67.86,0,trend_extrapolation_from_real_data
ZMB,Zambia,2035,69.14,70.24,68.04,0,trend_extrapolation_from_real_data
ZMB,Zambia,2036,69.38,70.53,68.23,0,trend_extrapolation_from_real_data
ZMB,Zambia,2037,69.61,70.81,68.41,0,trend_extrapolation_from_real_data
ZMB,Zambia,2038,69.84,71.09,68.59,0,trend_extrapolation_from_real_data
ZMB,Zambia,2039,70.08,71.38,68.78,0,trend_extrapolation_from_real_data
ZMB,Zambia,2040,70.31,71.66,68.96,0,trend_extrapolation_from_real_data
ZMB,Zambia,2041,70.54,71.94,69.14,0,trend_extrapolation_from_real_data
ZMB,Zambia,2042,70.78,72.23,69.33,0,trend_extrapolation_from_real_data
ZMB,Zambia,2043,71.01,72.51,69.51,0,trend_extrapolation_from_real_data
ZMB,Zambia,2044,71.24,72.79,69.69,0,trend_extrapolation_from_real_data
ZMB,Zambia,2045,71.47,73.07,69.87,0,trend_extrapolation_from_real_data
ZMB,Zambia,2046,71.71,73.36,70.06,0,trend_extrapolation_from_real_data
ZMB,Zambia,2047,71.94,73.64,70.24,0,trend_extrapolation_from_real_data
ZMB,Zambia,2048,72.17,73.92,70.42,0,trend_extrapolation_from_real_data
ZMB,Zambia,2049,72.41,74.21,70.61,0,trend_extrapolation_from_real_data
ZMB,Zambia,2050,72.64,74.49,70.79,0,trend_extrapolation_from_real_data
ZMB,Zambia,2051,72.87,74.77,70.97,0,trend_extrapolation_from_real_data
ZMB,Zambia,2052,73.11,75.06,71.16,0,trend_extrapolation_from_real_data
ZMB,Zambia,2053,73.34,75.34,71.34,0,trend_extrapolation_from_real_data
ZMB,Zambia,2054,73.57,75.62,71.52,0,trend_extrapolation_from_real_data
ZMB,Zambia,2055,73.8,75.9,71.7,0,trend_extrapolation_from_real_data
ZMB,Zambia,2056,74.04,76.19,71.89,0,trend_extrapolation_from_real_data
ZMB,Zambia,2057,74.27,76.47,72.07,0,trend_extrapolation_from_real_data
ZMB,Zambia,2058,74.5,76.75,72.25,0,trend_extrapolation_from_real_data
ZMB,Zambia,2059,74.74,77.04,72.44,0,trend_extrapolation_from_real_data
ZMB,Zambia,2060,74.97,77.32,72.62,0,trend_extrapolation_from_real_data
ZMB,Zambia,2061,75.2,77.6,72.8,0,trend_extrapolation_from_real_data
ZMB,Zambia,2062,75.44,77.89,72.99,0,trend_extrapolation_from_real_data
ZMB,Zambia,2063,75.67,78.17,73.17,0,trend_extrapolation_from_real_data
ZMB,Zambia,2064,75.9,78.45,73.35,0,trend_extrapolation_from_real_data
ZMB,Zambia,2065,76.13,78.73,73.53,0,trend_extrapolation_from_real_data
ZMB,Zambia,2066,76.37,79.02,73.72,0,trend_extrapolation_from_real_data
ZMB,Zambia,2067,76.6,79.3,73.9,0,trend_extrapolation_from_real_data
ZMB,Zambia,2068,76.83,79.58,74.08,0,trend_extrapolation_from_real_data
ZMB,Zambia,2069,77.07,79.87,74.27,0,trend_extrapolation_from_real_data
ZMB,Zambia,2070,77.3,80.15,74.45,0,trend_extrapolation_from_real_data
ZMB,Zambia,2071,77.53,80.43,74.63,0,trend_extrapolation_from_real_data
ZMB,Zambia,2072,77.77,80.72,74.82,0,trend_extrapolation_from_real_data
ZMB,Zambia,2073,78.0,81.0,75.0,0,trend_extrapolation_from_real_data
ZMB,Zambia,2074,78.23,81.28,75.18,0,trend_extrapolation_from_real_data
ZMB,Zambia,2075,78.46,81.56,75.36,0,trend_extrapolation_from_real_data
ZMB,Zambia,2076,78.7,81.85,75.55,0,trend_extrapolation_from_real_data
ZMB,Zambia,2077,78.93,82.13,75.73,0,trend_extrapolation_from_real_data
ZMB,Zambia,2078,79.16,82.41,75.91,0,trend_extrapolation_from_real_data
ZMB,Zambia,2079,79.4,82.7,76.1,0,trend_extrapolation_from_real_data
ZMB,Zambia,2080,79.63,82.98,76.28,0,trend_extrapolation_from_real_data
ZMB,Zambia,2081,79.86,83.26,76.46,0,trend_extrapolation_from_real_data
ZMB,Zambia,2082,80.1,83.55,76.65,0,trend_extrapolation_from_real_data
ZMB,Zambia,2083,80.33,83.83,76.83,0,trend_extrapolation_from_real_data
ZMB,Zambia,2084,80.56,84.11,77.01,0,trend_extrapolation_from_real_data
ZMB,Zambia,2085,80.79,84.39,77.19,0,trend_extrapolation_from_real_data
ZMB,Zambia,2086,81.03,84.68,77.38,0,trend_extrapolation_from_real_data
ZMB,Zambia,2087,81.26,84.96,77.56,0,trend_extrapolation_from_real_data
ZMB,Zambia,2088,81.49,85.24,77.74,0,trend_extrapolation_from_real_data
ZMB,Zambia,2089,81.73,85.53,77.93,0,trend_extrapolation_from_real_data
ZMB,Zambia,2090,81.96,85.81,78.11,0,trend_extrapolation_from_real_data
ZMB,Zambia,2091,82.19,86.09,78.29,0,trend_extrapolation_from_real_data
ZMB,Zambia,2092,82.43,86.38,78.48,0,trend_extrapolation_from_real_data
ZMB,Zambia,2093,82.66,86.66,78.66,0,trend_extrapolation_from_real_data
ZMB,Zambia,2094,82.89,86.94,78.84,0,trend_extrapolation_from_real_data
ZMB,Zambia,2095,83.12,87.22,79.02,0,trend_extrapolation_from_real_data
ZMB,Zambia,2096,83.36,87.51,79.21,0,trend_extrapolation_from_real_data
ZMB,Zambia,2097,83.59,87.79,79.39,0,trend_extrapolation_from_real_data
ZMB,Zambia,2098,83.82,88.07,79.57,0,trend_extrapolation_from_real_data
ZMB,Zambia,2099,84.06,88.36,79.76,0,trend_extrapolation_from_real_data
ZMB,Zambia,2100,84.29,88.64,79.94,0,trend_extrapolation_from_real_data
ZWE,Zimbabwe,2024,63.11,63.66,62.56,0,trend_extrapolation_from_real_data
ZWE,Zimbabwe,2025,63.44,64.04,62.84,0,trend_extrapolation_from_real_data
ZWE,Zimbabwe,2026,63.77,64.42,63.12,0,trend_extrapolation_from_real_data
ZWE,Zimbabwe,2027,64.1,64.8,63.4,0,trend_extrapolation_from_real_data
ZWE,Zimbabwe,2028,64.43,65.18,63.68,0,trend_extrapolation_from_real_data
ZWE,Zimbabwe,2029,64.76,65.56,63.96,0,trend_extrapolation_from_real_data
ZWE,Zimbabwe,2030,65.09,65.94,64.24,0,trend_extrapolation_from_real_data
ZWE,Zimbabwe,2031,65.43,66.33,64.53,0,trend_extrapolation_from_real_data
ZWE,Zimbabwe,2032,65.76,66.71,64.81,0,trend_extrapolation_from_real_data
ZWE,Zimbabwe,2033,66.09,67.09,65.09,0,trend_extrapolation_from_real_data
ZWE,Zimbabwe,2034,66.42,67.47,65.37,0,trend_extrapolation_from_real_data
ZWE,Zimbabwe,2035,66.75,67.85,65.65,0,trend_extrapolation_from_real_data
ZWE,Zimbabwe,2036,67.08,68.23,65.93,0,trend_extrapolation_from_real_data
ZWE,Zimbabwe,2037,67.41,68.61,66.21,0,trend_extrapolation_from_real_data
ZWE,Zimbabwe,2038,67.75,69.0,66.5,0,trend_extrapolation_from_real_data
ZWE,Zimbabwe,2039,68.08,69.38,66.78,0,trend_extrapolation_from_real_data
ZWE,Zimbabwe,2040,68.41,69.76,67.06,0,trend_extrapolation_from_real_data
ZWE,Zimbabwe,2041,68.74,70.14,67.34,0,trend_extrapolation_from_real_data
ZWE,Zimbabwe,2042,69.07,70.52,67.62,0,trend_extrapolation_from_real_data
ZWE,Zimbabwe,2043,69.4,70.9,67.9,0,trend_extrapolation_from_real_data
ZWE,Zimbabwe,2044,69.73,71.28,68.18,0,trend_extrapolation_from_real_data
ZWE,Zimbabwe,2045,70.07,71.67,68.47,0,trend_extrapolation_from_real_data
ZWE,Zimbabwe,2046,70.4,72.05,68.75,0,trend_extrapolation_from_real_data
ZWE,Zimbabwe,2047,70.73,72.43,69.03,0,trend_extrapolation_from_real_data
ZWE,Zimbabwe,2048,71.06,72.81,69.31,0,trend_extrapolation_from_real_data
ZWE,Zimbabwe,2049,71.39,73.19,69.59,0,trend_extrapolation_from_real_data
ZWE,Zimbabwe,2050,71.72,73.57,69.87,0,trend_extrapolation_from_real_data
ZWE,Zimbabwe,2051,72.05,73.95,70.15,0,trend_extrapolation_from_real_data
ZWE,Zimbabwe,2052,72.39,74.34,70.44,0,trend_extrapolation_from_real_data
ZWE,Zimbabwe,2053,72.72,74.72,70.72,0,trend_extrapolation_from_real_data
ZWE,Zimbabwe,2054,73.05,75.1,71.0,0,trend_extrapolation_from_real_data
ZWE,Zimbabwe,2055,73.38,75.48,71.28,0,trend_extrapolation_from_real_data
ZWE,Zimbabwe,2056,73.71,75.86,71.56,0,trend_extrapolation_from_real_data
ZWE,Zimbabwe,2057,74.04,76.24,71.84,0,trend_extrapolation_from_real_data
ZWE,Zimbabwe,2058,74.37,76.62,72.12,0,trend_extrapolation_from_real_data
ZWE,Zimbabwe,2059,74.71,77.01,72.41,0,trend_extrapolation_from_real_data
ZWE,Zimbabwe,2060,75.04,77.39,72.69,0,trend_extrapolation_from_real_data
ZWE,Zimbabwe,2061,75.37,77.77,72.97,0,trend_extrapolation_from_real_data
ZWE,Zimbabwe,2062,75.7,78.15,73.25,0,trend_extrapolation_from_real_data
ZWE,Zimbabwe,2063,76.03,78.53,73.53,0,trend_extrapolation_from_real_data
ZWE,Zimbabwe,2064,76.36,78.91,73.81,0,trend_extrapolation_from_real_data
ZWE,Zimbabwe,2065,76.69,79.29,74.09,0,trend_extrapolation_from_real_data
ZWE,Zimbabwe,2066,77.03,79.68,74.38,0,trend_extrapolation_from_real_data
ZWE,Zimbabwe,2067,77.36,80.06,74.66,0,trend_extrapolation_from_real_data
ZWE,Zimbabwe,2068,77.69,80.44,74.94,0,trend_extrapolation_from_real_data
ZWE,Zimbabwe,2069,78.02,80.82,75.22,0,trend_extrapolation_from_real_data
ZWE,Zimbabwe,2070,78.35,81.2,75.5,0,trend_extrapolation_from_real_data
ZWE,Zimbabwe,2071,78.68,81.58,75.78,0,trend_extrapolation_from_real_data
ZWE,Zimbabwe,2072,79.01,81.96,76.06,0,trend_extrapolation_from_real_data
ZWE,Zimbabwe,2073,79.35,82.35,76.35,0,trend_extrapolation_from_real_data
ZWE,Zimbabwe,2074,79.68,82.73,76.63,0,trend_extrapolation_from_real_data
ZWE,Zimbabwe,2075,80.01,83.11,76.91,0,trend_extrapolation_from_real_data
ZWE,Zimbabwe,2076,80.34,83.49,77.19,0,trend_extrapolation_from_real_data
ZWE,Zimbabwe,2077,80.67,83.87,77.47,0,trend_extrapolation_from_real_data
ZWE,Zimbabwe,2078,81.0,84.25,77.75,0,trend_extrapolation_from_real_data
ZWE,Zimbabwe,2079,81.33,84.63,78.03,0,trend_extrapolation_from_real_data
ZWE,Zimbabwe,2080,81.67,85.02,78.32,0,trend_extrapolation_from_real_data
ZWE,Zimbabwe,2081,82.0,85.4,78.6,0,trend_extrapolation_from_real_data
ZWE,Zimbabwe,2082,82.33,85.78,78.88,0,trend_extrapolation_from_real_data
ZWE,Zimbabwe,2083,82.66,86.16,79.16,0,trend_extrapolation_from_real_data
ZWE,Zimbabwe,2084,82.99,86.54,79.44,0,trend_extrapolation_from_real_data
ZWE,Zimbabwe,2085,83.32,86.92,79.72,0,trend_extrapolation_from_real_data
ZWE,Zimbabwe,2086,83.65,87.3,80.0,0,trend_extrapolation_from_real_data
ZWE,Zimbabwe,2087,83.99,87.69,80.29,0,trend_extrapolation_from_real_data
ZWE,Zimbabwe,2088,84.32,88.07,80.57,0,trend_extrapolation_from_real_data
ZWE,Zimbabwe,2089,84.65,88.45,80.85,0,trend_extrapolation_from_real_data
ZWE,Zimbabwe,2090,84.98,88.83,81.13,0,trend_extrapolation_from_real_data
ZWE,Zimbabwe,2091,85.31,89.21,81.41,0,trend_extrapolation_from_real_data
ZWE,Zimbabwe,2092,85.64,89.59,81.69,0,trend_extrapolation_from_real_data
ZWE,Zimbabwe,2093,85.97,89.97,81.97,0,trend_extrapolation_from_real_data
ZWE,Zimbabwe,2094,86.31,90.36,82.26,0,trend_extrapolation_from_real_data
ZWE,Zimbabwe,2095,86.64,90.74,82.54,0,trend_extrapolation_from_real_data
ZWE,Zimbabwe,2096,86.97,91.12,82.82,0,trend_extrapolation_from_real_data
ZWE,Zimbabwe,2097,87.3,91.5,83.1,0,trend_extrapolation_from_real_data
ZWE,Zimbabwe,2098,87.63,91.88,83.38,0,trend_extrapolation_from_real_data
ZWE,Zimbabwe,2099,87.96,92.26,83.66,0,trend_extrapolation_from_real_data
ZWE,Zimbabwe,2100,88.29,92.64,83.94,0,trend_extrapolation_from_real_data
